-8000.000000,-178.727640
-7996.093750,-117.749238
-7992.187500,-111.920874
-7988.281250,-109.226399
-7984.375000,-101.034817
-7980.468750,-102.952349
-7976.562500,-100.814866
-7972.656250,-95.244242
-7968.750000,-99.214273
-7964.843750,-102.872215
-7960.937500,-102.363464
-7957.031250,-95.566945
-7953.125000,-104.864445
-7949.218750,-95.410267
-7945.312500,-93.626415
-7941.406250,-92.391962
-7937.500000,-92.368336
-7933.593750,-93.372382
-7929.687500,-95.659389
-7925.781250,-110.533536
-7921.875000,-105.774327
-7917.968750,-95.583659
-7914.062500,-87.725693
-7910.156250,-86.129201
-7906.250000,-86.831155
-7902.343750,-87.920540
-7898.437500,-89.645621
-7894.531250,-104.242457
-7890.625000,-96.147302
-7886.718750,-87.603030
-7882.812500,-81.148843
-7878.906250,-83.452119
-7875.000000,-82.135431
-7871.093750,-88.057776
-7867.187500,-85.240083
-7863.281250,-84.535574
-7859.375000,-93.975578
-7855.468750,-95.663161
-7851.562500,-87.523804
-7847.656250,-83.500189
-7843.750000,-80.705826
-7839.843750,-91.689503
-7835.937500,-96.797335
-7832.031250,-82.375830
-7828.125000,-79.244784
-7824.218750,-89.290295
-7820.312500,-90.738102
-7816.406250,-85.603865
-7812.500000,-83.996174
-7808.593750,-82.852707
-7804.687500,-85.036928
-7800.781250,-83.455409
-7796.875000,-79.676419
-7792.968750,-86.113135
-7789.062500,-88.691605
-7785.156250,-82.533445
-7781.250000,-82.647680
-7777.343750,-82.217302
-7773.437500,-82.184554
-7769.531250,-84.990978
-7765.625000,-78.505215
-7761.718750,-79.347930
-7757.812500,-81.105525
-7753.906250,-80.352824
-7750.000000,-80.592263
-7746.093750,-84.420069
-7742.187500,-82.018096
-7738.281250,-87.623454
-7734.375000,-91.009989
-7730.468750,-82.552795
-7726.562500,-84.243291
-7722.656250,-84.867621
-7718.750000,-96.524478
-7714.843750,-83.803689
-7710.937500,-83.405197
-7707.031250,-87.814079
-7703.125000,-83.656872
-7699.218750,-75.980161
-7695.312500,-75.277731
-7691.406250,-76.297773
-7687.500000,-82.917411
-7683.593750,-93.306164
-7679.687500,-84.522189
-7675.781250,-76.215858
-7671.875000,-74.384342
-7667.968750,-74.133605
-7664.062500,-78.507459
-7660.156250,-83.583804
-7656.250000,-88.320326
-7652.343750,-78.486843
-7648.437500,-80.446120
-7644.531250,-82.058064
-7640.625000,-76.200966
-7636.718750,-89.495215
-7632.812500,-77.325492
-7628.906250,-81.749886
-7625.000000,-77.875207
-7621.093750,-77.607460
-7617.187500,-89.922896
-7613.281250,-83.887681
-7609.375000,-77.649624
-7605.468750,-75.336377
-7601.562500,-77.721316
-7597.656250,-85.882280
-7593.750000,-77.788961
-7589.843750,-80.015034
-7585.937500,-77.535267
-7582.031250,-76.780953
-7578.125000,-83.234636
-7574.218750,-77.471223
-7570.312500,-76.588653
-7566.406250,-77.450044
-7562.500000,-79.634513
-7558.593750,-84.613831
-7554.687500,-86.827372
-7550.781250,-83.014213
-7546.875000,-99.219304
-7542.968750,-83.768014
-7539.062500,-85.657240
-7535.156250,-71.963955
-7531.250000,-74.506633
-7527.343750,-90.357959
-7523.437500,-78.366363
-7519.531250,-77.946578
-7515.625000,-91.643759
-7511.718750,-77.781581
-7507.812500,-77.853837
-7503.906250,-83.709737
-7500.000000,-89.463442
-7496.093750,-76.630490
-7492.187500,-72.397492
-7488.281250,-71.174687
-7484.375000,-71.878222
-7480.468750,-76.403818
-7476.562500,-75.760899
-7472.656250,-71.702864
-7468.750000,-72.288970
-7464.843750,-77.167287
-7460.937500,-84.566495
-7457.031250,-78.894927
-7453.125000,-70.334827
-7449.218750,-70.344327
-7445.312500,-72.315140
-7441.406250,-76.430109
-7437.500000,-74.554091
-7433.593750,-71.901570
-7429.687500,-71.431912
-7425.781250,-76.632402
-7421.875000,-80.137687
-7417.968750,-81.430320
-7414.062500,-71.712476
-7410.156250,-70.476372
-7406.250000,-73.529320
-7402.343750,-69.486202
-7398.437500,-69.446370
-7394.531250,-71.043538
-7390.625000,-73.704690
-7386.718750,-87.101291
-7382.812500,-71.594687
-7378.906250,-71.017828
-7375.000000,-84.282447
-7371.093750,-77.337991
-7367.187500,-82.089875
-7363.281250,-72.496880
-7359.375000,-68.016493
-7355.468750,-69.510343
-7351.562500,-84.977859
-7347.656250,-77.309062
-7343.750000,-77.700143
-7339.843750,-72.008298
-7335.937500,-73.470455
-7332.031250,-74.696915
-7328.125000,-68.397239
-7324.218750,-79.213811
-7320.312500,-72.162547
-7316.406250,-75.572701
-7312.500000,-77.024253
-7308.593750,-72.002166
-7304.687500,-73.933351
-7300.781250,-74.819145
-7296.875000,-69.286290
-7292.968750,-72.459853
-7289.062500,-80.520256
-7285.156250,-74.760556
-7281.250000,-73.216613
-7277.343750,-90.631545
-7273.437500,-78.144363
-7269.531250,-75.329604
-7265.625000,-79.987565
-7261.718750,-80.513483
-7257.812500,-72.645844
-7253.906250,-73.779332
-7250.000000,-74.516740
-7246.093750,-69.934436
-7242.187500,-64.028543
-7238.281250,-62.755873
-7234.375000,-67.720026
-7230.468750,-88.503112
-7226.562500,-75.773617
-7222.656250,-74.362972
-7218.750000,-76.625839
-7214.843750,-67.337223
-7210.937500,-65.551171
-7207.031250,-69.269477
-7203.125000,-75.256712
-7199.218750,-75.007004
-7195.312500,-69.567443
-7191.406250,-66.667537
-7187.500000,-67.754798
-7183.593750,-75.006819
-7179.687500,-85.702161
-7175.781250,-74.990244
-7171.875000,-69.076264
-7167.968750,-63.510987
-7164.062500,-67.841685
-7160.156250,-107.381901
-7156.250000,-79.591353
-7152.343750,-79.917455
-7148.437500,-76.506073
-7144.531250,-71.135185
-7140.625000,-69.123670
-7136.718750,-74.364955
-7132.812500,-71.687166
-7128.906250,-69.310423
-7125.000000,-73.042116
-7121.093750,-89.856569
-7117.187500,-72.625803
-7113.281250,-71.220873
-7109.375000,-68.328522
-7105.468750,-70.938435
-7101.562500,-80.326824
-7097.656250,-72.640259
-7093.750000,-71.541743
-7089.843750,-77.698364
-7085.937500,-73.194423
-7082.031250,-73.498220
-7078.125000,-74.877634
-7074.218750,-76.030827
-7070.312500,-70.808179
-7066.406250,-70.751134
-7062.500000,-78.821383
-7058.593750,-77.272944
-7054.687500,-90.697144
-7050.781250,-78.250414
-7046.875000,-71.974216
-7042.968750,-72.056381
-7039.062500,-71.202581
-7035.156250,-69.740247
-7031.250000,-72.482056
-7027.343750,-70.882318
-7023.437500,-68.475359
-7019.531250,-68.747404
-7015.625000,-72.021722
-7011.718750,-81.914357
-7007.812500,-77.775129
-7003.906250,-75.066168
-7000.000000,-82.658507
-6996.093750,-94.268523
-6992.187500,-76.460692
-6988.281250,-74.541086
-6984.375000,-75.000610
-6980.468750,-81.227654
-6976.562500,-91.631800
-6972.656250,-92.674558
-6968.750000,-73.231453
-6964.843750,-68.023938
-6960.937500,-68.587680
-6957.031250,-75.915982
-6953.125000,-81.813485
-6949.218750,-74.376190
-6945.312500,-70.724819
-6941.406250,-71.191123
-6937.500000,-72.971928
-6933.593750,-75.833148
-6929.687500,-79.744417
-6925.781250,-69.576459
-6921.875000,-74.406747
-6917.968750,-84.859592
-6914.062500,-74.871233
-6910.156250,-70.793087
-6906.250000,-99.173319
-6902.343750,-79.621978
-6898.437500,-71.711779
-6894.531250,-71.960809
-6890.625000,-78.177751
-6886.718750,-80.559696
-6882.812500,-74.273631
-6878.906250,-74.506115
-6875.000000,-80.535589
-6871.093750,-78.101768
-6867.187500,-76.801693
-6863.281250,-70.267306
-6859.375000,-69.967850
-6855.468750,-80.506282
-6851.562500,-74.607315
-6847.656250,-78.193036
-6843.750000,-78.077659
-6839.843750,-81.222040
-6835.937500,-79.740766
-6832.031250,-79.074207
-6828.125000,-83.525689
-6824.218750,-73.801769
-6820.312500,-83.258388
-6816.406250,-70.578675
-6812.500000,-80.550404
-6808.593750,-74.985567
-6804.687500,-79.957146
-6800.781250,-79.609213
-6796.875000,-74.999721
-6792.968750,-72.151698
-6789.062500,-69.110085
-6785.156250,-68.599655
-6781.250000,-72.936163
-6777.343750,-71.830300
-6773.437500,-71.688411
-6769.531250,-72.871091
-6765.625000,-76.989405
-6761.718750,-86.562229
-6757.812500,-72.261878
-6753.906250,-72.134922
-6750.000000,-79.673557
-6746.093750,-77.614412
-6742.187500,-76.904183
-6738.281250,-85.741715
-6734.375000,-97.768459
-6730.468750,-75.702096
-6726.562500,-77.141270
-6722.656250,-81.344212
-6718.750000,-78.247715
-6714.843750,-83.272991
-6710.937500,-94.283206
-6707.031250,-77.174941
-6703.125000,-74.018150
-6699.218750,-94.496362
-6695.312500,-75.465507
-6691.406250,-80.741463
-6687.500000,-80.492418
-6683.593750,-79.155590
-6679.687500,-78.777104
-6675.781250,-99.974238
-6671.875000,-82.452940
-6667.968750,-80.995124
-6664.062500,-74.814262
-6660.156250,-79.547761
-6656.250000,-84.193270
-6652.343750,-79.065933
-6648.437500,-88.689616
-6644.531250,-79.158645
-6640.625000,-87.184217
-6636.718750,-75.511850
-6632.812500,-72.369445
-6628.906250,-74.151758
-6625.000000,-76.217081
-6621.093750,-79.010471
-6617.187500,-79.319413
-6613.281250,-81.577098
-6609.375000,-89.356565
-6605.468750,-86.373757
-6601.562500,-79.323902
-6597.656250,-82.228441
-6593.750000,-84.190598
-6589.843750,-79.763473
-6585.937500,-75.995129
-6582.031250,-75.639027
-6578.125000,-78.593377
-6574.218750,-79.985491
-6570.312500,-82.611141
-6566.406250,-78.429821
-6562.500000,-81.222643
-6558.593750,-88.421415
-6554.687500,-85.417686
-6550.781250,-80.965905
-6546.875000,-84.202590
-6542.968750,-88.919401
-6539.062500,-85.105541
-6535.156250,-82.146528
-6531.250000,-83.434041
-6527.343750,-85.698671
-6523.437500,-88.801543
-6519.531250,-93.277538
-6515.625000,-87.038098
-6511.718750,-85.678607
-6507.812500,-86.179765
-6503.906250,-97.218700
-6500.000000,-97.643352
-6496.093750,-91.284258
-6492.187500,-82.977773
-6488.281250,-86.643425
-6484.375000,-82.675355
-6480.468750,-81.090831
-6476.562500,-82.358057
-6472.656250,-83.010412
-6468.750000,-88.742565
-6464.843750,-95.942756
-6460.937500,-90.473787
-6457.031250,-89.716111
-6453.125000,-96.691856
-6449.218750,-88.001721
-6445.312500,-87.589048
-6441.406250,-95.482455
-6437.500000,-92.351737
-6433.593750,-103.037085
-6429.687500,-98.566385
-6425.781250,-107.286006
-6421.875000,-102.483663
-6417.968750,-102.487754
-6414.062500,-103.836668
-6410.156250,-106.271499
-6406.250000,-116.103216
-6402.343750,-133.589525
-6398.437500,-130.876970
-6394.531250,-117.883632
-6390.625000,-105.869073
-6386.718750,-102.442609
-6382.812500,-99.492858
-6378.906250,-96.736585
-6375.000000,-95.197703
-6371.093750,-94.183206
-6367.187500,-94.120453
-6363.281250,-96.917913
-6359.375000,-96.204132
-6355.468750,-98.427222
-6351.562500,-96.626389
-6347.656250,-134.283028
-6343.750000,-94.201691
-6339.843750,-91.113198
-6335.937500,-93.324677
-6332.031250,-89.485276
-6328.125000,-86.917447
-6324.218750,-92.483380
-6320.312500,-94.911412
-6316.406250,-85.155370
-6312.500000,-87.115184
-6308.593750,-93.794620
-6304.687500,-83.914337
-6300.781250,-83.020104
-6296.875000,-83.120885
-6292.968750,-85.222661
-6289.062500,-88.384205
-6285.156250,-92.021599
-6281.250000,-81.248181
-6277.343750,-86.626403
-6273.437500,-90.076660
-6269.531250,-87.815482
-6265.625000,-97.826794
-6261.718750,-86.763199
-6257.812500,-85.901999
-6253.906250,-90.570373
-6250.000000,-87.076859
-6246.093750,-79.573891
-6242.187500,-79.772231
-6238.281250,-76.989220
-6234.375000,-78.946650
-6230.468750,-90.083391
-6226.562500,-82.200769
-6222.656250,-80.819240
-6218.750000,-81.138951
-6214.843750,-77.913281
-6210.937500,-76.848295
-6207.031250,-75.756916
-6203.125000,-71.742118
-6199.218750,-72.850571
-6195.312500,-75.581196
-6191.406250,-78.859911
-6187.500000,-81.829981
-6183.593750,-76.573514
-6179.687500,-74.535038
-6175.781250,-74.341117
-6171.875000,-82.294154
-6167.968750,-85.073543
-6164.062500,-78.486758
-6160.156250,-75.523012
-6156.250000,-76.403685
-6152.343750,-74.875525
-6148.437500,-75.713910
-6144.531250,-82.385911
-6140.625000,-79.080618
-6136.718750,-77.957044
-6132.812500,-77.507468
-6128.906250,-73.818647
-6125.000000,-71.328830
-6121.093750,-74.749306
-6117.187500,-77.796607
-6113.281250,-88.217900
-6109.375000,-85.696148
-6105.468750,-77.292595
-6101.562500,-73.711836
-6097.656250,-79.062025
-6093.750000,-83.355226
-6089.843750,-93.419085
-6085.937500,-85.575648
-6082.031250,-82.602231
-6078.125000,-76.332733
-6074.218750,-74.672410
-6070.312500,-82.083739
-6066.406250,-73.090451
-6062.500000,-80.728968
-6058.593750,-73.607946
-6054.687500,-80.751882
-6050.781250,-79.381026
-6046.875000,-74.514580
-6042.968750,-82.043675
-6039.062500,-68.142490
-6035.156250,-67.938157
-6031.250000,-72.137929
-6027.343750,-86.956508
-6023.437500,-69.950273
-6019.531250,-68.500741
-6015.625000,-75.094319
-6011.718750,-69.917289
-6007.812500,-67.838904
-6003.906250,-78.367724
-6000.000000,-80.373217
-5996.093750,-88.394135
-5992.187500,-74.407232
-5988.281250,-74.850431
-5984.375000,-70.210885
-5980.468750,-73.570942
-5976.562500,-75.428855
-5972.656250,-70.793165
-5968.750000,-69.177459
-5964.843750,-76.016942
-5960.937500,-76.032180
-5957.031250,-70.109088
-5953.125000,-72.711028
-5949.218750,-78.094662
-5945.312500,-76.518142
-5941.406250,-77.656314
-5937.500000,-74.715939
-5933.593750,-68.456850
-5929.687500,-65.578190
-5925.781250,-68.339568
-5921.875000,-69.749074
-5917.968750,-71.333980
-5914.062500,-81.991116
-5910.156250,-71.945441
-5906.250000,-75.163083
-5902.343750,-69.851565
-5898.437500,-69.687783
-5894.531250,-69.782354
-5890.625000,-77.162529
-5886.718750,-75.589711
-5882.812500,-73.397187
-5878.906250,-75.237739
-5875.000000,-70.826950
-5871.093750,-70.293005
-5867.187500,-68.954715
-5863.281250,-82.186862
-5859.375000,-75.609660
-5855.468750,-72.801296
-5851.562500,-80.508773
-5847.656250,-66.009463
-5843.750000,-65.378762
-5839.843750,-72.790131
-5835.937500,-73.165300
-5832.031250,-70.176183
-5828.125000,-66.044963
-5824.218750,-74.628193
-5820.312500,-72.672734
-5816.406250,-75.643800
-5812.500000,-73.627604
-5808.593750,-72.745479
-5804.687500,-73.439452
-5800.781250,-71.066170
-5796.875000,-67.056748
-5792.968750,-74.482441
-5789.062500,-76.671327
-5785.156250,-71.562733
-5781.250000,-67.072236
-5777.343750,-63.529953
-5773.437500,-65.126353
-5769.531250,-68.441822
-5765.625000,-73.058180
-5761.718750,-66.503089
-5757.812500,-65.181508
-5753.906250,-69.547811
-5750.000000,-77.960171
-5746.093750,-77.045975
-5742.187500,-74.907350
-5738.281250,-74.313089
-5734.375000,-67.358814
-5730.468750,-73.031033
-5726.562500,-80.107058
-5722.656250,-67.744776
-5718.750000,-73.860870
-5714.843750,-70.728405
-5710.937500,-65.215662
-5707.031250,-72.394511
-5703.125000,-61.962845
-5699.218750,-58.829353
-5695.312500,-62.328655
-5691.406250,-76.275326
-5687.500000,-69.371107
-5683.593750,-71.575731
-5679.687500,-76.388641
-5675.781250,-72.250814
-5671.875000,-71.611156
-5667.968750,-71.949553
-5664.062500,-71.081819
-5660.156250,-71.356718
-5656.250000,-89.911978
-5652.343750,-70.465431
-5648.437500,-65.626256
-5644.531250,-69.740625
-5640.625000,-69.672139
-5636.718750,-74.175322
-5632.812500,-69.545776
-5628.906250,-63.258376
-5625.000000,-64.565809
-5621.093750,-69.600867
-5617.187500,-68.010633
-5613.281250,-72.840579
-5609.375000,-84.519063
-5605.468750,-68.753741
-5601.562500,-75.691296
-5597.656250,-65.221895
-5593.750000,-66.574749
-5589.843750,-65.492063
-5585.937500,-64.056748
-5582.031250,-77.382847
-5578.125000,-65.114322
-5574.218750,-83.697316
-5570.312500,-68.139109
-5566.406250,-79.191684
-5562.500000,-70.969424
-5558.593750,-71.309203
-5554.687500,-71.709068
-5550.781250,-67.807461
-5546.875000,-71.073437
-5542.968750,-69.584221
-5539.062500,-63.206536
-5535.156250,-67.833364
-5531.250000,-65.370294
-5527.343750,-63.280507
-5523.437500,-62.666484
-5519.531250,-59.395445
-5515.625000,-58.675859
-5511.718750,-74.849524
-5507.812500,-66.661394
-5503.906250,-61.714691
-5500.000000,-60.040272
-5496.093750,-65.688707
-5492.187500,-72.214645
-5488.281250,-68.640225
-5484.375000,-74.347382
-5480.468750,-59.975344
-5476.562500,-61.695543
-5472.656250,-71.660258
-5468.750000,-63.313894
-5464.843750,-64.281386
-5460.937500,-67.177567
-5457.031250,-67.569422
-5453.125000,-59.975288
-5449.218750,-59.934461
-5445.312500,-68.617658
-5441.406250,-79.992993
-5437.500000,-66.147591
-5433.593750,-60.683824
-5429.687500,-62.047926
-5425.781250,-69.850789
-5421.875000,-69.836084
-5417.968750,-62.778273
-5414.062500,-66.080351
-5410.156250,-71.431543
-5406.250000,-72.574505
-5402.343750,-76.830472
-5398.437500,-63.321001
-5394.531250,-61.585438
-5390.625000,-63.701356
-5386.718750,-66.509783
-5382.812500,-65.697044
-5378.906250,-74.801551
-5375.000000,-67.567644
-5371.093750,-63.469817
-5367.187500,-70.578490
-5363.281250,-68.531555
-5359.375000,-63.146923
-5355.468750,-61.476597
-5351.562500,-67.569616
-5347.656250,-71.111291
-5343.750000,-65.806846
-5339.843750,-78.997970
-5335.937500,-66.719671
-5332.031250,-74.254331
-5328.125000,-65.810701
-5324.218750,-70.456091
-5320.312500,-76.431085
-5316.406250,-63.544123
-5312.500000,-69.237686
-5308.593750,-69.821116
-5304.687500,-66.399144
-5300.781250,-60.851860
-5296.875000,-59.816334
-5292.968750,-63.826743
-5289.062500,-60.284442
-5285.156250,-62.475135
-5281.250000,-68.614654
-5277.343750,-62.317707
-5273.437500,-59.195919
-5269.531250,-59.590927
-5265.625000,-88.904257
-5261.718750,-64.572331
-5257.812500,-70.723751
-5253.906250,-93.830145
-5250.000000,-67.338872
-5246.093750,-70.204787
-5242.187500,-70.314138
-5238.281250,-82.534270
-5234.375000,-66.614397
-5230.468750,-71.520876
-5226.562500,-87.488973
-5222.656250,-67.201307
-5218.750000,-60.904322
-5214.843750,-59.327154
-5210.937500,-66.474738
-5207.031250,-62.776739
-5203.125000,-62.267842
-5199.218750,-69.205385
-5195.312500,-65.508226
-5191.406250,-66.024741
-5187.500000,-73.433343
-5183.593750,-60.742784
-5179.687500,-63.637864
-5175.781250,-65.872777
-5171.875000,-60.681528
-5167.968750,-63.116325
-5164.062500,-64.398006
-5160.156250,-58.173956
-5156.250000,-60.469739
-5152.343750,-59.828231
-5148.437500,-57.141804
-5144.531250,-67.938880
-5140.625000,-64.265099
-5136.718750,-61.738306
-5132.812500,-63.788376
-5128.906250,-76.124483
-5125.000000,-62.967693
-5121.093750,-63.725741
-5117.187500,-71.879016
-5113.281250,-76.358573
-5109.375000,-63.004874
-5105.468750,-56.843435
-5101.562500,-59.948809
-5097.656250,-62.102186
-5093.750000,-57.689709
-5089.843750,-58.772197
-5085.937500,-61.133480
-5082.031250,-64.718772
-5078.125000,-64.098375
-5074.218750,-67.461961
-5070.312500,-66.066281
-5066.406250,-65.868690
-5062.500000,-66.032455
-5058.593750,-61.583630
-5054.687500,-58.845288
-5050.781250,-63.511357
-5046.875000,-70.892179
-5042.968750,-65.148790
-5039.062500,-61.486084
-5035.156250,-63.071336
-5031.250000,-67.151545
-5027.343750,-67.753533
-5023.437500,-70.960002
-5019.531250,-69.945014
-5015.625000,-63.050314
-5011.718750,-62.220399
-5007.812500,-62.866269
-5003.906250,-63.775478
-5000.000000,-58.699065
-4996.093750,-62.908230
-4992.187500,-79.076556
-4988.281250,-60.206531
-4984.375000,-62.539201
-4980.468750,-69.207834
-4976.562500,-67.983079
-4972.656250,-63.435088
-4968.750000,-69.897041
-4964.843750,-59.746589
-4960.937500,-56.523029
-4957.031250,-63.487935
-4953.125000,-74.065985
-4949.218750,-60.747150
-4945.312500,-63.517624
-4941.406250,-69.249245
-4937.500000,-62.005446
-4933.593750,-62.890227
-4929.687500,-60.251720
-4925.781250,-61.104856
-4921.875000,-75.625390
-4917.968750,-66.618404
-4914.062500,-61.608566
-4910.156250,-62.463634
-4906.250000,-81.860352
-4902.343750,-63.441921
-4898.437500,-61.971268
-4894.531250,-64.406624
-4890.625000,-59.788997
-4886.718750,-58.641451
-4882.812500,-62.167891
-4878.906250,-54.814469
-4875.000000,-55.060066
-4871.093750,-62.996390
-4867.187500,-62.155568
-4863.281250,-55.822982
-4859.375000,-56.836046
-4855.468750,-59.277574
-4851.562500,-59.081471
-4847.656250,-60.234885
-4843.750000,-61.561997
-4839.843750,-58.851582
-4835.937500,-59.618664
-4832.031250,-62.094028
-4828.125000,-59.968902
-4824.218750,-58.334655
-4820.312500,-68.451099
-4816.406250,-59.079030
-4812.500000,-59.619240
-4808.593750,-66.696310
-4804.687500,-71.492821
-4800.781250,-57.372466
-4796.875000,-53.641530
-4792.968750,-57.455757
-4789.062500,-66.480696
-4785.156250,-67.025511
-4781.250000,-59.954959
-4777.343750,-61.347953
-4773.437500,-60.187193
-4769.531250,-57.803857
-4765.625000,-65.033788
-4761.718750,-66.390721
-4757.812500,-58.925841
-4753.906250,-60.859528
-4750.000000,-63.242262
-4746.093750,-65.397054
-4742.187500,-72.388728
-4738.281250,-66.955417
-4734.375000,-62.488266
-4730.468750,-58.348973
-4726.562500,-61.967027
-4722.656250,-60.034904
-4718.750000,-62.533876
-4714.843750,-66.942599
-4710.937500,-61.856421
-4707.031250,-64.877897
-4703.125000,-64.324101
-4699.218750,-63.725163
-4695.312500,-63.372041
-4691.406250,-64.733811
-4687.500000,-64.595745
-4683.593750,-63.323962
-4679.687500,-63.316118
-4675.781250,-74.296123
-4671.875000,-67.214804
-4667.968750,-69.708061
-4664.062500,-88.288246
-4660.156250,-61.888606
-4656.250000,-57.246198
-4652.343750,-63.266246
-4648.437500,-79.089176
-4644.531250,-66.371612
-4640.625000,-75.735170
-4636.718750,-74.800160
-4632.812500,-67.694337
-4628.906250,-69.818529
-4625.000000,-81.325762
-4621.093750,-67.143420
-4617.187500,-61.891554
-4613.281250,-61.414667
-4609.375000,-65.041552
-4605.468750,-66.076518
-4601.562500,-75.855045
-4597.656250,-62.418826
-4593.750000,-63.895939
-4589.843750,-62.325321
-4585.937500,-60.090810
-4582.031250,-65.601298
-4578.125000,-70.570358
-4574.218750,-84.092876
-4570.312500,-73.545625
-4566.406250,-69.179714
-4562.500000,-66.729708
-4558.593750,-62.395845
-4554.687500,-72.762308
-4550.781250,-67.217908
-4546.875000,-73.448777
-4542.968750,-71.120135
-4539.062500,-69.908005
-4535.156250,-73.390254
-4531.250000,-66.344295
-4527.343750,-62.094375
-4523.437500,-65.344160
-4519.531250,-75.130698
-4515.625000,-74.001534
-4511.718750,-85.339191
-4507.812500,-76.140078
-4503.906250,-71.787878
-4500.000000,-70.943124
-4496.093750,-102.061554
-4492.187500,-73.208518
-4488.281250,-72.060094
-4484.375000,-68.131080
-4480.468750,-76.468529
-4476.562500,-69.632835
-4472.656250,-65.290245
-4468.750000,-75.290122
-4464.843750,-75.430492
-4460.937500,-70.823357
-4457.031250,-72.643808
-4453.125000,-70.530154
-4449.218750,-67.766619
-4445.312500,-66.497088
-4441.406250,-73.509337
-4437.500000,-76.377171
-4433.593750,-70.411571
-4429.687500,-66.798834
-4425.781250,-78.665077
-4421.875000,-79.270698
-4417.968750,-67.788484
-4414.062500,-66.493716
-4410.156250,-80.790005
-4406.250000,-73.178195
-4402.343750,-70.881923
-4398.437500,-70.317710
-4394.531250,-75.972504
-4390.625000,-79.403118
-4386.718750,-80.587149
-4382.812500,-73.116201
-4378.906250,-67.778736
-4375.000000,-68.320844
-4371.093750,-66.659055
-4367.187500,-66.657605
-4363.281250,-78.747442
-4359.375000,-67.799779
-4355.468750,-64.541507
-4351.562500,-72.926195
-4347.656250,-76.906502
-4343.750000,-76.940534
-4339.843750,-81.338649
-4335.937500,-77.899955
-4332.031250,-87.784868
-4328.125000,-76.217189
-4324.218750,-80.355518
-4320.312500,-72.673286
-4316.406250,-75.243561
-4312.500000,-74.612196
-4308.593750,-70.150889
-4304.687500,-79.259193
-4300.781250,-82.378469
-4296.875000,-75.632541
-4292.968750,-72.461429
-4289.062500,-72.792721
-4285.156250,-75.881268
-4281.250000,-85.052667
-4277.343750,-69.247931
-4273.437500,-66.994005
-4269.531250,-71.870069
-4265.625000,-72.887447
-4261.718750,-79.711529
-4257.812500,-74.320152
-4253.906250,-70.867204
-4250.000000,-70.257510
-4246.093750,-77.372672
-4242.187500,-73.211640
-4238.281250,-74.279120
-4234.375000,-79.057629
-4230.468750,-81.375269
-4226.562500,-81.341205
-4222.656250,-76.844993
-4218.750000,-73.115920
-4214.843750,-70.883784
-4210.937500,-72.091932
-4207.031250,-84.467726
-4203.125000,-74.784733
-4199.218750,-72.971040
-4195.312500,-90.532980
-4191.406250,-75.359757
-4187.500000,-74.068339
-4183.593750,-72.190496
-4179.687500,-75.206864
-4175.781250,-80.575468
-4171.875000,-85.274613
-4167.968750,-81.986148
-4164.062500,-90.009122
-4160.156250,-79.800095
-4156.250000,-77.446120
-4152.343750,-78.707702
-4148.437500,-82.433613
-4144.531250,-82.635887
-4140.625000,-86.719005
-4136.718750,-78.978858
-4132.812500,-76.389995
-4128.906250,-78.607242
-4125.000000,-91.842601
-4121.093750,-82.481337
-4117.187500,-86.718468
-4113.281250,-82.023756
-4109.375000,-81.721098
-4105.468750,-80.656147
-4101.562500,-84.054187
-4097.656250,-91.102441
-4093.750000,-92.271980
-4089.843750,-92.431389
-4085.937500,-82.298160
-4082.031250,-85.764066
-4078.125000,-97.695520
-4074.218750,-86.125705
-4070.312500,-87.860570
-4066.406250,-89.029162
-4062.500000,-90.106472
-4058.593750,-99.848630
-4054.687500,-89.157117
-4050.781250,-91.667576
-4046.875000,-97.679727
-4042.968750,-90.932879
-4039.062500,-92.007157
-4035.156250,-97.117197
-4031.250000,-93.469543
-4027.343750,-92.207671
-4023.437500,-90.642277
-4019.531250,-93.957490
-4015.625000,-98.846930
-4011.718750,-99.707535
-4007.812500,-103.189429
-4003.906250,-108.174887
-4000.000000,-173.655340
-3996.093750,-122.182975
-3992.187500,-110.534675
-3988.281250,-106.306440
-3984.375000,-118.825122
-3980.468750,-103.734646
-3976.562500,-100.679239
-3972.656250,-98.488980
-3968.750000,-101.746263
-3964.843750,-92.535024
-3960.937500,-95.551908
-3957.031250,-86.826542
-3953.125000,-87.180097
-3949.218750,-88.615743
-3945.312500,-94.709854
-3941.406250,-96.669700
-3937.500000,-90.090442
-3933.593750,-83.575285
-3929.687500,-85.113706
-3925.781250,-95.315557
-3921.875000,-86.715048
-3917.968750,-97.114210
-3914.062500,-96.079500
-3910.156250,-90.186400
-3906.250000,-89.963650
-3902.343750,-95.018624
-3898.437500,-86.415815
-3894.531250,-83.729162
-3890.625000,-87.504624
-3886.718750,-91.523923
-3882.812500,-89.574272
-3878.906250,-82.673731
-3875.000000,-80.704806
-3871.093750,-82.010649
-3867.187500,-77.708552
-3863.281250,-77.901172
-3859.375000,-81.406188
-3855.468750,-85.658235
-3851.562500,-85.182677
-3847.656250,-82.986551
-3843.750000,-87.029606
-3839.843750,-79.216040
-3835.937500,-84.096548
-3832.031250,-78.973000
-3828.125000,-79.698899
-3824.218750,-100.078246
-3820.312500,-79.412312
-3816.406250,-76.214232
-3812.500000,-75.498199
-3808.593750,-75.720344
-3804.687500,-75.515094
-3800.781250,-80.638750
-3796.875000,-98.812296
-3792.968750,-91.094575
-3789.062500,-87.114718
-3785.156250,-82.859714
-3781.250000,-78.453910
-3777.343750,-80.595732
-3773.437500,-81.348239
-3769.531250,-89.942846
-3765.625000,-97.353811
-3761.718750,-89.050243
-3757.812500,-77.308553
-3753.906250,-75.182141
-3750.000000,-76.850144
-3746.093750,-79.903497
-3742.187500,-80.199503
-3738.281250,-79.201662
-3734.375000,-77.383145
-3730.468750,-76.224459
-3726.562500,-81.298786
-3722.656250,-83.366610
-3718.750000,-85.023467
-3714.843750,-84.403855
-3710.937500,-77.536077
-3707.031250,-80.267377
-3703.125000,-75.168068
-3699.218750,-69.802995
-3695.312500,-69.505070
-3691.406250,-73.795476
-3687.500000,-89.661725
-3683.593750,-73.515691
-3679.687500,-71.475058
-3675.781250,-74.814531
-3671.875000,-72.341307
-3667.968750,-74.973022
-3664.062500,-79.812584
-3660.156250,-77.321092
-3656.250000,-73.158769
-3652.343750,-93.727782
-3648.437500,-74.165909
-3644.531250,-79.347432
-3640.625000,-75.740942
-3636.718750,-76.313486
-3632.812500,-100.276834
-3628.906250,-84.645922
-3625.000000,-83.302753
-3621.093750,-95.904383
-3617.187500,-89.623082
-3613.281250,-77.423479
-3609.375000,-73.814261
-3605.468750,-73.266424
-3601.562500,-80.544392
-3597.656250,-83.518620
-3593.750000,-88.190976
-3589.843750,-74.504126
-3585.937500,-71.607260
-3582.031250,-71.805295
-3578.125000,-70.474439
-3574.218750,-75.076502
-3570.312500,-77.541172
-3566.406250,-72.863568
-3562.500000,-82.508633
-3558.593750,-75.300571
-3554.687500,-72.048610
-3550.781250,-72.935005
-3546.875000,-77.318747
-3542.968750,-86.519897
-3539.062500,-74.905570
-3535.156250,-75.326423
-3531.250000,-75.047957
-3527.343750,-72.659270
-3523.437500,-71.854420
-3519.531250,-77.145303
-3515.625000,-79.471854
-3511.718750,-73.143114
-3507.812500,-76.326147
-3503.906250,-78.372421
-3500.000000,-74.356283
-3496.093750,-77.163493
-3492.187500,-92.098072
-3488.281250,-75.617013
-3484.375000,-72.570129
-3480.468750,-75.360923
-3476.562500,-76.868131
-3472.656250,-74.217421
-3468.750000,-73.245657
-3464.843750,-71.282256
-3460.937500,-69.462254
-3457.031250,-72.184088
-3453.125000,-81.749439
-3449.218750,-80.477776
-3445.312500,-77.388170
-3441.406250,-80.829279
-3437.500000,-83.648327
-3433.593750,-73.750247
-3429.687500,-82.520925
-3425.781250,-78.120701
-3421.875000,-95.707530
-3417.968750,-72.923428
-3414.062500,-72.547421
-3410.156250,-77.319677
-3406.250000,-70.722686
-3402.343750,-69.474115
-3398.437500,-72.108419
-3394.531250,-76.657951
-3390.625000,-90.560576
-3386.718750,-85.684340
-3382.812500,-85.658061
-3378.906250,-89.312378
-3375.000000,-77.265436
-3371.093750,-74.507831
-3367.187500,-76.191934
-3363.281250,-74.344475
-3359.375000,-74.510785
-3355.468750,-79.189744
-3351.562500,-82.649068
-3347.656250,-79.731426
-3343.750000,-78.090466
-3339.843750,-79.347732
-3335.937500,-76.265211
-3332.031250,-78.988029
-3328.125000,-88.941293
-3324.218750,-83.679669
-3320.312500,-80.329563
-3316.406250,-78.238614
-3312.500000,-83.761329
-3308.593750,-82.807231
-3304.687500,-82.921088
-3300.781250,-79.194100
-3296.875000,-85.676717
-3292.968750,-85.564413
-3289.062500,-82.711539
-3285.156250,-91.214636
-3281.250000,-85.672585
-3277.343750,-78.660529
-3273.437500,-79.322008
-3269.531250,-82.568930
-3265.625000,-86.365748
-3261.718750,-82.573257
-3257.812500,-80.373596
-3253.906250,-82.890578
-3250.000000,-88.917673
-3246.093750,-93.347246
-3242.187500,-91.715588
-3238.281250,-101.499942
-3234.375000,-97.209591
-3230.468750,-92.937887
-3226.562500,-94.660983
-3222.656250,-90.626183
-3218.750000,-94.727432
-3214.843750,-95.413294
-3210.937500,-97.205150
-3207.031250,-118.922733
-3203.125000,-114.853416
-3199.218750,-123.364035
-3195.312500,-107.792417
-3191.406250,-98.337558
-3187.500000,-98.103444
-3183.593750,-99.890484
-3179.687500,-94.676184
-3175.781250,-95.551561
-3171.875000,-100.492957
-3167.968750,-103.238943
-3164.062500,-88.568726
-3160.156250,-83.608358
-3156.250000,-91.787804
-3152.343750,-86.701116
-3148.437500,-91.273915
-3144.531250,-84.761328
-3140.625000,-83.716667
-3136.718750,-89.466889
-3132.812500,-81.743484
-3128.906250,-88.119779
-3125.000000,-88.125172
-3121.093750,-79.930641
-3117.187500,-78.846170
-3113.281250,-87.090308
-3109.375000,-90.265261
-3105.468750,-83.508467
-3101.562500,-82.727639
-3097.656250,-88.680611
-3093.750000,-88.116047
-3089.843750,-82.986072
-3085.937500,-79.562480
-3082.031250,-81.954234
-3078.125000,-76.536531
-3074.218750,-78.535489
-3070.312500,-74.537268
-3066.406250,-76.626251
-3062.500000,-81.873382
-3058.593750,-77.335544
-3054.687500,-79.131694
-3050.781250,-80.591016
-3046.875000,-69.806812
-3042.968750,-71.320099
-3039.062500,-85.175684
-3035.156250,-77.446376
-3031.250000,-82.354219
-3027.343750,-73.285484
-3023.437500,-69.583763
-3019.531250,-69.790548
-3015.625000,-73.538903
-3011.718750,-72.077472
-3007.812500,-67.213109
-3003.906250,-69.222175
-3000.000000,-76.329580
-2996.093750,-70.712227
-2992.187500,-78.603635
-2988.281250,-81.705890
-2984.375000,-77.800006
-2980.468750,-75.470952
-2976.562500,-77.715084
-2972.656250,-69.469677
-2968.750000,-64.645470
-2964.843750,-66.636278
-2960.937500,-80.212249
-2957.031250,-72.240618
-2953.125000,-65.440531
-2949.218750,-69.882624
-2945.312500,-67.950434
-2941.406250,-71.059113
-2937.500000,-87.790467
-2933.593750,-75.532889
-2929.687500,-74.180019
-2925.781250,-66.471401
-2921.875000,-71.940033
-2917.968750,-80.324453
-2914.062500,-67.941883
-2910.156250,-78.990082
-2906.250000,-66.231797
-2902.343750,-65.720994
-2898.437500,-65.092544
-2894.531250,-66.390226
-2890.625000,-70.889165
-2886.718750,-66.677976
-2882.812500,-71.100562
-2878.906250,-67.471955
-2875.000000,-65.998632
-2871.093750,-83.404720
-2867.187500,-73.360703
-2863.281250,-66.116032
-2859.375000,-68.645063
-2855.468750,-77.783560
-2851.562500,-75.470402
-2847.656250,-67.745509
-2843.750000,-68.724625
-2839.843750,-61.809997
-2835.937500,-62.761842
-2832.031250,-66.732668
-2828.125000,-58.025754
-2824.218750,-64.707066
-2820.312500,-62.882546
-2816.406250,-63.212737
-2812.500000,-82.777061
-2808.593750,-67.151515
-2804.687500,-64.098801
-2800.781250,-63.193567
-2796.875000,-61.598565
-2792.968750,-63.273178
-2789.062500,-77.506699
-2785.156250,-60.573746
-2781.250000,-58.838253
-2777.343750,-68.323615
-2773.437500,-74.654607
-2769.531250,-61.002050
-2765.625000,-57.802130
-2761.718750,-59.562117
-2757.812500,-63.371010
-2753.906250,-65.507769
-2750.000000,-67.773250
-2746.093750,-61.288878
-2742.187500,-61.702159
-2738.281250,-72.765501
-2734.375000,-59.522744
-2730.468750,-56.857347
-2726.562500,-59.639095
-2722.656250,-58.388628
-2718.750000,-61.481694
-2714.843750,-57.173616
-2710.937500,-58.275312
-2707.031250,-65.560156
-2703.125000,-53.580632
-2699.218750,-58.636492
-2695.312500,-68.525638
-2691.406250,-63.127231
-2687.500000,-62.216844
-2683.593750,-58.139445
-2679.687500,-60.143718
-2675.781250,-61.288763
-2671.875000,-69.938730
-2667.968750,-71.296900
-2664.062500,-64.955849
-2660.156250,-60.313559
-2656.250000,-60.761585
-2652.343750,-57.820894
-2648.437500,-62.647673
-2644.531250,-66.061722
-2640.625000,-58.663305
-2636.718750,-61.127207
-2632.812500,-56.683662
-2628.906250,-59.715810
-2625.000000,-56.649356
-2621.093750,-57.745872
-2617.187500,-51.160099
-2613.281250,-53.220153
-2609.375000,-68.465745
-2605.468750,-51.687841
-2601.562500,-49.654073
-2597.656250,-55.033114
-2593.750000,-58.556440
-2589.843750,-52.951641
-2585.937500,-59.424798
-2582.031250,-53.580114
-2578.125000,-57.744579
-2574.218750,-52.936430
-2570.312500,-53.005321
-2566.406250,-56.388559
-2562.500000,-56.838727
-2558.593750,-59.892324
-2554.687500,-53.103568
-2550.781250,-53.938639
-2546.875000,-56.958202
-2542.968750,-52.206854
-2539.062500,-47.786103
-2535.156250,-47.101083
-2531.250000,-52.670584
-2527.343750,-63.131053
-2523.437500,-58.557012
-2519.531250,-53.645679
-2515.625000,-47.574442
-2511.718750,-48.745639
-2507.812500,-53.267061
-2503.906250,-56.888428
-2500.000000,-58.109921
-2496.093750,-65.404265
-2492.187500,-56.102639
-2488.281250,-62.827053
-2484.375000,-58.655442
-2480.468750,-56.955406
-2476.562500,-51.571856
-2472.656250,-54.487637
-2468.750000,-54.895387
-2464.843750,-58.978864
-2460.937500,-53.871727
-2457.031250,-53.679300
-2453.125000,-57.932131
-2449.218750,-52.345048
-2445.312500,-44.919169
-2441.406250,-43.397560
-2437.500000,-48.791180
-2433.593750,-48.318287
-2429.687500,-49.432867
-2425.781250,-64.023750
-2421.875000,-51.589348
-2417.968750,-48.110575
-2414.062500,-45.710630
-2410.156250,-48.974776
-2406.250000,-52.644441
-2402.343750,-45.983294
-2398.437500,-45.113451
-2394.531250,-48.739729
-2390.625000,-50.686692
-2386.718750,-49.127148
-2382.812500,-47.152861
-2378.906250,-49.775130
-2375.000000,-48.163511
-2371.093750,-53.233227
-2367.187500,-55.638831
-2363.281250,-48.685892
-2359.375000,-45.432654
-2355.468750,-46.008226
-2351.562500,-51.382627
-2347.656250,-47.251778
-2343.750000,-48.111737
-2339.843750,-45.585070
-2335.937500,-46.507548
-2332.031250,-50.487998
-2328.125000,-48.060690
-2324.218750,-47.852589
-2320.312500,-47.675641
-2316.406250,-57.739038
-2312.500000,-53.742797
-2308.593750,-52.541670
-2304.687500,-45.312438
-2300.781250,-45.236921
-2296.875000,-45.452564
-2292.968750,-44.729713
-2289.062500,-46.310643
-2285.156250,-46.807072
-2281.250000,-55.954645
-2277.343750,-51.384343
-2273.437500,-54.046133
-2269.531250,-57.848487
-2265.625000,-47.558314
-2261.718750,-46.998857
-2257.812500,-59.752503
-2253.906250,-64.449160
-2250.000000,-50.357806
-2246.093750,-47.883617
-2242.187500,-48.876235
-2238.281250,-43.109761
-2234.375000,-49.178027
-2230.468750,-48.615357
-2226.562500,-62.146127
-2222.656250,-51.564199
-2218.750000,-52.880424
-2214.843750,-50.565000
-2210.937500,-49.204542
-2207.031250,-49.804307
-2203.125000,-51.787093
-2199.218750,-61.820358
-2195.312500,-51.649314
-2191.406250,-49.523233
-2187.500000,-58.678637
-2183.593750,-61.590136
-2179.687500,-54.798061
-2175.781250,-50.263591
-2171.875000,-55.986394
-2167.968750,-60.206661
-2164.062500,-53.368610
-2160.156250,-45.644604
-2156.250000,-44.326780
-2152.343750,-49.148743
-2148.437500,-43.854316
-2144.531250,-43.555291
-2140.625000,-44.454065
-2136.718750,-49.196432
-2132.812500,-58.972611
-2128.906250,-49.945782
-2125.000000,-50.122868
-2121.093750,-47.856306
-2117.187500,-46.928399
-2113.281250,-47.564822
-2109.375000,-57.702037
-2105.468750,-49.096371
-2101.562500,-59.341314
-2097.656250,-48.302028
-2093.750000,-47.732788
-2089.843750,-42.173130
-2085.937500,-45.389135
-2082.031250,-49.403653
-2078.125000,-64.855763
-2074.218750,-50.891864
-2070.312500,-50.229973
-2066.406250,-71.612011
-2062.500000,-51.470381
-2058.593750,-62.963644
-2054.687500,-47.278233
-2050.781250,-52.521874
-2046.875000,-46.648512
-2042.968750,-48.126069
-2039.062500,-48.502790
-2035.156250,-57.860555
-2031.250000,-51.666163
-2027.343750,-54.265677
-2023.437500,-45.968838
-2019.531250,-49.670319
-2015.625000,-55.890942
-2011.718750,-58.878024
-2007.812500,-48.431823
-2003.906250,-46.935633
-2000.000000,-52.065094
-1996.093750,-53.391329
-1992.187500,-45.759984
-1988.281250,-47.416054
-1984.375000,-52.350388
-1980.468750,-48.306768
-1976.562500,-48.121260
-1972.656250,-46.442357
-1968.750000,-48.614823
-1964.843750,-45.799696
-1960.937500,-42.811968
-1957.031250,-47.744890
-1953.125000,-52.858404
-1949.218750,-53.368093
-1945.312500,-55.979460
-1941.406250,-46.236872
-1937.500000,-45.294713
-1933.593750,-52.129122
-1929.687500,-49.623875
-1925.781250,-46.051003
-1921.875000,-58.774560
-1917.968750,-49.488100
-1914.062500,-44.509746
-1910.156250,-43.376685
-1906.250000,-44.526527
-1902.343750,-49.235613
-1898.437500,-50.147193
-1894.531250,-67.698398
-1890.625000,-49.275328
-1886.718750,-52.710179
-1882.812500,-51.533530
-1878.906250,-46.468216
-1875.000000,-48.954413
-1871.093750,-49.307789
-1867.187500,-48.301298
-1863.281250,-56.858952
-1859.375000,-50.932054
-1855.468750,-46.393764
-1851.562500,-50.712335
-1847.656250,-58.398540
-1843.750000,-52.344575
-1839.843750,-49.873696
-1835.937500,-46.648040
-1832.031250,-54.460567
-1828.125000,-56.858579
-1824.218750,-51.715989
-1820.312500,-45.294288
-1816.406250,-65.972416
-1812.500000,-43.875066
-1808.593750,-42.656228
-1804.687500,-53.910602
-1800.781250,-45.480639
-1796.875000,-44.911233
-1792.968750,-56.013109
-1789.062500,-57.609784
-1785.156250,-47.250457
-1781.250000,-49.313594
-1777.343750,-43.676539
-1773.437500,-40.309124
-1769.531250,-48.176229
-1765.625000,-50.268099
-1761.718750,-46.167365
-1757.812500,-51.800632
-1753.906250,-45.764948
-1750.000000,-47.197437
-1746.093750,-47.238447
-1742.187500,-42.806125
-1738.281250,-46.286798
-1734.375000,-48.683505
-1730.468750,-47.771537
-1726.562500,-44.281800
-1722.656250,-46.175946
-1718.750000,-47.079054
-1714.843750,-48.622407
-1710.937500,-61.539417
-1707.031250,-52.199306
-1703.125000,-60.963832
-1699.218750,-49.081312
-1695.312500,-49.459830
-1691.406250,-44.879965
-1687.500000,-48.939627
-1683.593750,-54.763619
-1679.687500,-58.576215
-1675.781250,-48.720566
-1671.875000,-48.365409
-1667.968750,-51.848598
-1664.062500,-52.076996
-1660.156250,-53.606889
-1656.250000,-54.927446
-1652.343750,-45.088767
-1648.437500,-47.086751
-1644.531250,-52.761383
-1640.625000,-51.918873
-1636.718750,-54.762597
-1632.812500,-47.889702
-1628.906250,-51.580427
-1625.000000,-61.736102
-1621.093750,-65.494319
-1617.187500,-53.628596
-1613.281250,-49.021897
-1609.375000,-54.920101
-1605.468750,-52.852231
-1601.562500,-45.444914
-1597.656250,-44.818260
-1593.750000,-47.630550
-1589.843750,-45.255087
-1585.937500,-44.354052
-1582.031250,-46.709807
-1578.125000,-48.025532
-1574.218750,-46.482294
-1570.312500,-44.085918
-1566.406250,-45.533790
-1562.500000,-54.278526
-1558.593750,-48.297179
-1554.687500,-44.766584
-1550.781250,-58.290094
-1546.875000,-46.990097
-1542.968750,-48.681067
-1539.062500,-54.113508
-1535.156250,-50.449230
-1531.250000,-45.810884
-1527.343750,-48.752815
-1523.437500,-49.215179
-1519.531250,-49.144225
-1515.625000,-43.955867
-1511.718750,-41.041829
-1507.812500,-47.316429
-1503.906250,-51.620967
-1500.000000,-44.399061
-1496.093750,-40.807922
-1492.187500,-43.763196
-1488.281250,-60.916478
-1484.375000,-42.959718
-1480.468750,-39.388832
-1476.562500,-40.662694
-1472.656250,-42.097224
-1468.750000,-44.569386
-1464.843750,-48.137553
-1460.937500,-46.338121
-1457.031250,-43.543199
-1453.125000,-53.816863
-1449.218750,-56.269663
-1445.312500,-51.286842
-1441.406250,-51.412962
-1437.500000,-48.166335
-1433.593750,-44.700801
-1429.687500,-47.521441
-1425.781250,-47.280267
-1421.875000,-54.434088
-1417.968750,-47.810187
-1414.062500,-53.683352
-1410.156250,-53.715854
-1406.250000,-53.797812
-1402.343750,-46.434993
-1398.437500,-39.807069
-1394.531250,-44.302481
-1390.625000,-42.557818
-1386.718750,-44.059341
-1382.812500,-47.673742
-1378.906250,-45.082292
-1375.000000,-50.729315
-1371.093750,-69.432559
-1367.187500,-47.724339
-1363.281250,-44.279652
-1359.375000,-46.854578
-1355.468750,-46.285681
-1351.562500,-54.784469
-1347.656250,-53.877921
-1343.750000,-58.088184
-1339.843750,-47.260884
-1335.937500,-42.831252
-1332.031250,-43.305493
-1328.125000,-53.827110
-1324.218750,-51.600485
-1320.312500,-60.102791
-1316.406250,-55.167239
-1312.500000,-58.855128
-1308.593750,-47.857112
-1304.687500,-48.743898
-1300.781250,-53.125163
-1296.875000,-89.512161
-1292.968750,-49.196764
-1289.062500,-53.646024
-1285.156250,-45.593945
-1281.250000,-41.355536
-1277.343750,-44.521727
-1273.437500,-53.335401
-1269.531250,-46.659181
-1265.625000,-50.438960
-1261.718750,-45.278993
-1257.812500,-39.718784
-1253.906250,-40.186676
-1250.000000,-47.907507
-1246.093750,-44.355673
-1242.187500,-40.673092
-1238.281250,-45.188883
-1234.375000,-46.598245
-1230.468750,-45.572488
-1226.562500,-42.107233
-1222.656250,-47.210915
-1218.750000,-54.436166
-1214.843750,-47.096776
-1210.937500,-49.387282
-1207.031250,-54.216201
-1203.125000,-54.538375
-1199.218750,-51.446631
-1195.312500,-55.335214
-1191.406250,-49.386490
-1187.500000,-49.041434
-1183.593750,-54.279372
-1179.687500,-47.691778
-1175.781250,-47.883582
-1171.875000,-59.999456
-1167.968750,-49.721422
-1164.062500,-47.573904
-1160.156250,-40.597841
-1156.250000,-48.778144
-1152.343750,-45.531603
-1148.437500,-42.533408
-1144.531250,-45.660295
-1140.625000,-42.347696
-1136.718750,-41.773535
-1132.812500,-51.187584
-1128.906250,-50.860673
-1125.000000,-46.160551
-1121.093750,-50.720661
-1117.187500,-50.213850
-1113.281250,-43.348917
-1109.375000,-46.855371
-1105.468750,-53.497129
-1101.562500,-45.329602
-1097.656250,-47.595298
-1093.750000,-43.099740
-1089.843750,-38.869885
-1085.937500,-45.534741
-1082.031250,-47.790600
-1078.125000,-46.102928
-1074.218750,-46.090357
-1070.312500,-39.801752
-1066.406250,-44.129988
-1062.500000,-54.080274
-1058.593750,-44.998513
-1054.687500,-42.369332
-1050.781250,-48.493153
-1046.875000,-44.521247
-1042.968750,-49.296353
-1039.062500,-51.527414
-1035.156250,-60.077307
-1031.250000,-48.377375
-1027.343750,-46.834046
-1023.437500,-44.114286
-1019.531250,-44.228186
-1015.625000,-53.761729
-1011.718750,-48.943903
-1007.812500,-46.780410
-1003.906250,-41.850647
-1000.000000,-40.986669
-996.093750,-45.864571
-992.187500,-45.280140
-988.281250,-47.106702
-984.375000,-43.415394
-980.468750,-42.391824
-976.562500,-44.760705
-972.656250,-52.806700
-968.750000,-42.609359
-964.843750,-43.321831
-960.937500,-53.350534
-957.031250,-48.805189
-953.125000,-49.852765
-949.218750,-48.810352
-945.312500,-50.969545
-941.406250,-52.832242
-937.500000,-58.811754
-933.593750,-56.861498
-929.687500,-66.349645
-925.781250,-54.202046
-921.875000,-51.226787
-917.968750,-47.550715
-914.062500,-46.919850
-910.156250,-52.478667
-906.250000,-51.360855
-902.343750,-50.142166
-898.437500,-41.879027
-894.531250,-41.463641
-890.625000,-42.531232
-886.718750,-45.371987
-882.812500,-51.200274
-878.906250,-47.472717
-875.000000,-68.284073
-871.093750,-41.899532
-867.187500,-44.962495
-863.281250,-44.351324
-859.375000,-43.606464
-855.468750,-43.645977
-851.562500,-59.839483
-847.656250,-41.161883
-843.750000,-39.744264
-839.843750,-48.389646
-835.937500,-43.902691
-832.031250,-40.719903
-828.125000,-42.644703
-824.218750,-39.838470
-820.312500,-41.360647
-816.406250,-49.976152
-812.500000,-43.870431
-808.593750,-41.733413
-804.687500,-51.549311
-800.781250,-44.063955
-796.875000,-62.725175
-792.968750,-42.768229
-789.062500,-43.739787
-785.156250,-53.110802
-781.250000,-49.660128
-777.343750,-51.291420
-773.437500,-58.445729
-769.531250,-42.159043
-765.625000,-40.227389
-761.718750,-44.971064
-757.812500,-47.918648
-753.906250,-44.464647
-750.000000,-45.258137
-746.093750,-49.903220
-742.187500,-44.167204
-738.281250,-45.003726
-734.375000,-46.309985
-730.468750,-45.779865
-726.562500,-58.114261
-722.656250,-43.184137
-718.750000,-44.298125
-714.843750,-51.004837
-710.937500,-41.461791
-707.031250,-42.109730
-703.125000,-56.863629
-699.218750,-47.574023
-695.312500,-52.572914
-691.406250,-55.589114
-687.500000,-46.518606
-683.593750,-41.296047
-679.687500,-39.523556
-675.781250,-45.427190
-671.875000,-41.034492
-667.968750,-37.971635
-664.062500,-42.816731
-660.156250,-43.083107
-656.250000,-40.128441
-652.343750,-47.377909
-648.437500,-46.348244
-644.531250,-47.634790
-640.625000,-38.604113
-636.718750,-40.620039
-632.812500,-41.118598
-628.906250,-48.831920
-625.000000,-41.044632
-621.093750,-41.829916
-617.187500,-45.374738
-613.281250,-43.278823
-609.375000,-50.951930
-605.468750,-58.644325
-601.562500,-43.242133
-597.656250,-36.813810
-593.750000,-37.839028
-589.843750,-40.900044
-585.937500,-47.993249
-582.031250,-42.797121
-578.125000,-42.643160
-574.218750,-54.383112
-570.312500,-46.981673
-566.406250,-45.439478
-562.500000,-44.654728
-558.593750,-39.612836
-554.687500,-43.477955
-550.781250,-43.534530
-546.875000,-48.766005
-542.968750,-45.770845
-539.062500,-39.326714
-535.156250,-45.068691
-531.250000,-53.680530
-527.343750,-41.676093
-523.437500,-40.345891
-519.531250,-44.244208
-515.625000,-53.234038
-511.718750,-58.528326
-507.812500,-48.099137
-503.906250,-51.518012
-500.000000,-41.968782
-496.093750,-41.036175
-492.187500,-47.914150
-488.281250,-44.145838
-484.375000,-37.633942
-480.468750,-37.196734
-476.562500,-41.288277
-472.656250,-52.160792
-468.750000,-49.261036
-464.843750,-46.720778
-460.937500,-42.960494
-457.031250,-43.247758
-453.125000,-50.343846
-449.218750,-43.168708
-445.312500,-40.277307
-441.406250,-46.974836
-437.500000,-59.622581
-433.593750,-43.236432
-429.687500,-38.751784
-425.781250,-39.720353
-421.875000,-43.836615
-417.968750,-40.549964
-414.062500,-35.929736
-410.156250,-42.018440
-406.250000,-53.823525
-402.343750,-42.832504
-398.437500,-41.508842
-394.531250,-51.140818
-390.625000,-39.893886
-386.718750,-39.925052
-382.812500,-41.438853
-378.906250,-39.499261
-375.000000,-39.969227
-371.093750,-46.122316
-367.187500,-48.579202
-363.281250,-61.737728
-359.375000,-50.082129
-355.468750,-41.235814
-351.562500,-47.811736
-347.656250,-56.672416
-343.750000,-51.090552
-339.843750,-55.791106
-335.937500,-48.547447
-332.031250,-39.547734
-328.125000,-39.033803
-324.218750,-47.795810
-320.312500,-42.135013
-316.406250,-45.765340
-312.500000,-50.456155
-308.593750,-39.031054
-304.687500,-40.225919
-300.781250,-44.948847
-296.875000,-38.631121
-292.968750,-37.693954
-289.062500,-45.878350
-285.156250,-42.053298
-281.250000,-46.113113
-277.343750,-36.952593
-273.437500,-36.422894
-269.531250,-65.986509
-265.625000,-45.202370
-261.718750,-48.069394
-257.812500,-41.967967
-253.906250,-42.600425
-250.000000,-46.084954
-246.093750,-48.933966
-242.187500,-43.397992
-238.281250,-40.563603
-234.375000,-42.539128
-230.468750,-41.409170
-226.562500,-38.179225
-222.656250,-43.390919
-218.750000,-36.191604
-214.843750,-40.089260
-210.937500,-38.036035
-207.031250,-40.379501
-203.125000,-39.567236
-199.218750,-37.050114
-195.312500,-43.642438
-191.406250,-44.758728
-187.500000,-42.144621
-183.593750,-40.395193
-179.687500,-38.982823
-175.781250,-36.789993
-171.875000,-37.503281
-167.968750,-42.893964
-164.062500,-38.833705
-160.156250,-41.390565
-156.250000,-38.422154
-152.343750,-34.313182
-148.437500,-33.726546
-144.531250,-42.491477
-140.625000,-36.533477
-136.718750,-34.664529
-132.812500,-40.388300
-128.906250,-48.231674
-125.000000,-34.502194
-121.093750,-34.458386
-117.187500,-38.544587
-113.281250,-39.212521
-109.375000,-37.939472
-105.468750,-46.743220
-101.562500,-39.951499
-97.656250,-42.318837
-93.750000,-40.485822
-89.843750,-35.805474
-85.937500,-32.623860
-82.031250,-41.810530
-78.125000,-37.838569
-74.218750,-33.442848
-70.312500,-33.795307
-66.406250,-40.734081
-62.500000,-33.254039
-58.593750,-34.686311
-54.687500,-32.904967
-50.781250,-35.416931
-46.875000,-45.609669
-42.968750,-49.808362
-39.062500,-34.277829
-35.156250,-36.292910
-31.250000,-38.730099
-27.343750,-37.191230
-23.437500,-40.001247
-19.531250,-48.473891
-15.625000,-42.658404
-11.718750,-34.863925
-7.812500,-41.006515
-3.906250,-40.167935
0.000000,-33.173082
3.906250,-34.259356
7.812500,-34.343168
11.718750,-33.048033
15.625000,-36.626241
19.531250,-46.728674
23.437500,-42.955817
27.343750,-41.141838
31.250000,-38.324859
35.156250,-33.869164
39.062500,-45.643148
42.968750,-48.054626
46.875000,-34.207636
50.781250,-33.612911
54.687500,-41.183687
58.593750,-38.956903
62.500000,-39.734826
66.406250,-37.779694
70.312500,-35.195120
74.218750,-41.330133
78.125000,-36.332404
82.031250,-31.908032
85.937500,-36.421507
89.843750,-47.258591
93.750000,-41.847028
97.656250,-38.433113
101.562500,-54.396554
105.468750,-40.858817
109.375000,-63.938516
113.281250,-35.749495
117.187500,-34.255862
121.093750,-35.487926
125.000000,-45.600656
128.906250,-44.079077
132.812500,-45.085108
136.718750,-39.716373
140.625000,-33.705155
144.531250,-30.834568
148.437500,-38.275596
152.343750,-43.781620
156.250000,-42.001658
160.156250,-35.730961
164.062500,-39.831910
167.968750,-39.963040
171.875000,-43.466067
175.781250,-44.065746
179.687500,-36.022040
183.593750,-37.119923
187.500000,-37.650670
191.406250,-41.606249
195.312500,-44.801974
199.218750,-44.924915
203.125000,-38.862388
207.031250,-43.442717
210.937500,-40.194131
214.843750,-49.488374
218.750000,-41.046120
222.656250,-44.889881
226.562500,-47.427966
230.468750,-37.070103
234.375000,-34.379330
238.281250,-36.149781
242.187500,-41.462303
246.093750,-41.642833
250.000000,-41.109688
253.906250,-44.594643
257.812500,-37.905886
261.718750,-43.129368
265.625000,-39.088957
269.531250,-47.006853
273.437500,-45.727283
277.343750,-45.245562
281.250000,-41.021365
285.156250,-34.954183
289.062500,-34.830835
292.968750,-39.203283
296.875000,-33.925533
300.781250,-32.661925
304.687500,-38.414993
308.593750,-43.507336
312.500000,-38.812155
316.406250,-38.869408
320.312500,-42.490616
324.218750,-42.732101
328.125000,-49.113031
332.031250,-42.666013
335.937500,-50.089781
339.843750,-60.304592
343.750000,-42.050251
347.656250,-39.679138
351.562500,-40.836209
355.468750,-37.703679
359.375000,-45.953080
363.281250,-53.321360
367.187500,-43.769895
371.093750,-51.747903
375.000000,-45.560731
378.906250,-41.439926
382.812500,-38.815376
386.718750,-45.105548
390.625000,-38.952576
394.531250,-41.000474
398.437500,-44.447556
402.343750,-35.473783
406.250000,-38.698894
410.156250,-45.219378
414.062500,-44.952503
417.968750,-54.303527
421.875000,-39.832788
425.781250,-44.127530
429.687500,-41.685505
433.593750,-40.879194
437.500000,-41.248315
441.406250,-43.359339
445.312500,-42.277020
449.218750,-44.322290
453.125000,-38.516088
457.031250,-45.434193
460.937500,-53.554215
464.843750,-43.653055
468.750000,-41.540221
472.656250,-55.935348
476.562500,-40.373423
480.468750,-44.340181
484.375000,-58.472956
488.281250,-46.230172
492.187500,-45.640065
496.093750,-39.716255
500.000000,-37.358579
503.906250,-38.660366
507.812500,-44.910138
511.718750,-48.193415
515.625000,-55.124288
519.531250,-45.975758
523.437500,-41.309820
527.343750,-41.297883
531.250000,-50.011365
535.156250,-41.994423
539.062500,-42.844314
542.968750,-43.276744
546.875000,-39.925460
550.781250,-37.615490
554.687500,-39.838179
558.593750,-48.766726
562.500000,-47.732522
566.406250,-42.521672
570.312500,-39.443016
574.218750,-40.166617
578.125000,-35.086780
582.031250,-36.987685
585.937500,-45.264340
589.843750,-40.032015
593.750000,-39.672811
597.656250,-39.885328
601.562500,-39.763678
605.468750,-44.859956
609.375000,-43.215136
613.281250,-41.098358
617.187500,-43.323223
621.093750,-43.970743
625.000000,-44.609051
628.906250,-48.028948
632.812500,-44.179711
636.718750,-45.252078
640.625000,-35.748356
644.531250,-36.721340
648.437500,-40.650451
652.343750,-41.711981
656.250000,-46.904775
660.156250,-47.839319
664.062500,-57.073880
667.968750,-56.853369
671.875000,-51.577711
675.781250,-41.818849
679.687500,-41.114453
683.593750,-47.038532
687.500000,-48.527107
691.406250,-50.249631
695.312500,-47.943957
699.218750,-52.571920
703.125000,-46.895795
707.031250,-43.855667
710.937500,-46.796908
714.843750,-49.301662
718.750000,-55.619677
722.656250,-45.517534
726.562500,-50.098192
730.468750,-52.319318
734.375000,-43.141925
738.281250,-41.353622
742.187500,-46.239632
746.093750,-39.794200
750.000000,-41.949760
753.906250,-63.402245
757.812500,-45.271642
761.718750,-36.392297
765.625000,-37.662854
769.531250,-58.980897
773.437500,-45.219080
777.343750,-40.856014
781.250000,-40.623231
785.156250,-39.333013
789.062500,-43.511892
792.968750,-51.742925
796.875000,-43.587383
800.781250,-41.743221
804.687500,-46.517213
808.593750,-46.649028
812.500000,-46.897333
816.406250,-39.956517
820.312500,-37.536623
824.218750,-50.031917
828.125000,-54.518896
832.031250,-43.952198
835.937500,-38.450828
839.843750,-39.248325
843.750000,-44.178118
847.656250,-39.263634
851.562500,-41.551704
855.468750,-58.978682
859.375000,-49.929639
863.281250,-47.070997
867.187500,-43.377289
871.093750,-40.670724
875.000000,-48.461975
878.906250,-45.331540
882.812500,-45.168086
886.718750,-49.580685
890.625000,-50.476561
894.531250,-49.131845
898.437500,-41.558517
902.343750,-43.296077
906.250000,-45.922975
910.156250,-43.577083
914.062500,-44.380202
917.968750,-42.979237
921.875000,-49.704855
925.781250,-57.454816
929.687500,-44.577616
933.593750,-45.951012
937.500000,-47.325727
941.406250,-58.240755
945.312500,-51.112148
949.218750,-46.879547
953.125000,-42.103817
957.031250,-48.094898
960.937500,-38.224157
964.843750,-44.725835
968.750000,-40.354771
972.656250,-38.901269
976.562500,-42.365305
980.468750,-43.684423
984.375000,-41.314107
988.281250,-41.251368
992.187500,-41.602635
996.093750,-61.686295
1000.000000,-38.934712
1003.906250,-39.255446
1007.812500,-54.532340
1011.718750,-57.573847
1015.625000,-49.359925
1019.531250,-47.757847
1023.437500,-40.287146
1027.343750,-39.712343
1031.250000,-45.731001
1035.156250,-45.598340
1039.062500,-48.861245
1042.968750,-43.442120
1046.875000,-41.783176
1050.781250,-49.116249
1054.687500,-58.370446
1058.593750,-48.133996
1062.500000,-46.398928
1066.406250,-61.994566
1070.312500,-48.865757
1074.218750,-48.006488
1078.125000,-38.286399
1082.031250,-39.302236
1085.937500,-39.438439
1089.843750,-39.646631
1093.750000,-44.009439
1097.656250,-56.694496
1101.562500,-55.159407
1105.468750,-53.358896
1109.375000,-48.226929
1113.281250,-39.283722
1117.187500,-38.201907
1121.093750,-42.059387
1125.000000,-45.178939
1128.906250,-42.656076
1132.812500,-45.668628
1136.718750,-45.346653
1140.625000,-43.260655
1144.531250,-54.826622
1148.437500,-47.154271
1152.343750,-46.226002
1156.250000,-43.958778
1160.156250,-41.830877
1164.062500,-46.783839
1167.968750,-50.417621
1171.875000,-49.144214
1175.781250,-54.397329
1179.687500,-56.325336
1183.593750,-81.140147
1187.500000,-63.721377
1191.406250,-58.506461
1195.312500,-46.598063
1199.218750,-43.701364
1203.125000,-49.392841
1207.031250,-54.481995
1210.937500,-46.677256
1214.843750,-49.937769
1218.750000,-46.931000
1222.656250,-59.196619
1226.562500,-53.063276
1230.468750,-48.503167
1234.375000,-44.177131
1238.281250,-44.162224
1242.187500,-45.730240
1246.093750,-45.310430
1250.000000,-47.105473
1253.906250,-50.317229
1257.812500,-52.005608
1261.718750,-44.128809
1265.625000,-45.657528
1269.531250,-44.260690
1273.437500,-51.947301
1277.343750,-52.020836
1281.250000,-47.667005
1285.156250,-56.810349
1289.062500,-55.149671
1292.968750,-59.945408
1296.875000,-50.747070
1300.781250,-47.207774
1304.687500,-46.217357
1308.593750,-60.454789
1312.500000,-55.746991
1316.406250,-49.627364
1320.312500,-45.351446
1324.218750,-48.748927
1328.125000,-54.878138
1332.031250,-51.242582
1335.937500,-44.867945
1339.843750,-46.742329
1343.750000,-55.168274
1347.656250,-53.730648
1351.562500,-53.049012
1355.468750,-53.592557
1359.375000,-55.711873
1363.281250,-55.819275
1367.187500,-63.313334
1371.093750,-47.893408
1375.000000,-47.549164
1378.906250,-44.759768
1382.812500,-42.220326
1386.718750,-43.555957
1390.625000,-48.955900
1394.531250,-52.206324
1398.437500,-41.964353
1402.343750,-43.750511
1406.250000,-48.488399
1410.156250,-49.298376
1414.062500,-52.124150
1417.968750,-49.607527
1421.875000,-46.808325
1425.781250,-52.621379
1429.687500,-51.490657
1433.593750,-45.028531
1437.500000,-49.156133
1441.406250,-43.954983
1445.312500,-42.529304
1449.218750,-57.870557
1453.125000,-50.165870
1457.031250,-48.260693
1460.937500,-57.599968
1464.843750,-63.494005
1468.750000,-48.775529
1472.656250,-48.915090
1476.562500,-54.712623
1480.468750,-48.259568
1484.375000,-47.617678
1488.281250,-53.003278
1492.187500,-49.810822
1496.093750,-64.398423
1500.000000,-54.375645
1503.906250,-47.749719
1507.812500,-50.760632
1511.718750,-58.811222
1515.625000,-49.432719
1519.531250,-48.735012
1523.437500,-47.101740
1527.343750,-47.302244
1531.250000,-45.686682
1535.156250,-41.845703
1539.062500,-41.865840
1542.968750,-44.176417
1546.875000,-45.755700
1550.781250,-42.804639
1554.687500,-42.140172
1558.593750,-41.422289
1562.500000,-41.137861
1566.406250,-52.625620
1570.312500,-46.730107
1574.218750,-49.646863
1578.125000,-56.003602
1582.031250,-48.512818
1585.937500,-47.100971
1589.843750,-51.626626
1593.750000,-47.840627
1597.656250,-43.634998
1601.562500,-43.263337
1605.468750,-41.179152
1609.375000,-45.967395
1613.281250,-54.017020
1617.187500,-48.875126
1621.093750,-40.198711
1625.000000,-40.376633
1628.906250,-45.793619
1632.812500,-45.810144
1636.718750,-60.878116
1640.625000,-49.366704
1644.531250,-52.396677
1648.437500,-49.480374
1652.343750,-52.752616
1656.250000,-58.260015
1660.156250,-49.174883
1664.062500,-50.458957
1667.968750,-53.070342
1671.875000,-45.604027
1675.781250,-47.486714
1679.687500,-44.259969
1683.593750,-46.971081
1687.500000,-53.333373
1691.406250,-54.405584
1695.312500,-45.770182
1699.218750,-41.948489
1703.125000,-43.531489
1707.031250,-47.325353
1710.937500,-51.616122
1714.843750,-52.065991
1718.750000,-48.251457
1722.656250,-46.147223
1726.562500,-52.092577
1730.468750,-50.704961
1734.375000,-45.486738
1738.281250,-48.896111
1742.187500,-44.804509
1746.093750,-51.908762
1750.000000,-46.445650
1753.906250,-43.577253
1757.812500,-46.234012
1761.718750,-51.092601
1765.625000,-54.816344
1769.531250,-47.301205
1773.437500,-46.643045
1777.343750,-58.399189
1781.250000,-55.399142
1785.156250,-58.862440
1789.062500,-49.733900
1792.968750,-63.918904
1796.875000,-50.821589
1800.781250,-48.349838
1804.687500,-46.580833
1808.593750,-48.598643
1812.500000,-48.176391
1816.406250,-51.214374
1820.312500,-48.714107
1824.218750,-57.604795
1828.125000,-57.354179
1832.031250,-52.923800
1835.937500,-46.469991
1839.843750,-43.301375
1843.750000,-44.766513
1847.656250,-51.051188
1851.562500,-46.783681
1855.468750,-62.969185
1859.375000,-47.460679
1863.281250,-45.273681
1867.187500,-43.764809
1871.093750,-43.431485
1875.000000,-44.854751
1878.906250,-53.446681
1882.812500,-49.778447
1886.718750,-49.019551
1890.625000,-49.843505
1894.531250,-49.080265
1898.437500,-44.007078
1902.343750,-45.880580
1906.250000,-57.893987
1910.156250,-54.584002
1914.062500,-51.497794
1917.968750,-54.638728
1921.875000,-67.131531
1925.781250,-50.053232
1929.687500,-51.642195
1933.593750,-54.311511
1937.500000,-54.650166
1941.406250,-58.904680
1945.312500,-52.361516
1949.218750,-50.985977
1953.125000,-66.358456
1957.031250,-51.585569
1960.937500,-62.089516
1964.843750,-49.205098
1968.750000,-43.931379
1972.656250,-42.967823
1976.562500,-47.001903
1980.468750,-54.436934
1984.375000,-48.673240
1988.281250,-46.713140
1992.187500,-48.986781
1996.093750,-49.355565
2000.000000,-47.336661
2003.906250,-46.003736
2007.812500,-50.288628
2011.718750,-65.375659
2015.625000,-58.798799
2019.531250,-52.005685
2023.437500,-55.876682
2027.343750,-49.821542
2031.250000,-48.024576
2035.156250,-52.248117
2039.062500,-48.813578
2042.968750,-49.474249
2046.875000,-56.811559
2050.781250,-51.488007
2054.687500,-65.923295
2058.593750,-54.648815
2062.500000,-63.005708
2066.406250,-52.934043
2070.312500,-55.502471
2074.218750,-60.395269
2078.125000,-53.373683
2082.031250,-50.272753
2085.937500,-57.475808
2089.843750,-50.960327
2093.750000,-49.223879
2097.656250,-69.432239
2101.562500,-61.716482
2105.468750,-58.272490
2109.375000,-51.076090
2113.281250,-57.087615
2117.187500,-49.135352
2121.093750,-43.711937
2125.000000,-45.401475
2128.906250,-45.379809
2132.812500,-45.355188
2136.718750,-46.930731
2140.625000,-53.118788
2144.531250,-54.804325
2148.437500,-48.179598
2152.343750,-52.214061
2156.250000,-51.291426
2160.156250,-43.965494
2164.062500,-42.631327
2167.968750,-45.824799
2171.875000,-48.888127
2175.781250,-56.892293
2179.687500,-58.839587
2183.593750,-50.083203
2187.500000,-47.193550
2191.406250,-47.719276
2195.312500,-48.917810
2199.218750,-54.900651
2203.125000,-51.544026
2207.031250,-55.186996
2210.937500,-47.008667
2214.843750,-49.134961
2218.750000,-57.742941
2222.656250,-48.664401
2226.562500,-51.084761
2230.468750,-50.989268
2234.375000,-50.333383
2238.281250,-50.615740
2242.187500,-50.513002
2246.093750,-47.992397
2250.000000,-45.301809
2253.906250,-46.640121
2257.812500,-50.908550
2261.718750,-49.110882
2265.625000,-48.530794
2269.531250,-66.514595
2273.437500,-62.191036
2277.343750,-60.325396
2281.250000,-51.472227
2285.156250,-50.593312
2289.062500,-49.704611
2292.968750,-44.969484
2296.875000,-45.292913
2300.781250,-44.190959
2304.687500,-43.344701
2308.593750,-44.987998
2312.500000,-51.533961
2316.406250,-51.560752
2320.312500,-52.115962
2324.218750,-56.624976
2328.125000,-56.360022
2332.031250,-50.006749
2335.937500,-47.248786
2339.843750,-47.632098
2343.750000,-44.597306
2347.656250,-43.945525
2351.562500,-48.626489
2355.468750,-58.519896
2359.375000,-49.305197
2363.281250,-75.404249
2367.187500,-46.680341
2371.093750,-46.702017
2375.000000,-54.632980
2378.906250,-48.546035
2382.812500,-53.958660
2386.718750,-62.722457
2390.625000,-53.511060
2394.531250,-52.009637
2398.437500,-53.295176
2402.343750,-44.529527
2406.250000,-41.797828
2410.156250,-46.355482
2414.062500,-47.738406
2417.968750,-44.616080
2421.875000,-46.170404
2425.781250,-56.595741
2429.687500,-57.573435
2433.593750,-52.908778
2437.500000,-50.974390
2441.406250,-50.073856
2445.312500,-51.692805
2449.218750,-46.531759
2453.125000,-42.674023
2457.031250,-48.618632
2460.937500,-51.678455
2464.843750,-54.205210
2468.750000,-55.697814
2472.656250,-76.971826
2476.562500,-52.680648
2480.468750,-58.443799
2484.375000,-54.088007
2488.281250,-55.038958
2492.187500,-55.673239
2496.093750,-64.278428
2500.000000,-49.738251
2503.906250,-51.968774
2507.812500,-61.753433
2511.718750,-52.508299
2515.625000,-48.995259
2519.531250,-50.135686
2523.437500,-58.253910
2527.343750,-55.183964
2531.250000,-55.058714
2535.156250,-48.528326
2539.062500,-49.168136
2542.968750,-52.720422
2546.875000,-57.324847
2550.781250,-55.883690
2554.687500,-53.594817
2558.593750,-50.871453
2562.500000,-54.129047
2566.406250,-59.601717
2570.312500,-55.276654
2574.218750,-56.872150
2578.125000,-53.101256
2582.031250,-54.146494
2585.937500,-61.318493
2589.843750,-63.681528
2593.750000,-50.394361
2597.656250,-46.771607
2601.562500,-50.533347
2605.468750,-62.409806
2609.375000,-58.803560
2613.281250,-54.161568
2617.187500,-57.619213
2621.093750,-59.667906
2625.000000,-56.548934
2628.906250,-66.126739
2632.812500,-64.916302
2636.718750,-66.138422
2640.625000,-55.123550
2644.531250,-56.719854
2648.437500,-60.411082
2652.343750,-68.447931
2656.250000,-63.959584
2660.156250,-60.010027
2664.062500,-78.603064
2667.968750,-56.524075
2671.875000,-60.765516
2675.781250,-67.677042
2679.687500,-73.887438
2683.593750,-63.381221
2687.500000,-53.396740
2691.406250,-51.558904
2695.312500,-57.262798
2699.218750,-57.470861
2703.125000,-55.523228
2707.031250,-58.474214
2710.937500,-63.634683
2714.843750,-65.082032
2718.750000,-66.990495
2722.656250,-60.758614
2726.562500,-63.855429
2730.468750,-68.456911
2734.375000,-60.802667
2738.281250,-62.182642
2742.187500,-60.508357
2746.093750,-58.521813
2750.000000,-68.329434
2753.906250,-68.610945
2757.812500,-65.513084
2761.718750,-61.164892
2765.625000,-60.331150
2769.531250,-64.818197
2773.437500,-70.399903
2777.343750,-64.753419
2781.250000,-72.878577
2785.156250,-64.591033
2789.062500,-76.856897
2792.968750,-62.716290
2796.875000,-68.070000
2800.781250,-65.206413
2804.687500,-61.606642
2808.593750,-64.417917
2812.500000,-83.165687
2816.406250,-63.664306
2820.312500,-63.766562
2824.218750,-68.328780
2828.125000,-70.576380
2832.031250,-80.321707
2835.937500,-65.477987
2839.843750,-63.905596
2843.750000,-69.389987
2847.656250,-75.179434
2851.562500,-68.478343
2855.468750,-60.792128
2859.375000,-60.749471
2863.281250,-59.782588
2867.187500,-60.690918
2871.093750,-66.410913
2875.000000,-70.791902
2878.906250,-63.582789
2882.812500,-61.545043
2886.718750,-64.889163
2890.625000,-70.421353
2894.531250,-78.548677
2898.437500,-63.231402
2902.343750,-62.905987
2906.250000,-66.831067
2910.156250,-81.596966
2914.062500,-66.781030
2917.968750,-68.578168
2921.875000,-68.569691
2925.781250,-66.949972
2929.687500,-74.251341
2933.593750,-75.741251
2937.500000,-87.179560
2941.406250,-74.608606
2945.312500,-71.190768
2949.218750,-81.143778
2953.125000,-91.100194
2957.031250,-71.582272
2960.937500,-69.943437
2964.843750,-77.447994
2968.750000,-70.887192
2972.656250,-76.868335
2976.562500,-69.881068
2980.468750,-74.895958
2984.375000,-77.077068
2988.281250,-71.695970
2992.187500,-69.223549
2996.093750,-73.920442
3000.000000,-75.697643
3003.906250,-76.979275
3007.812500,-76.677060
3011.718750,-73.916413
3015.625000,-79.438190
3019.531250,-74.723721
3023.437500,-69.900916
3027.343750,-73.766229
3031.250000,-88.376766
3035.156250,-79.853124
3039.062500,-76.994004
3042.968750,-72.047866
3046.875000,-70.048999
3050.781250,-70.157444
3054.687500,-77.523641
3058.593750,-85.562724
3062.500000,-80.782252
3066.406250,-103.210016
3070.312500,-75.678805
3074.218750,-75.421150
3078.125000,-84.875388
3082.031250,-73.094723
3085.937500,-76.350872
3089.843750,-83.442892
3093.750000,-85.630921
3097.656250,-78.761539
3101.562500,-72.876178
3105.468750,-74.533329
3109.375000,-87.152088
3113.281250,-81.429555
3117.187500,-81.661878
3121.093750,-82.119801
3125.000000,-81.844502
3128.906250,-85.801946
3132.812500,-88.560774
3136.718750,-84.959753
3140.625000,-90.401215
3144.531250,-86.012856
3148.437500,-88.498853
3152.343750,-92.654772
3156.250000,-87.413046
3160.156250,-88.374464
3164.062500,-89.827610
3167.968750,-96.543229
3171.875000,-100.367020
3175.781250,-99.672476
3179.687500,-97.806680
3183.593750,-102.526018
3187.500000,-100.241406
3191.406250,-100.639055
3195.312500,-112.048665
3199.218750,-120.703870
3203.125000,-110.227230
3207.031250,-107.589862
3210.937500,-104.167252
3214.843750,-97.881255
3218.750000,-104.634097
3222.656250,-101.802070
3226.562500,-90.371518
3230.468750,-87.124415
3234.375000,-86.442289
3238.281250,-86.361386
3242.187500,-83.218140
3246.093750,-85.155821
3250.000000,-89.339079
3253.906250,-94.298442
3257.812500,-92.513032
3261.718750,-84.810878
3265.625000,-88.962523
3269.531250,-86.285505
3273.437500,-85.734950
3277.343750,-86.081302
3281.250000,-80.861226
3285.156250,-83.114810
3289.062500,-97.235698
3292.968750,-81.719279
3296.875000,-81.838387
3300.781250,-78.664841
3304.687500,-81.983006
3308.593750,-91.713192
3312.500000,-87.551010
3316.406250,-84.516686
3320.312500,-83.390765
3324.218750,-90.412788
3328.125000,-84.560689
3332.031250,-87.116043
3335.937500,-83.227577
3339.843750,-84.665961
3343.750000,-78.119263
3347.656250,-73.852085
3351.562500,-77.351831
3355.468750,-86.736698
3359.375000,-88.985785
3363.281250,-89.344738
3367.187500,-84.700443
3371.093750,-83.038091
3375.000000,-75.704079
3378.906250,-74.955664
3382.812500,-100.231803
3386.718750,-76.757407
3390.625000,-77.376710
3394.531250,-75.775286
3398.437500,-79.323492
3402.343750,-80.666753
3406.250000,-77.420966
3410.156250,-76.249870
3414.062500,-75.949010
3417.968750,-79.069619
3421.875000,-90.939882
3425.781250,-80.812509
3429.687500,-76.843172
3433.593750,-84.619889
3437.500000,-97.527732
3441.406250,-85.146951
3445.312500,-81.122876
3449.218750,-78.912490
3453.125000,-73.511498
3457.031250,-77.643672
3460.937500,-83.958095
3464.843750,-80.814586
3468.750000,-84.376964
3472.656250,-88.542791
3476.562500,-80.275247
3480.468750,-80.213168
3484.375000,-84.381781
3488.281250,-85.240021
3492.187500,-77.752353
3496.093750,-76.565613
3500.000000,-100.207541
3503.906250,-77.717107
3507.812500,-81.124484
3511.718750,-81.998288
3515.625000,-76.101912
3519.531250,-76.280890
3523.437500,-75.665245
3527.343750,-76.712314
3531.250000,-71.510915
3535.156250,-76.673825
3539.062500,-77.195884
3542.968750,-74.385496
3546.875000,-81.843391
3550.781250,-83.468274
3554.687500,-81.975657
3558.593750,-76.025469
3562.500000,-75.900634
3566.406250,-80.386466
3570.312500,-86.123239
3574.218750,-84.252314
3578.125000,-89.851064
3582.031250,-75.424670
3585.937500,-71.978650
3589.843750,-76.462977
3593.750000,-80.369840
3597.656250,-75.286192
3601.562500,-77.727175
3605.468750,-85.089193
3609.375000,-88.076398
3613.281250,-77.032333
3617.187500,-79.964817
3621.093750,-86.454652
3625.000000,-76.979877
3628.906250,-74.624818
3632.812500,-78.358959
3636.718750,-81.126918
3640.625000,-81.516631
3644.531250,-80.540598
3648.437500,-75.429495
3652.343750,-77.816115
3656.250000,-72.430160
3660.156250,-71.808839
3664.062500,-78.199053
3667.968750,-78.407414
3671.875000,-78.887083
3675.781250,-78.897057
3679.687500,-80.618931
3683.593750,-78.790870
3687.500000,-78.411457
3691.406250,-86.465427
3695.312500,-84.442517
3699.218750,-81.153123
3703.125000,-82.406768
3707.031250,-79.917776
3710.937500,-76.450808
3714.843750,-77.486641
3718.750000,-80.292059
3722.656250,-73.409977
3726.562500,-78.710633
3730.468750,-75.441999
3734.375000,-75.287166
3738.281250,-75.834730
3742.187500,-78.134239
3746.093750,-80.176704
3750.000000,-76.535702
3753.906250,-78.705339
3757.812500,-81.797583
3761.718750,-82.414339
3765.625000,-75.621885
3769.531250,-75.814058
3773.437500,-80.254036
3777.343750,-94.633000
3781.250000,-85.600889
3785.156250,-84.275707
3789.062500,-77.081465
3792.968750,-73.402802
3796.875000,-76.855312
3800.781250,-89.867870
3804.687500,-85.125761
3808.593750,-80.091159
3812.500000,-85.667433
3816.406250,-79.755895
3820.312500,-78.454240
3824.218750,-83.948569
3828.125000,-86.462361
3832.031250,-98.241414
3835.937500,-86.085559
3839.843750,-86.140902
3843.750000,-82.526379
3847.656250,-91.348304
3851.562500,-81.712206
3855.468750,-77.986751
3859.375000,-78.299157
3863.281250,-80.530659
3867.187500,-85.922087
3871.093750,-86.807759
3875.000000,-85.772551
3878.906250,-105.106077
3882.812500,-88.323022
3886.718750,-88.449982
3890.625000,-89.444096
3894.531250,-82.636270
3898.437500,-84.122033
3902.343750,-92.388889
3906.250000,-89.407684
3910.156250,-100.615747
3914.062500,-90.550368
3917.968750,-90.057684
3921.875000,-84.756245
3925.781250,-84.296877
3929.687500,-92.950290
3933.593750,-97.641783
3937.500000,-93.719006
3941.406250,-92.612513
3945.312500,-89.879731
3949.218750,-96.130639
3953.125000,-96.901086
3957.031250,-96.172714
3960.937500,-100.597100
3964.843750,-101.073737
3968.750000,-98.502024
3972.656250,-94.149611
3976.562500,-93.260514
3980.468750,-101.824695
3984.375000,-101.265466
3988.281250,-101.385281
3992.187500,-113.964461
3996.093750,-122.079191
4000.000000,-178.039946
4003.906250,-109.848038
4007.812500,-105.484682
4011.718750,-101.364675
4015.625000,-98.619257
4019.531250,-99.230499
4023.437500,-96.557631
4027.343750,-95.263851
4031.250000,-97.833809
4035.156250,-108.219388
4039.062500,-100.064933
4042.968750,-93.607279
4046.875000,-86.031717
4050.781250,-84.857011
4054.687500,-91.075842
4058.593750,-88.147917
4062.500000,-90.392637
4066.406250,-93.005966
4070.312500,-89.383610
4074.218750,-92.455215
4078.125000,-91.098025
4082.031250,-92.251322
4085.937500,-89.866736
4089.843750,-90.901456
4093.750000,-86.066294
4097.656250,-86.222018
4101.562500,-83.956254
4105.468750,-80.468110
4109.375000,-85.731502
4113.281250,-96.227551
4117.187500,-81.390647
4121.093750,-75.252192
4125.000000,-77.608842
4128.906250,-84.698054
4132.812500,-78.718954
4136.718750,-82.038230
4140.625000,-90.598643
4144.531250,-78.593485
4148.437500,-80.027958
4152.343750,-80.052461
4156.250000,-79.802049
4160.156250,-78.787343
4164.062500,-87.632134
4167.968750,-86.336605
4171.875000,-81.772123
4175.781250,-73.152791
4179.687500,-81.380526
4183.593750,-84.597990
4187.500000,-79.994773
4191.406250,-77.721442
4195.312500,-83.099184
4199.218750,-79.498814
4203.125000,-75.439629
4207.031250,-75.984883
4210.937500,-80.675620
4214.843750,-80.288327
4218.750000,-74.274776
4222.656250,-77.459765
4226.562500,-83.962347
4230.468750,-73.423770
4234.375000,-69.223147
4238.281250,-70.290545
4242.187500,-79.043513
4246.093750,-83.311948
4250.000000,-84.294666
4253.906250,-73.159629
4257.812500,-78.792129
4261.718750,-77.055895
4265.625000,-75.137279
4269.531250,-79.402931
4273.437500,-76.036455
4277.343750,-68.657853
4281.250000,-71.613356
4285.156250,-77.820591
4289.062500,-75.717559
4292.968750,-75.722634
4296.875000,-75.846606
4300.781250,-68.753206
4304.687500,-73.795696
4308.593750,-78.072821
4312.500000,-67.978128
4316.406250,-67.890251
4320.312500,-93.259167
4324.218750,-68.539243
4328.125000,-75.862792
4332.031250,-68.790062
4335.937500,-67.766047
4339.843750,-77.385912
4343.750000,-75.020554
4347.656250,-76.823821
4351.562500,-79.373604
4355.468750,-87.615669
4359.375000,-73.401091
4363.281250,-68.622803
4367.187500,-75.450889
4371.093750,-67.033867
4375.000000,-65.247096
4378.906250,-70.005421
4382.812500,-75.807129
4386.718750,-75.004132
4390.625000,-88.111660
4394.531250,-74.955593
4398.437500,-86.155472
4402.343750,-75.170461
4406.250000,-70.646157
4410.156250,-71.898716
4414.062500,-70.793470
4417.968750,-76.082565
4421.875000,-73.157150
4425.781250,-70.186462
4429.687500,-70.968909
4433.593750,-77.201874
4437.500000,-71.296141
4441.406250,-71.651755
4445.312500,-76.127359
4449.218750,-75.083857
4453.125000,-69.217369
4457.031250,-70.329077
4460.937500,-68.846515
4464.843750,-73.525513
4468.750000,-75.382083
4472.656250,-68.082734
4476.562500,-71.591649
4480.468750,-69.036636
4484.375000,-74.892912
4488.281250,-71.209232
4492.187500,-63.854297
4496.093750,-65.741637
4500.000000,-70.014036
4503.906250,-74.612949
4507.812500,-70.587103
4511.718750,-65.157469
4515.625000,-66.432369
4519.531250,-72.656899
4523.437500,-66.093764
4527.343750,-65.092741
4531.250000,-69.866730
4535.156250,-77.691686
4539.062500,-74.041821
4542.968750,-68.401529
4546.875000,-66.086971
4550.781250,-68.465753
4554.687500,-68.887457
4558.593750,-66.198670
4562.500000,-63.026233
4566.406250,-60.132783
4570.312500,-61.534923
4574.218750,-67.458903
4578.125000,-68.047435
4582.031250,-69.329958
4585.937500,-72.808803
4589.843750,-69.797255
4593.750000,-72.630093
4597.656250,-67.903742
4601.562500,-59.639537
4605.468750,-58.929866
4609.375000,-64.509019
4613.281250,-82.968127
4617.187500,-82.157062
4621.093750,-79.353765
4625.000000,-72.080019
4628.906250,-70.149908
4632.812500,-70.438353
4636.718750,-72.242591
4640.625000,-69.056541
4644.531250,-62.417355
4648.437500,-63.542260
4652.343750,-65.503920
4656.250000,-60.431499
4660.156250,-58.315975
4664.062500,-58.017607
4667.968750,-57.656187
4671.875000,-59.248025
4675.781250,-64.060697
4679.687500,-82.179724
4683.593750,-68.778140
4687.500000,-73.403133
4691.406250,-87.235347
4695.312500,-67.288370
4699.218750,-59.703214
4703.125000,-63.486441
4707.031250,-76.037137
4710.937500,-71.146623
4714.843750,-77.434940
4718.750000,-68.840858
4722.656250,-64.026415
4726.562500,-69.536442
4730.468750,-66.342578
4734.375000,-60.199079
4738.281250,-63.989772
4742.187500,-63.095180
4746.093750,-79.384228
4750.000000,-65.529923
4753.906250,-70.670775
4757.812500,-76.861514
4761.718750,-75.890907
4765.625000,-61.678858
4769.531250,-58.213394
4773.437500,-60.945678
4777.343750,-54.880995
4781.250000,-61.222020
4785.156250,-62.982160
4789.062500,-61.999920
4792.968750,-73.675640
4796.875000,-58.304357
4800.781250,-55.554206
4804.687500,-57.705581
4808.593750,-63.437708
4812.500000,-63.946037
4816.406250,-60.786845
4820.312500,-58.940483
4824.218750,-69.609832
4828.125000,-59.543392
4832.031250,-58.038186
4835.937500,-61.781427
4839.843750,-59.561645
4843.750000,-66.141587
4847.656250,-64.679674
4851.562500,-58.338139
4855.468750,-59.500026
4859.375000,-67.635915
4863.281250,-62.696505
4867.187500,-67.795782
4871.093750,-64.753540
4875.000000,-58.791988
4878.906250,-53.949042
4882.812500,-54.885486
4886.718750,-59.436341
4890.625000,-61.863570
4894.531250,-58.335326
4898.437500,-62.012862
4902.343750,-67.511653
4906.250000,-76.325494
4910.156250,-65.952253
4914.062500,-58.084111
4917.968750,-55.886880
4921.875000,-59.181928
4925.781250,-63.240890
4929.687500,-53.496695
4933.593750,-56.744634
4937.500000,-69.723788
4941.406250,-60.382803
4945.312500,-57.934490
4949.218750,-57.441981
4953.125000,-66.100481
4957.031250,-59.987947
4960.937500,-57.405589
4964.843750,-60.249360
4968.750000,-66.801253
4972.656250,-73.922220
4976.562500,-63.213232
4980.468750,-65.403537
4984.375000,-62.384050
4988.281250,-56.776135
4992.187500,-58.613416
4996.093750,-60.273205
5000.000000,-73.067502
5003.906250,-63.317595
5007.812500,-68.493700
5011.718750,-63.658854
5015.625000,-56.267093
5019.531250,-59.975330
5023.437500,-69.141326
5027.343750,-67.256603
5031.250000,-61.631055
5035.156250,-58.003949
5039.062500,-57.398305
5042.968750,-59.235747
5046.875000,-63.875593
5050.781250,-71.885405
5054.687500,-76.702898
5058.593750,-66.057097
5062.500000,-58.905022
5066.406250,-65.918328
5070.312500,-61.522992
5074.218750,-59.110539
5078.125000,-60.315534
5082.031250,-59.565416
5085.937500,-62.642925
5089.843750,-62.840397
5093.750000,-61.041518
5097.656250,-61.553996
5101.562500,-57.648785
5105.468750,-61.844376
5109.375000,-66.360667
5113.281250,-68.663612
5117.187500,-73.014490
5121.093750,-58.341824
5125.000000,-56.863898
5128.906250,-64.702549
5132.812500,-67.433319
5136.718750,-67.805226
5140.625000,-64.668869
5144.531250,-67.510813
5148.437500,-67.086014
5152.343750,-62.342706
5156.250000,-61.800405
5160.156250,-64.965030
5164.062500,-79.146180
5167.968750,-62.534987
5171.875000,-67.780359
5175.781250,-60.888527
5179.687500,-60.096875
5183.593750,-66.144931
5187.500000,-67.536329
5191.406250,-64.976204
5195.312500,-67.456950
5199.218750,-67.686286
5203.125000,-60.579156
5207.031250,-58.324741
5210.937500,-62.721707
5214.843750,-69.435280
5218.750000,-68.204549
5222.656250,-62.661553
5226.562500,-58.868827
5230.468750,-61.841080
5234.375000,-67.600111
5238.281250,-78.495211
5242.187500,-61.309812
5246.093750,-59.859241
5250.000000,-62.459223
5253.906250,-68.442744
5257.812500,-70.387388
5261.718750,-71.680373
5265.625000,-74.991740
5269.531250,-68.687197
5273.437500,-88.851603
5277.343750,-72.917001
5281.250000,-74.219085
5285.156250,-78.521899
5289.062500,-74.359099
5292.968750,-70.498456
5296.875000,-69.612849
5300.781250,-61.680546
5304.687500,-62.283872
5308.593750,-63.331120
5312.500000,-71.743309
5316.406250,-74.708937
5320.312500,-65.157335
5324.218750,-60.619328
5328.125000,-69.120622
5332.031250,-69.072444
5335.937500,-62.235549
5339.843750,-60.323514
5343.750000,-57.803220
5347.656250,-59.337260
5351.562500,-74.617763
5355.468750,-68.374268
5359.375000,-80.950569
5363.281250,-74.388543
5367.187500,-69.644643
5371.093750,-62.503982
5375.000000,-64.210249
5378.906250,-62.636887
5382.812500,-58.949370
5386.718750,-60.783735
5390.625000,-61.661968
5394.531250,-63.467782
5398.437500,-67.738733
5402.343750,-83.161857
5406.250000,-65.717777
5410.156250,-64.739049
5414.062500,-75.103771
5417.968750,-66.723135
5421.875000,-74.001786
5425.781250,-84.859673
5429.687500,-78.181550
5433.593750,-84.792800
5437.500000,-75.321982
5441.406250,-76.538165
5445.312500,-70.841472
5449.218750,-61.652122
5453.125000,-62.629085
5457.031250,-66.861334
5460.937500,-75.776967
5464.843750,-75.151891
5468.750000,-66.509591
5472.656250,-65.825069
5476.562500,-66.919166
5480.468750,-76.207267
5484.375000,-64.650619
5488.281250,-68.330291
5492.187500,-67.486237
5496.093750,-80.608966
5500.000000,-73.469698
5503.906250,-69.599352
5507.812500,-62.261147
5511.718750,-61.178809
5515.625000,-72.016994
5519.531250,-62.287962
5523.437500,-63.908267
5527.343750,-71.915450
5531.250000,-75.887382
5535.156250,-70.305405
5539.062500,-69.478708
5542.968750,-68.009867
5546.875000,-60.961192
5550.781250,-64.411795
5554.687500,-75.268751
5558.593750,-77.426333
5562.500000,-71.407295
5566.406250,-62.870345
5570.312500,-63.070915
5574.218750,-66.407549
5578.125000,-62.338456
5582.031250,-62.650104
5585.937500,-66.938922
5589.843750,-65.706260
5593.750000,-71.115474
5597.656250,-77.021157
5601.562500,-66.283714
5605.468750,-65.899472
5609.375000,-69.971800
5613.281250,-69.186970
5617.187500,-63.473503
5621.093750,-66.973140
5625.000000,-71.151305
5628.906250,-72.329845
5632.812500,-69.595201
5636.718750,-73.510083
5640.625000,-68.053384
5644.531250,-75.372915
5648.437500,-74.581398
5652.343750,-74.319861
5656.250000,-66.943771
5660.156250,-61.243336
5664.062500,-63.217494
5667.968750,-68.772442
5671.875000,-69.839634
5675.781250,-63.156483
5679.687500,-66.233289
5683.593750,-75.338760
5687.500000,-72.260159
5691.406250,-70.630672
5695.312500,-65.043830
5699.218750,-67.571727
5703.125000,-70.400292
5707.031250,-67.487709
5710.937500,-76.811627
5714.843750,-64.608361
5718.750000,-73.190145
5722.656250,-64.299330
5726.562500,-70.591701
5730.468750,-85.291734
5734.375000,-69.687811
5738.281250,-68.047795
5742.187500,-70.954089
5746.093750,-71.767760
5750.000000,-70.386965
5753.906250,-67.130812
5757.812500,-66.003089
5761.718750,-62.736535
5765.625000,-68.169288
5769.531250,-74.276260
5773.437500,-64.933480
5777.343750,-68.332435
5781.250000,-79.274226
5785.156250,-74.670546
5789.062500,-81.617543
5792.968750,-75.116811
5796.875000,-73.184403
5800.781250,-69.712887
5804.687500,-68.169908
5808.593750,-75.523055
5812.500000,-68.166427
5816.406250,-68.833859
5820.312500,-75.733295
5824.218750,-75.521012
5828.125000,-72.306678
5832.031250,-75.450279
5835.937500,-66.438050
5839.843750,-67.443444
5843.750000,-67.573457
5847.656250,-71.809490
5851.562500,-66.122868
5855.468750,-64.357008
5859.375000,-65.454053
5863.281250,-70.471699
5867.187500,-79.417538
5871.093750,-78.406267
5875.000000,-80.646315
5878.906250,-73.559505
5882.812500,-75.109929
5886.718750,-77.417119
5890.625000,-77.768759
5894.531250,-70.986359
5898.437500,-67.909146
5902.343750,-68.091314
5906.250000,-71.884713
5910.156250,-89.185676
5914.062500,-95.780840
5917.968750,-75.072554
5921.875000,-72.795792
5925.781250,-79.857173
5929.687500,-73.147326
5933.593750,-68.872311
5937.500000,-72.964065
5941.406250,-70.295892
5945.312500,-68.421775
5949.218750,-77.600159
5953.125000,-79.364358
5957.031250,-74.824443
5960.937500,-67.049174
5964.843750,-66.806621
5968.750000,-75.833796
5972.656250,-74.038227
5976.562500,-73.898295
5980.468750,-69.445013
5984.375000,-72.939068
5988.281250,-77.388243
5992.187500,-75.991878
5996.093750,-73.777112
6000.000000,-73.396711
6003.906250,-80.559525
6007.812500,-77.810116
6011.718750,-77.014851
6015.625000,-88.207244
6019.531250,-72.449658
6023.437500,-77.385434
6027.343750,-86.078791
6031.250000,-79.540342
6035.156250,-76.561675
6039.062500,-79.262726
6042.968750,-81.264993
6046.875000,-88.162747
6050.781250,-77.621449
6054.687500,-79.226594
6058.593750,-79.559959
6062.500000,-75.520754
6066.406250,-74.345961
6070.312500,-83.265354
6074.218750,-74.980816
6078.125000,-74.156366
6082.031250,-79.574108
6085.937500,-84.226886
6089.843750,-78.102282
6093.750000,-72.326817
6097.656250,-74.131566
6101.562500,-71.267257
6105.468750,-79.456325
6109.375000,-75.400414
6113.281250,-80.054525
6117.187500,-80.658907
6121.093750,-75.384824
6125.000000,-72.079121
6128.906250,-76.624134
6132.812500,-75.885424
6136.718750,-82.157508
6140.625000,-89.164999
6144.531250,-85.123517
6148.437500,-77.018251
6152.343750,-74.506065
6156.250000,-77.010017
6160.156250,-76.688350
6164.062500,-76.923082
6167.968750,-81.448116
6171.875000,-83.511443
6175.781250,-94.170906
6179.687500,-84.052766
6183.593750,-77.049477
6187.500000,-79.221828
6191.406250,-86.090973
6195.312500,-82.095698
6199.218750,-89.143619
6203.125000,-85.339609
6207.031250,-75.486726
6210.937500,-75.810059
6214.843750,-85.345419
6218.750000,-89.215662
6222.656250,-83.279189
6226.562500,-80.809929
6230.468750,-84.951070
6234.375000,-82.566152
6238.281250,-82.920722
6242.187500,-82.712805
6246.093750,-89.297516
6250.000000,-106.246095
6253.906250,-81.243131
6257.812500,-77.015099
6261.718750,-78.497007
6265.625000,-83.654804
6269.531250,-86.079170
6273.437500,-88.299611
6277.343750,-89.781100
6281.250000,-92.822014
6285.156250,-100.055860
6289.062500,-87.378628
6292.968750,-85.749752
6296.875000,-93.640393
6300.781250,-86.317384
6304.687500,-92.701766
6308.593750,-97.082152
6312.500000,-100.973268
6316.406250,-88.012924
6320.312500,-84.987836
6324.218750,-89.582075
6328.125000,-91.578534
6332.031250,-101.240273
6335.937500,-89.703307
6339.843750,-89.600971
6343.750000,-94.069142
6347.656250,-88.668661
6351.562500,-96.004068
6355.468750,-100.871770
6359.375000,-93.862842
6363.281250,-96.334970
6367.187500,-94.166308
6371.093750,-89.970308
6375.000000,-92.806764
6378.906250,-113.874881
6382.812500,-97.529779
6386.718750,-96.429223
6390.625000,-102.542763
6394.531250,-109.702991
6398.437500,-121.463512
6402.343750,-125.196878
6406.250000,-121.522888
6410.156250,-118.877776
6414.062500,-112.638806
6417.968750,-104.102788
6421.875000,-103.848685
6425.781250,-117.058539
6429.687500,-109.409283
6433.593750,-98.600501
6437.500000,-96.313824
6441.406250,-95.044707
6445.312500,-96.053882
6449.218750,-95.872929
6453.125000,-92.603889
6457.031250,-92.252101
6460.937500,-88.724022
6464.843750,-90.358108
6468.750000,-100.079003
6472.656250,-97.066384
6476.562500,-89.671620
6480.468750,-89.288649
6484.375000,-102.858346
6488.281250,-92.945306
6492.187500,-89.724936
6496.093750,-86.739524
6500.000000,-85.794554
6503.906250,-81.360765
6507.812500,-85.023831
6511.718750,-90.746634
6515.625000,-97.752686
6519.531250,-96.889735
6523.437500,-87.935220
6527.343750,-89.851103
6531.250000,-87.184528
6535.156250,-92.312039
6539.062500,-90.754725
6542.968750,-90.724423
6546.875000,-93.981114
6550.781250,-93.229029
6554.687500,-89.303686
6558.593750,-85.504144
6562.500000,-85.423724
6566.406250,-78.065341
6570.312500,-82.939592
6574.218750,-89.103217
6578.125000,-87.509816
6582.031250,-82.880908
6585.937500,-80.335406
6589.843750,-78.376507
6593.750000,-82.753560
6597.656250,-81.187437
6601.562500,-79.744713
6605.468750,-82.102086
6609.375000,-79.760419
6613.281250,-81.916629
6617.187500,-83.293025
6621.093750,-85.944280
6625.000000,-84.531305
6628.906250,-81.737938
6632.812500,-83.924835
6636.718750,-81.082541
6640.625000,-83.295558
6644.531250,-92.773270
6648.437500,-81.159586
6652.343750,-84.600416
6656.250000,-86.346010
6660.156250,-97.447988
6664.062500,-78.162724
6667.968750,-76.665125
6671.875000,-76.854615
6675.781250,-77.078186
6679.687500,-80.053657
6683.593750,-85.744323
6687.500000,-83.789434
6691.406250,-76.459046
6695.312500,-74.118222
6699.218750,-72.936574
6703.125000,-74.249083
6707.031250,-76.088694
6710.937500,-79.058530
6714.843750,-81.254624
6718.750000,-72.935693
6722.656250,-74.367151
6726.562500,-92.002189
6730.468750,-78.188456
6734.375000,-79.199978
6738.281250,-86.793759
6742.187500,-87.684269
6746.093750,-91.127804
6750.000000,-79.159465
6753.906250,-83.907724
6757.812500,-82.621216
6761.718750,-76.690173
6765.625000,-82.013271
6769.531250,-80.636820
6773.437500,-83.464093
6777.343750,-84.262316
6781.250000,-81.072000
6785.156250,-77.003137
6789.062500,-84.996988
6792.968750,-76.383731
6796.875000,-77.975661
6800.781250,-85.078285
6804.687500,-77.717597
6808.593750,-76.130480
6812.500000,-80.870677
6816.406250,-83.157577
6820.312500,-82.750363
6824.218750,-77.396455
6828.125000,-79.930948
6832.031250,-78.032816
6835.937500,-77.330849
6839.843750,-87.389263
6843.750000,-77.843437
6847.656250,-75.185280
6851.562500,-78.117651
6855.468750,-78.148796
6859.375000,-71.130451
6863.281250,-75.503167
6867.187500,-81.524733
6871.093750,-85.133923
6875.000000,-84.266879
6878.906250,-80.747692
6882.812500,-88.959321
6886.718750,-82.530855
6890.625000,-74.598808
6894.531250,-75.008390
6898.437500,-79.848550
6902.343750,-79.069590
6906.250000,-72.906316
6910.156250,-76.516705
6914.062500,-74.729451
6917.968750,-68.922682
6921.875000,-68.684675
6925.781250,-87.973783
6929.687500,-73.996941
6933.593750,-79.884166
6937.500000,-79.019147
6941.406250,-76.298599
6945.312500,-73.784549
6949.218750,-72.649815
6953.125000,-74.731111
6957.031250,-72.462255
6960.937500,-74.153576
6964.843750,-76.988549
6968.750000,-76.847072
6972.656250,-75.472245
6976.562500,-76.148360
6980.468750,-81.806674
6984.375000,-79.309967
6988.281250,-77.642057
6992.187500,-74.977460
6996.093750,-81.439449
7000.000000,-84.338088
7003.906250,-94.656797
7007.812500,-80.800815
7011.718750,-73.289024
7015.625000,-83.140143
7019.531250,-82.565461
7023.437500,-71.271441
7027.343750,-71.785678
7031.250000,-80.618907
7035.156250,-79.925373
7039.062500,-82.285758
7042.968750,-79.811207
7046.875000,-77.241793
7050.781250,-75.885408
7054.687500,-78.651098
7058.593750,-81.247736
7062.500000,-76.837764
7066.406250,-72.543837
7070.312500,-69.617610
7074.218750,-73.638912
7078.125000,-80.103732
7082.031250,-79.503318
7085.937500,-77.279934
7089.843750,-71.025772
7093.750000,-77.984158
7097.656250,-76.073569
7101.562500,-78.867350
7105.468750,-74.944276
7109.375000,-75.970832
7113.281250,-79.221393
7117.187500,-71.615544
7121.093750,-85.911261
7125.000000,-77.562408
7128.906250,-76.648421
7132.812500,-78.891004
7136.718750,-73.705792
7140.625000,-83.844568
7144.531250,-70.430152
7148.437500,-73.595579
7152.343750,-76.188180
7156.250000,-78.637703
7160.156250,-77.955902
7164.062500,-83.390790
7167.968750,-74.790107
7171.875000,-70.662674
7175.781250,-68.502962
7179.687500,-68.572863
7183.593750,-75.840027
7187.500000,-67.991717
7191.406250,-73.655100
7195.312500,-72.723537
7199.218750,-78.898062
7203.125000,-69.883345
7207.031250,-71.643918
7210.937500,-71.828011
7214.843750,-73.721306
7218.750000,-78.862268
7222.656250,-88.571176
7226.562500,-75.554431
7230.468750,-78.528220
7234.375000,-72.587396
7238.281250,-81.147539
7242.187500,-85.558306
7246.093750,-80.620835
7250.000000,-74.718065
7253.906250,-75.358077
7257.812500,-72.201189
7261.718750,-71.836475
7265.625000,-83.665093
7269.531250,-69.219760
7273.437500,-69.494840
7277.343750,-71.286511
7281.250000,-72.646754
7285.156250,-70.901791
7289.062500,-70.684613
7292.968750,-78.679173
7296.875000,-76.588852
7300.781250,-72.897964
7304.687500,-70.608572
7308.593750,-74.117515
7312.500000,-72.419963
7316.406250,-73.993217
7320.312500,-83.229915
7324.218750,-76.871905
7328.125000,-71.627353
7332.031250,-76.299090
7335.937500,-77.445245
7339.843750,-71.204831
7343.750000,-69.076312
7347.656250,-69.152995
7351.562500,-74.935229
7355.468750,-79.708408
7359.375000,-85.055098
7363.281250,-74.707690
7367.187500,-75.327605
7371.093750,-74.572017
7375.000000,-72.344294
7378.906250,-71.945756
7382.812500,-70.669371
7386.718750,-71.664864
7390.625000,-69.383252
7394.531250,-67.211054
7398.437500,-71.131034
7402.343750,-82.257527
7406.250000,-72.670503
7410.156250,-79.217311
7414.062500,-76.761790
7417.968750,-76.152971
7421.875000,-78.009397
7425.781250,-75.166258
7429.687500,-71.060512
7433.593750,-73.451380
7437.500000,-76.306430
7441.406250,-80.596740
7445.312500,-77.240677
7449.218750,-70.104672
7453.125000,-76.508263
7457.031250,-79.793335
7460.937500,-81.099798
7464.843750,-75.645704
7468.750000,-75.740995
7472.656250,-84.714975
7476.562500,-79.818378
7480.468750,-74.991553
7484.375000,-79.058189
7488.281250,-79.501343
7492.187500,-74.443486
7496.093750,-81.706145
7500.000000,-82.265511
7503.906250,-77.346499
7507.812500,-78.369014
7511.718750,-86.154346
7515.625000,-80.786128
7519.531250,-79.359503
7523.437500,-78.765765
7527.343750,-88.536266
7531.250000,-75.309655
7535.156250,-74.152715
7539.062500,-75.237657
7542.968750,-86.537064
7546.875000,-75.983417
7550.781250,-75.441731
7554.687500,-76.783088
7558.593750,-74.984087
7562.500000,-81.924330
7566.406250,-74.160223
7570.312500,-91.101189
7574.218750,-74.341365
7578.125000,-75.754420
7582.031250,-83.167613
7585.937500,-86.487017
7589.843750,-77.505450
7593.750000,-77.376137
7597.656250,-79.074033
7601.562500,-73.078524
7605.468750,-74.646903
7609.375000,-90.472895
7613.281250,-87.004126
7617.187500,-81.633862
7621.093750,-79.587654
7625.000000,-88.755961
7628.906250,-90.477959
7632.812500,-80.315057
7636.718750,-78.985118
7640.625000,-83.176751
7644.531250,-86.807741
7648.437500,-79.251377
7652.343750,-90.036433
7656.250000,-77.594177
7660.156250,-78.198282
7664.062500,-82.678191
7667.968750,-93.521655
7671.875000,-80.793454
7675.781250,-79.349646
7679.687500,-84.631765
7683.593750,-82.597416
7687.500000,-82.042069
7691.406250,-86.919520
7695.312500,-83.146038
7699.218750,-76.000512
7703.125000,-74.661187
7707.031250,-79.832528
7710.937500,-81.720986
7714.843750,-82.533782
7718.750000,-80.582773
7722.656250,-86.363719
7726.562500,-78.990141
7730.468750,-74.511356
7734.375000,-76.742650
7738.281250,-89.417513
7742.187500,-86.411531
7746.093750,-98.401838
7750.000000,-84.075916
7753.906250,-82.792349
7757.812500,-87.725450
7761.718750,-80.150995
7765.625000,-79.249279
7769.531250,-86.248658
7773.437500,-91.823527
7777.343750,-86.186197
7781.250000,-92.628726
7785.156250,-92.968934
7789.062500,-88.778104
7792.968750,-94.519432
7796.875000,-81.797399
7800.781250,-82.902300
7804.687500,-96.006223
7808.593750,-89.183562
7812.500000,-83.831947
7816.406250,-80.769853
7820.312500,-102.280600
7824.218750,-80.199739
7828.125000,-85.014659
7832.031250,-85.435042
7835.937500,-88.557704
7839.843750,-94.229672
7843.750000,-88.458245
7847.656250,-82.462622
7851.562500,-80.939041
7855.468750,-83.586075
7859.375000,-86.762671
7863.281250,-88.748029
7867.187500,-89.692410
7871.093750,-94.194086
7875.000000,-91.440716
7878.906250,-92.445378
7882.812500,-90.369776
7886.718750,-90.964116
7890.625000,-92.659185
7894.531250,-87.444419
7898.437500,-90.524373
7902.343750,-87.053389
7906.250000,-97.947404
7910.156250,-96.231937
7914.062500,-92.284529
7917.968750,-88.980468
7921.875000,-86.939193
7925.781250,-94.221962
7929.687500,-95.080495
7933.593750,-92.540559
7937.500000,-91.502114
7941.406250,-101.769373
7945.312500,-92.579340
7949.218750,-95.393460
7953.125000,-87.185550
7957.031250,-92.917719
7960.937500,-104.172009
7964.843750,-103.337113
7968.750000,-104.776324
7972.656250,-110.917745
7976.562500,-106.302797
7980.468750,-110.436422
7984.375000,-107.247588
7988.281250,-101.400168
7992.187500,-107.343387
7996.093750,-121.410537
