-24000.000000,-191.465317
-23988.281250,-146.136461
-23976.562500,-131.383893
-23964.843750,-126.130149
-23953.125000,-119.411553
-23941.406250,-116.203050
-23929.687500,-124.683189
-23917.968750,-116.695657
-23906.250000,-111.888909
-23894.531250,-111.681047
-23882.812500,-111.063474
-23871.093750,-113.025197
-23859.375000,-110.949364
-23847.656250,-106.272832
-23835.937500,-104.193262
-23824.218750,-111.043592
-23812.500000,-115.438545
-23800.781250,-113.293601
-23789.062500,-110.687929
-23777.343750,-100.622861
-23765.625000,-100.212254
-23753.906250,-100.272358
-23742.187500,-106.381427
-23730.468750,-101.639461
-23718.750000,-104.854592
-23707.031250,-120.849777
-23695.312500,-108.070182
-23683.593750,-100.925788
-23671.875000,-102.941241
-23660.156250,-98.626598
-23648.437500,-104.303368
-23636.718750,-98.063042
-23625.000000,-94.834472
-23613.281250,-97.662250
-23601.562500,-105.467434
-23589.843750,-108.999717
-23578.125000,-108.183885
-23566.406250,-101.187609
-23554.687500,-97.947455
-23542.968750,-100.322028
-23531.250000,-90.949690
-23519.531250,-93.777054
-23507.812500,-94.887945
-23496.093750,-92.991387
-23484.375000,-101.379595
-23472.656250,-111.182621
-23460.937500,-98.475065
-23449.218750,-98.325768
-23437.500000,-108.117517
-23425.781250,-102.347101
-23414.062500,-94.736216
-23402.343750,-94.242411
-23390.625000,-95.859445
-23378.906250,-96.621495
-23367.187500,-103.647833
-23355.468750,-97.822576
-23343.750000,-106.040119
-23332.031250,-104.147896
-23320.312500,-102.024044
-23308.593750,-97.611645
-23296.875000,-99.923113
-23285.156250,-95.675836
-23273.437500,-93.749266
-23261.718750,-92.005795
-23250.000000,-92.985088
-23238.281250,-101.468279
-23226.562500,-94.398255
-23214.843750,-91.051360
-23203.125000,-92.607917
-23191.406250,-91.302511
-23179.687500,-96.105718
-23167.968750,-96.216921
-23156.250000,-97.998838
-23144.531250,-101.076621
-23132.812500,-88.597729
-23121.093750,-88.474767
-23109.375000,-91.961428
-23097.656250,-93.407580
-23085.937500,-92.981373
-23074.218750,-94.344017
-23062.500000,-92.067219
-23050.781250,-86.758916
-23039.062500,-88.855821
-23027.343750,-87.085011
-23015.625000,-90.873511
-23003.906250,-104.169251
-22992.187500,-101.802173
-22980.468750,-107.987334
-22968.750000,-95.189972
-22957.031250,-96.462429
-22945.312500,-101.786157
-22933.593750,-89.728258
-22921.875000,-91.288367
-22910.156250,-90.743689
-22898.437500,-90.428805
-22886.718750,-88.270362
-22875.000000,-89.116596
-22863.281250,-96.438912
-22851.562500,-89.980644
-22839.843750,-85.918800
-22828.125000,-87.102230
-22816.406250,-86.608359
-22804.687500,-86.186085
-22792.968750,-110.530452
-22781.250000,-83.947887
-22769.531250,-83.323148
-22757.812500,-82.004998
-22746.093750,-85.428222
-22734.375000,-88.198656
-22722.656250,-87.275006
-22710.937500,-89.179241
-22699.218750,-88.954577
-22687.500000,-86.531537
-22675.781250,-90.160667
-22664.062500,-98.724292
-22652.343750,-90.356549
-22640.625000,-93.454492
-22628.906250,-84.429146
-22617.187500,-85.542431
-22605.468750,-90.213017
-22593.750000,-94.253963
-22582.031250,-93.171472
-22570.312500,-92.303981
-22558.593750,-94.134159
-22546.875000,-87.364211
-22535.156250,-89.765463
-22523.437500,-89.812004
-22511.718750,-88.774614
-22500.000000,-85.694869
-22488.281250,-100.353977
-22476.562500,-88.787071
-22464.843750,-94.794649
-22453.125000,-87.449931
-22441.406250,-90.508278
-22429.687500,-88.514262
-22417.968750,-83.224021
-22406.250000,-80.480732
-22394.531250,-83.131670
-22382.812500,-85.177216
-22371.093750,-88.356640
-22359.375000,-83.163552
-22347.656250,-86.711787
-22335.937500,-85.926425
-22324.218750,-82.514622
-22312.500000,-84.499219
-22300.781250,-86.174785
-22289.062500,-86.280651
-22277.343750,-87.978271
-22265.625000,-85.322758
-22253.906250,-91.595276
-22242.187500,-97.142502
-22230.468750,-89.158235
-22218.750000,-97.904732
-22207.031250,-82.918358
-22195.312500,-91.636195
-22183.593750,-83.113564
-22171.875000,-83.768824
-22160.156250,-96.128191
-22148.437500,-90.127326
-22136.718750,-85.746666
-22125.000000,-80.750645
-22113.281250,-78.882799
-22101.562500,-85.952422
-22089.843750,-87.687007
-22078.125000,-83.871231
-22066.406250,-81.982387
-22054.687500,-77.926190
-22042.968750,-77.721432
-22031.250000,-85.385274
-22019.531250,-87.478137
-22007.812500,-86.480449
-21996.093750,-92.181131
-21984.375000,-83.238612
-21972.656250,-78.068083
-21960.937500,-78.821172
-21949.218750,-82.720613
-21937.500000,-79.215339
-21925.781250,-81.058383
-21914.062500,-78.309353
-21902.343750,-76.125104
-21890.625000,-82.043710
-21878.906250,-75.157592
-21867.187500,-77.589365
-21855.468750,-85.207585
-21843.750000,-86.043083
-21832.031250,-81.264025
-21820.312500,-84.549821
-21808.593750,-81.263346
-21796.875000,-84.886043
-21785.156250,-85.636577
-21773.437500,-78.178389
-21761.718750,-77.109607
-21750.000000,-77.102165
-21738.281250,-86.546516
-21726.562500,-76.892650
-21714.843750,-78.342773
-21703.125000,-93.861486
-21691.406250,-84.770137
-21679.687500,-84.056759
-21667.968750,-81.588848
-21656.250000,-77.925116
-21644.531250,-86.666415
-21632.812500,-81.183953
-21621.093750,-77.859081
-21609.375000,-82.860769
-21597.656250,-78.694805
-21585.937500,-73.366766
-21574.218750,-74.517283
-21562.500000,-74.244355
-21550.781250,-76.028543
-21539.062500,-73.617109
-21527.343750,-72.436591
-21515.625000,-80.255895
-21503.906250,-79.851251
-21492.187500,-85.521184
-21480.468750,-80.009284
-21468.750000,-78.826913
-21457.031250,-78.561398
-21445.312500,-85.698527
-21433.593750,-82.578826
-21421.875000,-80.721396
-21410.156250,-86.268938
-21398.437500,-91.021072
-21386.718750,-91.338933
-21375.000000,-92.284055
-21363.281250,-89.595271
-21351.562500,-86.548683
-21339.843750,-98.289697
-21328.125000,-81.527413
-21316.406250,-80.295623
-21304.687500,-83.639391
-21292.968750,-81.928525
-21281.250000,-79.693549
-21269.531250,-81.170385
-21257.812500,-86.334383
-21246.093750,-88.963580
-21234.375000,-84.113598
-21222.656250,-79.475885
-21210.937500,-78.877550
-21199.218750,-86.841881
-21187.500000,-82.510880
-21175.781250,-77.457513
-21164.062500,-78.431065
-21152.343750,-81.636662
-21140.625000,-92.868625
-21128.906250,-84.938103
-21117.187500,-79.908938
-21105.468750,-77.573976
-21093.750000,-79.799959
-21082.031250,-82.298341
-21070.312500,-83.811920
-21058.593750,-86.643010
-21046.875000,-86.238331
-21035.156250,-82.578763
-21023.437500,-84.837897
-21011.718750,-91.875414
-21000.000000,-87.807362
-20988.281250,-86.246316
-20976.562500,-91.721654
-20964.843750,-93.002687
-20953.125000,-90.894192
-20941.406250,-85.291737
-20929.687500,-84.792495
-20917.968750,-90.485056
-20906.250000,-97.802286
-20894.531250,-93.810739
-20882.812500,-84.970889
-20871.093750,-86.363261
-20859.375000,-107.444320
-20847.656250,-93.705580
-20835.937500,-92.610890
-20824.218750,-88.011576
-20812.500000,-85.318173
-20800.781250,-88.795464
-20789.062500,-86.932072
-20777.343750,-89.926853
-20765.625000,-98.572742
-20753.906250,-97.102783
-20742.187500,-91.235340
-20730.468750,-87.012313
-20718.750000,-89.531797
-20707.031250,-95.782499
-20695.312500,-93.205735
-20683.593750,-99.541810
-20671.875000,-89.424029
-20660.156250,-90.130526
-20648.437500,-92.377489
-20636.718750,-94.221690
-20625.000000,-100.933563
-20613.281250,-97.520063
-20601.562500,-104.960430
-20589.843750,-91.310391
-20578.125000,-89.701597
-20566.406250,-104.080871
-20554.687500,-86.573453
-20542.968750,-87.183451
-20531.250000,-87.956504
-20519.531250,-95.107842
-20507.812500,-96.045380
-20496.093750,-95.433820
-20484.375000,-92.382505
-20472.656250,-92.103000
-20460.937500,-93.127872
-20449.218750,-93.324912
-20437.500000,-97.352619
-20425.781250,-91.386027
-20414.062500,-104.762487
-20402.343750,-95.976266
-20390.625000,-92.622333
-20378.906250,-91.515496
-20367.187500,-114.883664
-20355.468750,-90.904610
-20343.750000,-89.869163
-20332.031250,-91.105421
-20320.312500,-97.585255
-20308.593750,-104.899435
-20296.875000,-94.174059
-20285.156250,-88.734744
-20273.437500,-89.593345
-20261.718750,-95.886858
-20250.000000,-95.391793
-20238.281250,-92.520529
-20226.562500,-90.367620
-20214.843750,-98.751541
-20203.125000,-101.452818
-20191.406250,-94.989719
-20179.687500,-93.776920
-20167.968750,-106.589061
-20156.250000,-96.334228
-20144.531250,-91.587575
-20132.812500,-93.081584
-20121.093750,-95.920231
-20109.375000,-97.083207
-20097.656250,-96.150611
-20085.937500,-98.018810
-20074.218750,-99.309364
-20062.500000,-93.067227
-20050.781250,-92.784047
-20039.062500,-96.882009
-20027.343750,-97.914747
-20015.625000,-100.088733
-20003.906250,-102.900424
-19992.187500,-97.350939
-19980.468750,-101.956315
-19968.750000,-103.453748
-19957.031250,-100.614719
-19945.312500,-94.683409
-19933.593750,-91.884478
-19921.875000,-97.290326
-19910.156250,-98.202007
-19898.437500,-102.225279
-19886.718750,-97.945446
-19875.000000,-101.119018
-19863.281250,-104.794240
-19851.562500,-101.976701
-19839.843750,-97.993014
-19828.125000,-98.893767
-19816.406250,-100.829356
-19804.687500,-107.981688
-19792.968750,-97.853024
-19781.250000,-95.848441
-19769.531250,-99.845367
-19757.812500,-107.261675
-19746.093750,-101.031155
-19734.375000,-104.077622
-19722.656250,-95.034119
-19710.937500,-99.896873
-19699.218750,-105.178668
-19687.500000,-98.531111
-19675.781250,-99.142960
-19664.062500,-112.299605
-19652.343750,-107.248115
-19640.625000,-106.010351
-19628.906250,-103.531516
-19617.187500,-102.790926
-19605.468750,-102.741867
-19593.750000,-99.257031
-19582.031250,-99.833900
-19570.312500,-127.178952
-19558.593750,-103.187411
-19546.875000,-105.443962
-19535.156250,-102.272133
-19523.437500,-103.198467
-19511.718750,-105.272780
-19500.000000,-98.132754
-19488.281250,-109.525246
-19476.562500,-101.173521
-19464.843750,-104.729880
-19453.125000,-106.411032
-19441.406250,-100.718948
-19429.687500,-100.308112
-19417.968750,-109.188161
-19406.250000,-107.705938
-19394.531250,-115.494018
-19382.812500,-115.042308
-19371.093750,-104.759948
-19359.375000,-101.467918
-19347.656250,-104.142083
-19335.937500,-109.790894
-19324.218750,-119.514067
-19312.500000,-112.090529
-19300.781250,-106.530584
-19289.062500,-116.243794
-19277.343750,-116.808874
-19265.625000,-119.881251
-19253.906250,-133.626242
-19242.187500,-122.401592
-19230.468750,-123.088260
-19218.750000,-127.817061
-19207.031250,-137.405481
-19195.312500,-140.647359
-19183.593750,-121.378039
-19171.875000,-115.237466
-19160.156250,-117.870712
-19148.437500,-113.163458
-19136.718750,-109.905209
-19125.000000,-109.130249
-19113.281250,-109.188823
-19101.562500,-107.516672
-19089.843750,-103.656238
-19078.125000,-102.383298
-19066.406250,-103.286802
-19054.687500,-101.242792
-19042.968750,-105.102020
-19031.250000,-100.748896
-19019.531250,-102.783060
-19007.812500,-119.496403
-18996.093750,-118.512742
-18984.375000,-107.449216
-18972.656250,-101.238497
-18960.937500,-101.170441
-18949.218750,-95.862883
-18937.500000,-92.808238
-18925.781250,-94.634588
-18914.062500,-97.497309
-18902.343750,-96.083063
-18890.625000,-93.414924
-18878.906250,-92.841413
-18867.187500,-97.773005
-18855.468750,-95.875359
-18843.750000,-113.961548
-18832.031250,-96.672770
-18820.312500,-93.837473
-18808.593750,-91.860496
-18796.875000,-92.250956
-18785.156250,-92.550075
-18773.437500,-94.725386
-18761.718750,-93.009075
-18750.000000,-89.637406
-18738.281250,-92.414908
-18726.562500,-99.825371
-18714.843750,-91.743687
-18703.125000,-93.081876
-18691.406250,-95.515351
-18679.687500,-92.342173
-18667.968750,-87.519548
-18656.250000,-87.062757
-18644.531250,-92.275042
-18632.812500,-99.374707
-18621.093750,-97.122462
-18609.375000,-94.790824
-18597.656250,-91.790718
-18585.937500,-86.684761
-18574.218750,-90.147623
-18562.500000,-97.281903
-18550.781250,-102.743483
-18539.062500,-90.732281
-18527.343750,-83.299635
-18515.625000,-92.602335
-18503.906250,-87.146457
-18492.187500,-92.944655
-18480.468750,-97.193081
-18468.750000,-91.428564
-18457.031250,-89.604962
-18445.312500,-95.273652
-18433.593750,-92.724724
-18421.875000,-96.996386
-18410.156250,-95.485678
-18398.437500,-90.787734
-18386.718750,-90.468266
-18375.000000,-88.086255
-18363.281250,-90.123969
-18351.562500,-84.232237
-18339.843750,-81.258157
-18328.125000,-82.421053
-18316.406250,-85.794818
-18304.687500,-84.713944
-18292.968750,-82.850770
-18281.250000,-83.815537
-18269.531250,-85.745941
-18257.812500,-85.936823
-18246.093750,-85.815168
-18234.375000,-85.347434
-18222.656250,-88.211098
-18210.937500,-87.709009
-18199.218750,-86.792458
-18187.500000,-90.219807
-18175.781250,-80.183294
-18164.062500,-81.975039
-18152.343750,-92.531359
-18140.625000,-85.065925
-18128.906250,-87.288082
-18117.187500,-81.004864
-18105.468750,-80.060830
-18093.750000,-86.165120
-18082.031250,-83.675328
-18070.312500,-83.467442
-18058.593750,-86.901810
-18046.875000,-80.837506
-18035.156250,-91.259218
-18023.437500,-95.632495
-18011.718750,-94.138279
-18000.000000,-91.499518
-17988.281250,-89.534675
-17976.562500,-85.917007
-17964.843750,-85.852041
-17953.125000,-87.750185
-17941.406250,-85.853419
-17929.687500,-81.825184
-17917.968750,-84.155751
-17906.250000,-81.008482
-17894.531250,-91.607442
-17882.812500,-79.807356
-17871.093750,-80.360110
-17859.375000,-80.921453
-17847.656250,-83.720096
-17835.937500,-93.585635
-17824.218750,-82.303269
-17812.500000,-80.743076
-17800.781250,-83.811355
-17789.062500,-80.903325
-17777.343750,-77.246599
-17765.625000,-75.447058
-17753.906250,-77.211768
-17742.187500,-91.856426
-17730.468750,-84.134068
-17718.750000,-81.680421
-17707.031250,-84.880242
-17695.312500,-91.187169
-17683.593750,-77.510526
-17671.875000,-74.495563
-17660.156250,-78.014998
-17648.437500,-79.009066
-17636.718750,-81.470340
-17625.000000,-79.046761
-17613.281250,-80.042483
-17601.562500,-80.991444
-17589.843750,-75.817246
-17578.125000,-75.320328
-17566.406250,-76.407344
-17554.687500,-78.894743
-17542.968750,-78.814718
-17531.250000,-71.610415
-17519.531250,-73.148328
-17507.812500,-93.258991
-17496.093750,-81.337230
-17484.375000,-75.664679
-17472.656250,-77.548553
-17460.937500,-79.345061
-17449.218750,-79.018463
-17437.500000,-79.033554
-17425.781250,-76.139324
-17414.062500,-77.528802
-17402.343750,-102.664052
-17390.625000,-83.218245
-17378.906250,-80.531577
-17367.187500,-86.202494
-17355.468750,-85.328855
-17343.750000,-82.976442
-17332.031250,-84.989669
-17320.312500,-76.305497
-17308.593750,-77.626856
-17296.875000,-74.044421
-17285.156250,-77.494078
-17273.437500,-79.516783
-17261.718750,-78.223186
-17250.000000,-84.836658
-17238.281250,-80.314220
-17226.562500,-77.180217
-17214.843750,-80.020311
-17203.125000,-72.733433
-17191.406250,-75.816399
-17179.687500,-69.513295
-17167.968750,-70.513792
-17156.250000,-77.318859
-17144.531250,-79.347668
-17132.812500,-82.076981
-17121.093750,-91.075987
-17109.375000,-85.024905
-17097.656250,-90.656918
-17085.937500,-75.531184
-17074.218750,-76.823878
-17062.500000,-79.172685
-17050.781250,-73.994413
-17039.062500,-87.370342
-17027.343750,-80.692627
-17015.625000,-82.413931
-17003.906250,-81.784882
-16992.187500,-96.947538
-16980.468750,-83.472703
-16968.750000,-78.952277
-16957.031250,-76.669279
-16945.312500,-76.591616
-16933.593750,-73.670398
-16921.875000,-75.949957
-16910.156250,-73.744758
-16898.437500,-86.406596
-16886.718750,-78.027263
-16875.000000,-76.572354
-16863.281250,-78.137857
-16851.562500,-77.348666
-16839.843750,-79.539120
-16828.125000,-83.316509
-16816.406250,-75.863950
-16804.687500,-77.972727
-16792.968750,-83.278207
-16781.250000,-75.014639
-16769.531250,-71.274630
-16757.812500,-69.175792
-16746.093750,-73.016269
-16734.375000,-81.126749
-16722.656250,-81.141748
-16710.937500,-75.826064
-16699.218750,-77.822614
-16687.500000,-79.525046
-16675.781250,-77.604212
-16664.062500,-72.395716
-16652.343750,-73.984157
-16640.625000,-78.270891
-16628.906250,-72.924175
-16617.187500,-73.099496
-16605.468750,-78.933767
-16593.750000,-90.651976
-16582.031250,-80.316507
-16570.312500,-79.339600
-16558.593750,-74.936134
-16546.875000,-75.168338
-16535.156250,-71.564693
-16523.437500,-72.374469
-16511.718750,-77.133372
-16500.000000,-68.879389
-16488.281250,-67.569455
-16476.562500,-70.381111
-16464.843750,-70.702976
-16453.125000,-71.444009
-16441.406250,-80.847386
-16429.687500,-91.812889
-16417.968750,-84.712484
-16406.250000,-79.375248
-16394.531250,-82.369792
-16382.812500,-80.315250
-16371.093750,-81.816833
-16359.375000,-71.882023
-16347.656250,-75.393599
-16335.937500,-86.960485
-16324.218750,-90.285246
-16312.500000,-76.915130
-16300.781250,-77.338856
-16289.062500,-80.534854
-16277.343750,-79.352374
-16265.625000,-76.948139
-16253.906250,-72.512914
-16242.187500,-111.555413
-16230.468750,-72.107214
-16218.750000,-75.507893
-16207.031250,-72.445067
-16195.312500,-70.462815
-16183.593750,-68.699856
-16171.875000,-72.674931
-16160.156250,-91.445919
-16148.437500,-79.077680
-16136.718750,-68.909443
-16125.000000,-67.379298
-16113.281250,-75.615088
-16101.562500,-89.699465
-16089.843750,-81.718892
-16078.125000,-73.635799
-16066.406250,-80.869400
-16054.687500,-66.438157
-16042.968750,-68.665024
-16031.250000,-67.999919
-16019.531250,-75.988699
-16007.812500,-75.964863
-15996.093750,-80.670046
-15984.375000,-78.827631
-15972.656250,-73.526450
-15960.937500,-74.446704
-15949.218750,-77.599180
-15937.500000,-69.157116
-15925.781250,-70.728478
-15914.062500,-75.276621
-15902.343750,-73.974427
-15890.625000,-76.003746
-15878.906250,-92.510381
-15867.187500,-70.654187
-15855.468750,-69.240942
-15843.750000,-71.697279
-15832.031250,-68.720264
-15820.312500,-70.007785
-15808.593750,-69.397031
-15796.875000,-75.174344
-15785.156250,-68.938220
-15773.437500,-67.310257
-15761.718750,-65.809905
-15750.000000,-67.429636
-15738.281250,-80.516112
-15726.562500,-71.151154
-15714.843750,-70.802190
-15703.125000,-78.508166
-15691.406250,-80.949391
-15679.687500,-69.033851
-15667.968750,-69.663426
-15656.250000,-72.924192
-15644.531250,-76.917304
-15632.812500,-70.051497
-15621.093750,-72.652758
-15609.375000,-73.364560
-15597.656250,-71.932324
-15585.937500,-68.323337
-15574.218750,-66.877152
-15562.500000,-75.307852
-15550.781250,-69.140413
-15539.062500,-65.189817
-15527.343750,-62.975546
-15515.625000,-69.465152
-15503.906250,-71.889742
-15492.187500,-67.392530
-15480.468750,-73.040982
-15468.750000,-70.941653
-15457.031250,-64.554109
-15445.312500,-68.248648
-15433.593750,-67.633012
-15421.875000,-65.654566
-15410.156250,-66.089374
-15398.437500,-71.922793
-15386.718750,-70.177635
-15375.000000,-68.222508
-15363.281250,-74.367364
-15351.562500,-78.753148
-15339.843750,-80.789099
-15328.125000,-70.796421
-15316.406250,-74.139484
-15304.687500,-68.920984
-15292.968750,-75.942958
-15281.250000,-87.101641
-15269.531250,-74.866958
-15257.812500,-68.845306
-15246.093750,-71.205936
-15234.375000,-74.834114
-15222.656250,-90.428482
-15210.937500,-63.920658
-15199.218750,-65.917791
-15187.500000,-65.748756
-15175.781250,-64.732608
-15164.062500,-70.953907
-15152.343750,-73.735183
-15140.625000,-62.633797
-15128.906250,-58.576707
-15117.187500,-59.638986
-15105.468750,-67.724495
-15093.750000,-74.424073
-15082.031250,-64.246480
-15070.312500,-66.728755
-15058.593750,-71.859660
-15046.875000,-67.553290
-15035.156250,-65.120225
-15023.437500,-64.479000
-15011.718750,-67.757885
-15000.000000,-75.140026
-14988.281250,-71.603326
-14976.562500,-66.556575
-14964.843750,-62.789063
-14953.125000,-64.750779
-14941.406250,-59.125930
-14929.687500,-58.212003
-14917.968750,-66.525860
-14906.250000,-61.146214
-14894.531250,-76.492017
-14882.812500,-63.559039
-14871.093750,-59.227252
-14859.375000,-58.824987
-14847.656250,-64.798479
-14835.937500,-63.233071
-14824.218750,-62.866642
-14812.500000,-64.448704
-14800.781250,-63.534785
-14789.062500,-67.746112
-14777.343750,-59.105054
-14765.625000,-58.049962
-14753.906250,-58.654069
-14742.187500,-73.317997
-14730.468750,-59.309771
-14718.750000,-55.854965
-14707.031250,-64.580638
-14695.312500,-72.927574
-14683.593750,-60.156882
-14671.875000,-59.786234
-14660.156250,-61.089455
-14648.437500,-62.275056
-14636.718750,-65.264500
-14625.000000,-72.678859
-14613.281250,-63.853593
-14601.562500,-68.866079
-14589.843750,-56.874779
-14578.125000,-55.814496
-14566.406250,-59.183174
-14554.687500,-61.594499
-14542.968750,-58.952661
-14531.250000,-55.975766
-14519.531250,-59.384455
-14507.812500,-65.370502
-14496.093750,-59.256784
-14484.375000,-75.215112
-14472.656250,-62.368511
-14460.937500,-60.689461
-14449.218750,-63.086039
-14437.500000,-59.102000
-14425.781250,-61.217045
-14414.062500,-66.807621
-14402.343750,-67.986042
-14390.625000,-81.743573
-14378.906250,-65.578482
-14367.187500,-66.222187
-14355.468750,-69.938769
-14343.750000,-65.287869
-14332.031250,-63.138921
-14320.312500,-60.302638
-14308.593750,-71.426657
-14296.875000,-64.444736
-14285.156250,-66.424298
-14273.437500,-68.510548
-14261.718750,-72.208482
-14250.000000,-67.120861
-14238.281250,-68.189550
-14226.562500,-73.637136
-14214.843750,-62.165327
-14203.125000,-60.712622
-14191.406250,-69.267439
-14179.687500,-61.928200
-14167.968750,-62.682725
-14156.250000,-65.646731
-14144.531250,-81.688927
-14132.812500,-67.905712
-14121.093750,-63.548793
-14109.375000,-64.394269
-14097.656250,-75.489934
-14085.937500,-70.857212
-14074.218750,-76.766985
-14062.500000,-71.957764
-14050.781250,-70.450068
-14039.062500,-71.207364
-14027.343750,-71.189410
-14015.625000,-69.675544
-14003.906250,-68.685442
-13992.187500,-72.397985
-13980.468750,-67.615928
-13968.750000,-65.526820
-13957.031250,-65.742699
-13945.312500,-67.185080
-13933.593750,-67.146901
-13921.875000,-68.762681
-13910.156250,-70.138998
-13898.437500,-76.969230
-13886.718750,-70.012989
-13875.000000,-65.091215
-13863.281250,-64.944045
-13851.562500,-67.956043
-13839.843750,-83.809337
-13828.125000,-75.144630
-13816.406250,-69.820512
-13804.687500,-67.229406
-13792.968750,-67.689339
-13781.250000,-72.182806
-13769.531250,-81.971758
-13757.812500,-78.075680
-13746.093750,-94.365292
-13734.375000,-75.715564
-13722.656250,-72.184412
-13710.937500,-81.927628
-13699.218750,-73.743527
-13687.500000,-78.932800
-13675.781250,-71.243078
-13664.062500,-75.699312
-13652.343750,-77.246683
-13640.625000,-80.782255
-13628.906250,-75.135548
-13617.187500,-72.003377
-13605.468750,-74.711830
-13593.750000,-77.221728
-13582.031250,-77.154180
-13570.312500,-95.484018
-13558.593750,-76.412984
-13546.875000,-71.405741
-13535.156250,-67.303303
-13523.437500,-68.319746
-13511.718750,-78.048172
-13500.000000,-87.364873
-13488.281250,-75.970021
-13476.562500,-76.913228
-13464.843750,-80.886673
-13453.125000,-74.262664
-13441.406250,-87.660693
-13429.687500,-74.938817
-13417.968750,-82.218185
-13406.250000,-83.170552
-13394.531250,-80.828257
-13382.812500,-79.576236
-13371.093750,-89.493416
-13359.375000,-81.005913
-13347.656250,-78.099652
-13335.937500,-77.453403
-13324.218750,-88.440099
-13312.500000,-78.544745
-13300.781250,-77.302625
-13289.062500,-82.876455
-13277.343750,-74.665626
-13265.625000,-80.846007
-13253.906250,-83.974084
-13242.187500,-80.419899
-13230.468750,-74.473069
-13218.750000,-83.592167
-13207.031250,-77.394867
-13195.312500,-79.612570
-13183.593750,-75.349935
-13171.875000,-76.190445
-13160.156250,-85.233346
-13148.437500,-82.605983
-13136.718750,-74.014734
-13125.000000,-73.132267
-13113.281250,-76.497660
-13101.562500,-80.143735
-13089.843750,-85.214911
-13078.125000,-88.776012
-13066.406250,-84.145198
-13054.687500,-75.767750
-13042.968750,-83.425374
-13031.250000,-77.454918
-13019.531250,-82.514765
-13007.812500,-91.975321
-12996.093750,-82.530984
-12984.375000,-86.136421
-12972.656250,-90.174090
-12960.937500,-95.312198
-12949.218750,-89.951091
-12937.500000,-78.924769
-12925.781250,-79.547759
-12914.062500,-87.197133
-12902.343750,-91.164267
-12890.625000,-90.488942
-12878.906250,-87.121324
-12867.187500,-79.985878
-12855.468750,-82.231421
-12843.750000,-92.041793
-12832.031250,-85.343842
-12820.312500,-83.215848
-12808.593750,-85.478573
-12796.875000,-86.336483
-12785.156250,-80.852014
-12773.437500,-81.890799
-12761.718750,-83.392155
-12750.000000,-86.234323
-12738.281250,-89.734324
-12726.562500,-83.899307
-12714.843750,-83.020456
-12703.125000,-93.705656
-12691.406250,-90.939238
-12679.687500,-85.428259
-12667.968750,-84.893144
-12656.250000,-94.732828
-12644.531250,-86.328287
-12632.812500,-83.504621
-12621.093750,-84.889369
-12609.375000,-85.306538
-12597.656250,-83.333359
-12585.937500,-83.504486
-12574.218750,-87.550951
-12562.500000,-95.431653
-12550.781250,-91.634729
-12539.062500,-87.208908
-12527.343750,-83.886384
-12515.625000,-90.604643
-12503.906250,-84.929464
-12492.187500,-86.711369
-12480.468750,-88.275232
-12468.750000,-87.721447
-12457.031250,-89.331684
-12445.312500,-89.238502
-12433.593750,-89.482245
-12421.875000,-95.465491
-12410.156250,-94.441093
-12398.437500,-101.058787
-12386.718750,-99.929175
-12375.000000,-96.639569
-12363.281250,-100.031900
-12351.562500,-92.303788
-12339.843750,-100.643628
-12328.125000,-96.354616
-12316.406250,-96.002780
-12304.687500,-105.229689
-12292.968750,-100.149001
-12281.250000,-103.532637
-12269.531250,-103.902279
-12257.812500,-98.899641
-12246.093750,-94.547628
-12234.375000,-106.714459
-12222.656250,-115.140496
-12210.937500,-94.886959
-12199.218750,-95.910836
-12187.500000,-101.610905
-12175.781250,-99.466731
-12164.062500,-101.007627
-12152.343750,-101.315140
-12140.625000,-104.775968
-12128.906250,-110.392084
-12117.187500,-103.975893
-12105.468750,-107.083552
-12093.750000,-104.191552
-12082.031250,-101.964639
-12070.312500,-108.110120
-12058.593750,-106.669483
-12046.875000,-110.852810
-12035.156250,-112.905088
-12023.437500,-113.680122
-12011.718750,-119.063124
-12000.000000,-198.314362
-11988.281250,-129.561491
-11976.562500,-113.935482
-11964.843750,-108.179558
-11953.125000,-112.846597
-11941.406250,-112.272635
-11929.687500,-112.003691
-11917.968750,-107.939179
-11906.250000,-118.776387
-11894.531250,-107.145545
-11882.812500,-104.133797
-11871.093750,-104.569587
-11859.375000,-96.669296
-11847.656250,-94.662746
-11835.937500,-100.221932
-11824.218750,-100.860495
-11812.500000,-99.562959
-11800.781250,-93.714819
-11789.062500,-90.796513
-11777.343750,-95.632508
-11765.625000,-99.398960
-11753.906250,-93.465892
-11742.187500,-90.594196
-11730.468750,-95.974517
-11718.750000,-99.326318
-11707.031250,-88.530859
-11695.312500,-90.059303
-11683.593750,-93.199096
-11671.875000,-90.032666
-11660.156250,-92.337023
-11648.437500,-89.724141
-11636.718750,-85.910179
-11625.000000,-88.624442
-11613.281250,-90.239329
-11601.562500,-92.010079
-11589.843750,-91.949530
-11578.125000,-94.264060
-11566.406250,-95.282550
-11554.687500,-94.175366
-11542.968750,-89.171073
-11531.250000,-83.795811
-11519.531250,-84.098255
-11507.812500,-91.455165
-11496.093750,-91.181847
-11484.375000,-87.525341
-11472.656250,-91.849911
-11460.937500,-96.888440
-11449.218750,-92.378669
-11437.500000,-90.100813
-11425.781250,-89.289968
-11414.062500,-92.345826
-11402.343750,-99.808301
-11390.625000,-98.217117
-11378.906250,-90.389661
-11367.187500,-84.431088
-11355.468750,-80.619861
-11343.750000,-77.837993
-11332.031250,-78.399516
-11320.312500,-83.270923
-11308.593750,-85.262497
-11296.875000,-88.093089
-11285.156250,-79.740669
-11273.437500,-79.143522
-11261.718750,-80.570228
-11250.000000,-84.301903
-11238.281250,-83.676434
-11226.562500,-80.142740
-11214.843750,-81.382288
-11203.125000,-92.670946
-11191.406250,-88.171034
-11179.687500,-83.714096
-11167.968750,-81.502065
-11156.250000,-83.609476
-11144.531250,-81.021972
-11132.812500,-85.966703
-11121.093750,-85.271273
-11109.375000,-82.445018
-11097.656250,-93.543470
-11085.937500,-82.396510
-11074.218750,-80.734305
-11062.500000,-91.163875
-11050.781250,-88.974287
-11039.062500,-87.523500
-11027.343750,-82.926866
-11015.625000,-83.966341
-11003.906250,-86.438278
-10992.187500,-83.389393
-10980.468750,-84.367850
-10968.750000,-84.569343
-10957.031250,-84.302605
-10945.312500,-82.312250
-10933.593750,-76.565402
-10921.875000,-78.686417
-10910.156250,-80.812447
-10898.437500,-86.868868
-10886.718750,-77.261432
-10875.000000,-79.643630
-10863.281250,-78.730013
-10851.562500,-78.077956
-10839.843750,-91.514259
-10828.125000,-87.889854
-10816.406250,-82.353820
-10804.687500,-83.292890
-10792.968750,-80.495760
-10781.250000,-73.000703
-10769.531250,-73.231484
-10757.812500,-75.777232
-10746.093750,-84.871153
-10734.375000,-84.202238
-10722.656250,-81.096111
-10710.937500,-82.737004
-10699.218750,-101.235067
-10687.500000,-75.634943
-10675.781250,-72.476540
-10664.062500,-78.189383
-10652.343750,-81.069463
-10640.625000,-85.242976
-10628.906250,-77.911736
-10617.187500,-75.871542
-10605.468750,-76.783688
-10593.750000,-80.500617
-10582.031250,-75.754264
-10570.312500,-78.799038
-10558.593750,-81.244375
-10546.875000,-77.619074
-10535.156250,-71.121777
-10523.437500,-71.267198
-10511.718750,-107.473115
-10500.000000,-75.492076
-10488.281250,-72.200310
-10476.562500,-72.465275
-10464.843750,-73.548410
-10453.125000,-74.880009
-10441.406250,-78.300561
-10429.687500,-79.123843
-10417.968750,-83.245666
-10406.250000,-86.492498
-10394.531250,-86.510579
-10382.812500,-73.122370
-10371.093750,-73.798382
-10359.375000,-80.937985
-10347.656250,-83.760177
-10335.937500,-88.388164
-10324.218750,-81.702233
-10312.500000,-78.596201
-10300.781250,-77.528417
-10289.062500,-79.972857
-10277.343750,-77.917041
-10265.625000,-75.042069
-10253.906250,-76.172736
-10242.187500,-87.344345
-10230.468750,-76.175521
-10218.750000,-78.603231
-10207.031250,-73.769020
-10195.312500,-75.919245
-10183.593750,-71.426758
-10171.875000,-71.624207
-10160.156250,-78.683964
-10148.437500,-85.423313
-10136.718750,-76.557468
-10125.000000,-77.213970
-10113.281250,-79.422311
-10101.562500,-81.763635
-10089.843750,-79.974995
-10078.125000,-74.138185
-10066.406250,-98.062268
-10054.687500,-73.313048
-10042.968750,-77.763171
-10031.250000,-82.219071
-10019.531250,-94.714331
-10007.812500,-83.662064
-9996.093750,-95.333238
-9984.375000,-95.180842
-9972.656250,-88.871956
-9960.937500,-91.356492
-9949.218750,-86.301417
-9937.500000,-78.799593
-9925.781250,-79.807975
-9914.062500,-84.922558
-9902.343750,-86.665057
-9890.625000,-87.533052
-9878.906250,-88.160393
-9867.187500,-85.521375
-9855.468750,-79.374587
-9843.750000,-86.028185
-9832.031250,-91.188644
-9820.312500,-84.897375
-9808.593750,-84.202390
-9796.875000,-90.024115
-9785.156250,-102.362447
-9773.437500,-88.355300
-9761.718750,-82.263746
-9750.000000,-84.512351
-9738.281250,-96.063890
-9726.562500,-91.201019
-9714.843750,-86.759964
-9703.125000,-93.759809
-9691.406250,-108.154017
-9679.687500,-93.644328
-9667.968750,-94.946004
-9656.250000,-94.850309
-9644.531250,-98.360515
-9632.812500,-108.594669
-9621.093750,-108.083345
-9609.375000,-136.072270
-9597.656250,-127.388070
-9585.937500,-108.062100
-9574.218750,-102.526111
-9562.500000,-100.097205
-9550.781250,-97.482168
-9539.062500,-89.175865
-9527.343750,-86.522023
-9515.625000,-97.144253
-9503.906250,-89.551796
-9492.187500,-87.196558
-9480.468750,-83.208986
-9468.750000,-84.526460
-9457.031250,-86.111210
-9445.312500,-88.533894
-9433.593750,-86.126840
-9421.875000,-88.474633
-9410.156250,-103.671336
-9398.437500,-93.099773
-9386.718750,-83.700242
-9375.000000,-84.359005
-9363.281250,-87.493411
-9351.562500,-90.428831
-9339.843750,-89.350092
-9328.125000,-87.420238
-9316.406250,-83.017970
-9304.687500,-76.823943
-9292.968750,-83.403756
-9281.250000,-80.824918
-9269.531250,-84.465016
-9257.812500,-79.088754
-9246.093750,-86.260602
-9234.375000,-77.321978
-9222.656250,-76.778804
-9210.937500,-76.387071
-9199.218750,-74.168973
-9187.500000,-69.652588
-9175.781250,-68.510514
-9164.062500,-71.291677
-9152.343750,-75.403027
-9140.625000,-71.495477
-9128.906250,-70.189244
-9117.187500,-73.470855
-9105.468750,-85.075582
-9093.750000,-82.652986
-9082.031250,-71.666911
-9070.312500,-78.400746
-9058.593750,-68.624761
-9046.875000,-67.603014
-9035.156250,-74.412190
-9023.437500,-74.335639
-9011.718750,-78.584937
-9000.000000,-78.702577
-8988.281250,-73.393737
-8976.562500,-70.872136
-8964.843750,-67.754038
-8953.125000,-72.665085
-8941.406250,-71.238249
-8929.687500,-65.467133
-8917.968750,-92.063677
-8906.250000,-73.542171
-8894.531250,-74.069349
-8882.812500,-69.468711
-8871.093750,-79.783905
-8859.375000,-78.866955
-8847.656250,-74.226187
-8835.937500,-76.025296
-8824.218750,-71.466567
-8812.500000,-68.878556
-8800.781250,-67.848195
-8789.062500,-69.655471
-8777.343750,-70.979056
-8765.625000,-68.351059
-8753.906250,-73.991467
-8742.187500,-78.501990
-8730.468750,-68.730377
-8718.750000,-65.297898
-8707.031250,-70.930631
-8695.312500,-81.855887
-8683.593750,-65.837215
-8671.875000,-64.026663
-8660.156250,-73.813142
-8648.437500,-68.309765
-8636.718750,-62.020417
-8625.000000,-62.029061
-8613.281250,-68.740718
-8601.562500,-73.888431
-8589.843750,-66.345302
-8578.125000,-65.310885
-8566.406250,-71.602156
-8554.687500,-59.300922
-8542.968750,-56.943479
-8531.250000,-54.255709
-8519.531250,-58.225785
-8507.812500,-70.153421
-8496.093750,-61.194307
-8484.375000,-59.616306
-8472.656250,-59.800682
-8460.937500,-56.871441
-8449.218750,-56.403955
-8437.500000,-59.177468
-8425.781250,-60.836888
-8414.062500,-62.171389
-8402.343750,-62.041326
-8390.625000,-69.555660
-8378.906250,-62.479754
-8367.187500,-64.561096
-8355.468750,-64.602772
-8343.750000,-64.853267
-8332.031250,-60.416045
-8320.312500,-64.006201
-8308.593750,-56.904257
-8296.875000,-58.385819
-8285.156250,-62.515619
-8273.437500,-63.702925
-8261.718750,-61.521787
-8250.000000,-60.561734
-8238.281250,-62.723943
-8226.562500,-57.983914
-8214.843750,-57.743881
-8203.125000,-54.759735
-8191.406250,-54.916904
-8179.687500,-52.088102
-8167.968750,-54.528188
-8156.250000,-59.934327
-8144.531250,-52.989412
-8132.812500,-47.839259
-8121.093750,-48.287810
-8109.375000,-52.901149
-8097.656250,-62.320666
-8085.937500,-56.146974
-8074.218750,-51.986034
-8062.500000,-63.114852
-8050.781250,-50.537740
-8039.062500,-60.883386
-8027.343750,-51.739190
-8015.625000,-67.305073
-8003.906250,-62.331094
-7992.187500,-57.608064
-7980.468750,-59.157014
-7968.750000,-49.438191
-7957.031250,-50.032538
-7945.312500,-48.581401
-7933.593750,-44.406466
-7921.875000,-50.000871
-7910.156250,-61.816480
-7898.437500,-68.730537
-7886.718750,-64.795531
-7875.000000,-58.495969
-7863.281250,-53.316783
-7851.562500,-49.577144
-7839.843750,-59.383010
-7828.125000,-54.241119
-7816.406250,-51.727290
-7804.687500,-50.741859
-7792.968750,-57.530692
-7781.250000,-50.805476
-7769.531250,-48.065852
-7757.812500,-48.076440
-7746.093750,-51.914747
-7734.375000,-49.228125
-7722.656250,-43.651256
-7710.937500,-47.917578
-7699.218750,-58.497721
-7687.500000,-49.277713
-7675.781250,-48.203227
-7664.062500,-50.590411
-7652.343750,-48.162282
-7640.625000,-45.027264
-7628.906250,-47.443580
-7617.187500,-51.298058
-7605.468750,-45.250759
-7593.750000,-47.690735
-7582.031250,-44.062763
-7570.312500,-51.471888
-7558.593750,-48.528581
-7546.875000,-51.864000
-7535.156250,-43.867180
-7523.437500,-43.850308
-7511.718750,-50.713925
-7500.000000,-44.375439
-7488.281250,-46.374396
-7476.562500,-49.890565
-7464.843750,-45.934983
-7453.125000,-45.845403
-7441.406250,-44.726636
-7429.687500,-45.343077
-7417.968750,-57.279636
-7406.250000,-48.695131
-7394.531250,-55.358503
-7382.812500,-46.193148
-7371.093750,-46.748336
-7359.375000,-48.455558
-7347.656250,-42.036484
-7335.937500,-42.866551
-7324.218750,-46.355184
-7312.500000,-51.184017
-7300.781250,-49.472130
-7289.062500,-44.951206
-7277.343750,-44.384496
-7265.625000,-47.948493
-7253.906250,-49.969574
-7242.187500,-52.682997
-7230.468750,-46.355182
-7218.750000,-43.620616
-7207.031250,-43.435032
-7195.312500,-43.582771
-7183.593750,-40.971820
-7171.875000,-41.788191
-7160.156250,-51.941201
-7148.437500,-50.785255
-7136.718750,-48.854417
-7125.000000,-51.586560
-7113.281250,-52.033752
-7101.562500,-66.802895
-7089.843750,-42.967495
-7078.125000,-40.432479
-7066.406250,-53.547306
-7054.687500,-40.284960
-7042.968750,-41.714505
-7031.250000,-42.587511
-7019.531250,-45.545515
-7007.812500,-48.597102
-6996.093750,-57.639848
-6984.375000,-49.615084
-6972.656250,-43.157856
-6960.937500,-42.235925
-6949.218750,-46.087485
-6937.500000,-50.063580
-6925.781250,-49.520787
-6914.062500,-44.863397
-6902.343750,-47.460573
-6890.625000,-52.189624
-6878.906250,-42.386551
-6867.187500,-39.666258
-6855.468750,-40.484654
-6843.750000,-48.864957
-6832.031250,-48.060141
-6820.312500,-47.079597
-6808.593750,-44.776277
-6796.875000,-43.475191
-6785.156250,-52.404465
-6773.437500,-57.094105
-6761.718750,-44.860599
-6750.000000,-51.554061
-6738.281250,-52.123889
-6726.562500,-50.940062
-6714.843750,-50.452921
-6703.125000,-57.224878
-6691.406250,-51.309693
-6679.687500,-43.198112
-6667.968750,-49.659514
-6656.250000,-49.926487
-6644.531250,-52.412771
-6632.812500,-50.285944
-6621.093750,-49.155850
-6609.375000,-52.146130
-6597.656250,-52.405331
-6585.937500,-47.595824
-6574.218750,-46.349556
-6562.500000,-45.120639
-6550.781250,-43.587023
-6539.062500,-40.575932
-6527.343750,-39.752119
-6515.625000,-46.383661
-6503.906250,-50.261139
-6492.187500,-49.966679
-6480.468750,-49.552158
-6468.750000,-50.016032
-6457.031250,-46.766972
-6445.312500,-53.922980
-6433.593750,-47.888804
-6421.875000,-46.448411
-6410.156250,-56.665140
-6398.437500,-56.252863
-6386.718750,-48.454637
-6375.000000,-45.450929
-6363.281250,-58.899117
-6351.562500,-56.515945
-6339.843750,-59.078472
-6328.125000,-54.116213
-6316.406250,-56.242492
-6304.687500,-45.098281
-6292.968750,-47.302602
-6281.250000,-55.541935
-6269.531250,-53.997029
-6257.812500,-51.313191
-6246.093750,-57.664926
-6234.375000,-47.550472
-6222.656250,-64.236707
-6210.937500,-44.681702
-6199.218750,-49.154126
-6187.500000,-43.778438
-6175.781250,-42.521124
-6164.062500,-44.238779
-6152.343750,-46.972786
-6140.625000,-45.465314
-6128.906250,-41.908343
-6117.187500,-45.964567
-6105.468750,-49.774462
-6093.750000,-54.321803
-6082.031250,-45.768874
-6070.312500,-48.712395
-6058.593750,-45.679664
-6046.875000,-44.258651
-6035.156250,-49.080639
-6023.437500,-50.645187
-6011.718750,-61.426890
-6000.000000,-53.590436
-5988.281250,-52.656738
-5976.562500,-53.796017
-5964.843750,-47.586203
-5953.125000,-48.792088
-5941.406250,-45.319886
-5929.687500,-42.975004
-5917.968750,-52.187819
-5906.250000,-68.182092
-5894.531250,-53.640160
-5882.812500,-64.264709
-5871.093750,-49.446958
-5859.375000,-46.628145
-5847.656250,-49.521620
-5835.937500,-55.154526
-5824.218750,-45.242539
-5812.500000,-42.671239
-5800.781250,-44.185735
-5789.062500,-52.259707
-5777.343750,-51.104879
-5765.625000,-55.748623
-5753.906250,-57.831812
-5742.187500,-55.411034
-5730.468750,-45.037641
-5718.750000,-42.407111
-5707.031250,-49.488226
-5695.312500,-54.528643
-5683.593750,-47.899470
-5671.875000,-52.229385
-5660.156250,-54.082460
-5648.437500,-47.922033
-5636.718750,-45.890099
-5625.000000,-48.524949
-5613.281250,-59.710299
-5601.562500,-59.665424
-5589.843750,-48.112036
-5578.125000,-45.809110
-5566.406250,-52.797322
-5554.687500,-66.365533
-5542.968750,-54.613965
-5531.250000,-56.575647
-5519.531250,-61.998527
-5507.812500,-60.634986
-5496.093750,-63.435397
-5484.375000,-58.984498
-5472.656250,-55.975266
-5460.937500,-58.635413
-5449.218750,-58.700911
-5437.500000,-48.528336
-5425.781250,-47.861535
-5414.062500,-60.720856
-5402.343750,-53.638299
-5390.625000,-54.329783
-5378.906250,-50.442738
-5367.187500,-50.546313
-5355.468750,-58.112960
-5343.750000,-70.580010
-5332.031250,-66.883075
-5320.312500,-56.322161
-5308.593750,-51.177837
-5296.875000,-54.149449
-5285.156250,-64.469283
-5273.437500,-54.663001
-5261.718750,-56.714985
-5250.000000,-57.087592
-5238.281250,-55.610849
-5226.562500,-54.174177
-5214.843750,-65.140084
-5203.125000,-52.196580
-5191.406250,-48.399615
-5179.687500,-46.492734
-5167.968750,-50.630059
-5156.250000,-49.650006
-5144.531250,-49.399171
-5132.812500,-52.268657
-5121.093750,-52.706043
-5109.375000,-60.885269
-5097.656250,-56.804511
-5085.937500,-50.973557
-5074.218750,-48.351552
-5062.500000,-52.395613
-5050.781250,-46.871421
-5039.062500,-51.018133
-5027.343750,-50.091867
-5015.625000,-48.046329
-5003.906250,-59.746184
-4992.187500,-50.000536
-4980.468750,-54.720052
-4968.750000,-47.071709
-4957.031250,-52.794600
-4945.312500,-53.417728
-4933.593750,-52.050274
-4921.875000,-49.919635
-4910.156250,-52.483326
-4898.437500,-55.747122
-4886.718750,-53.640012
-4875.000000,-48.837063
-4863.281250,-43.704058
-4851.562500,-43.364464
-4839.843750,-47.024649
-4828.125000,-45.871252
-4816.406250,-44.712567
-4804.687500,-43.605715
-4792.968750,-44.333005
-4781.250000,-48.325369
-4769.531250,-62.648766
-4757.812500,-49.608504
-4746.093750,-50.508836
-4734.375000,-50.158967
-4722.656250,-55.155844
-4710.937500,-61.599390
-4699.218750,-56.042576
-4687.500000,-59.389132
-4675.781250,-66.052781
-4664.062500,-61.895144
-4652.343750,-62.722146
-4640.625000,-51.061436
-4628.906250,-50.404376
-4617.187500,-48.107041
-4605.468750,-47.788942
-4593.750000,-45.884473
-4582.031250,-47.154351
-4570.312500,-52.191225
-4558.593750,-47.890710
-4546.875000,-46.726875
-4535.156250,-44.565977
-4523.437500,-44.266092
-4511.718750,-50.668090
-4500.000000,-51.602069
-4488.281250,-51.724231
-4476.562500,-52.107368
-4464.843750,-50.491931
-4453.125000,-48.850636
-4441.406250,-47.555573
-4429.687500,-52.015375
-4417.968750,-54.547526
-4406.250000,-59.666575
-4394.531250,-54.095041
-4382.812500,-55.402817
-4371.093750,-60.212194
-4359.375000,-56.651643
-4347.656250,-51.067800
-4335.937500,-47.335111
-4324.218750,-51.484707
-4312.500000,-51.976472
-4300.781250,-49.894081
-4289.062500,-53.505462
-4277.343750,-49.199431
-4265.625000,-49.967591
-4253.906250,-50.210580
-4242.187500,-47.479959
-4230.468750,-45.190417
-4218.750000,-47.181703
-4207.031250,-53.509801
-4195.312500,-54.791394
-4183.593750,-50.045668
-4171.875000,-49.263958
-4160.156250,-48.988287
-4148.437500,-56.372800
-4136.718750,-60.885517
-4125.000000,-52.423818
-4113.281250,-49.250257
-4101.562500,-49.389134
-4089.843750,-53.397927
-4078.125000,-53.844249
-4066.406250,-64.813379
-4054.687500,-46.975052
-4042.968750,-49.692760
-4031.250000,-51.732086
-4019.531250,-50.311443
-4007.812500,-53.764452
-3996.093750,-52.935417
-3984.375000,-50.769154
-3972.656250,-52.218865
-3960.937500,-48.626227
-3949.218750,-48.383796
-3937.500000,-42.994970
-3925.781250,-45.849108
-3914.062500,-60.064605
-3902.343750,-49.848955
-3890.625000,-52.160892
-3878.906250,-45.349099
-3867.187500,-43.085986
-3855.468750,-44.703780
-3843.750000,-51.886044
-3832.031250,-48.733989
-3820.312500,-50.428575
-3808.593750,-49.318179
-3796.875000,-43.879073
-3785.156250,-43.131529
-3773.437500,-44.007015
-3761.718750,-42.346915
-3750.000000,-46.393357
-3738.281250,-53.273791
-3726.562500,-45.914500
-3714.843750,-43.916119
-3703.125000,-51.518291
-3691.406250,-61.124693
-3679.687500,-46.906376
-3667.968750,-46.725260
-3656.250000,-50.760734
-3644.531250,-60.531679
-3632.812500,-48.536138
-3621.093750,-43.667756
-3609.375000,-42.666817
-3597.656250,-45.372089
-3585.937500,-50.560665
-3574.218750,-56.614773
-3562.500000,-51.270471
-3550.781250,-48.416549
-3539.062500,-40.917220
-3527.343750,-38.881910
-3515.625000,-48.773832
-3503.906250,-47.472604
-3492.187500,-42.694213
-3480.468750,-39.530542
-3468.750000,-40.515645
-3457.031250,-40.850102
-3445.312500,-48.866532
-3433.593750,-52.490742
-3421.875000,-51.371777
-3410.156250,-59.856545
-3398.437500,-51.027162
-3386.718750,-41.017572
-3375.000000,-38.714893
-3363.281250,-44.604569
-3351.562500,-55.600250
-3339.843750,-51.339099
-3328.125000,-51.501200
-3316.406250,-47.122241
-3304.687500,-43.092759
-3292.968750,-44.398505
-3281.250000,-44.714170
-3269.531250,-40.666226
-3257.812500,-39.459040
-3246.093750,-42.774968
-3234.375000,-39.113994
-3222.656250,-40.177224
-3210.937500,-42.810704
-3199.218750,-41.821195
-3187.500000,-38.526967
-3175.781250,-36.519420
-3164.062500,-41.404979
-3152.343750,-44.290152
-3140.625000,-38.275818
-3128.906250,-38.941147
-3117.187500,-42.733537
-3105.468750,-44.852890
-3093.750000,-50.266375
-3082.031250,-36.923970
-3070.312500,-39.768361
-3058.593750,-41.159792
-3046.875000,-38.053004
-3035.156250,-57.759232
-3023.437500,-52.221364
-3011.718750,-48.026188
-3000.000000,-63.206569
-2988.281250,-49.800444
-2976.562500,-48.202809
-2964.843750,-45.307105
-2953.125000,-47.922357
-2941.406250,-39.638239
-2929.687500,-38.972180
-2917.968750,-51.694029
-2906.250000,-60.359764
-2894.531250,-48.392494
-2882.812500,-50.780400
-2871.093750,-44.750829
-2859.375000,-39.834533
-2847.656250,-39.796388
-2835.937500,-53.571179
-2824.218750,-44.046593
-2812.500000,-39.332229
-2800.781250,-42.733861
-2789.062500,-51.674655
-2777.343750,-45.516965
-2765.625000,-45.067521
-2753.906250,-41.992050
-2742.187500,-46.114138
-2730.468750,-44.711397
-2718.750000,-37.231061
-2707.031250,-41.090907
-2695.312500,-49.580097
-2683.593750,-52.911821
-2671.875000,-57.215363
-2660.156250,-48.609129
-2648.437500,-42.669143
-2636.718750,-42.481288
-2625.000000,-45.650383
-2613.281250,-63.908650
-2601.562500,-59.189590
-2589.843750,-47.597884
-2578.125000,-42.297657
-2566.406250,-45.113221
-2554.687500,-47.179024
-2542.968750,-42.839166
-2531.250000,-38.790521
-2519.531250,-46.449363
-2507.812500,-43.114577
-2496.093750,-42.730229
-2484.375000,-38.883881
-2472.656250,-36.541020
-2460.937500,-38.925588
-2449.218750,-48.303293
-2437.500000,-43.413816
-2425.781250,-44.860265
-2414.062500,-52.102744
-2402.343750,-51.759280
-2390.625000,-45.773552
-2378.906250,-37.725109
-2367.187500,-42.625465
-2355.468750,-48.917408
-2343.750000,-42.826292
-2332.031250,-41.831567
-2320.312500,-45.353241
-2308.593750,-40.872836
-2296.875000,-39.834675
-2285.156250,-48.464689
-2273.437500,-48.402061
-2261.718750,-44.377661
-2250.000000,-46.822085
-2238.281250,-54.109906
-2226.562500,-46.266300
-2214.843750,-45.253417
-2203.125000,-40.743641
-2191.406250,-38.187495
-2179.687500,-33.384926
-2167.968750,-34.974395
-2156.250000,-38.230804
-2144.531250,-37.661803
-2132.812500,-38.734380
-2121.093750,-42.316878
-2109.375000,-56.706370
-2097.656250,-45.731549
-2085.937500,-37.387971
-2074.218750,-35.561567
-2062.500000,-44.937108
-2050.781250,-38.728724
-2039.062500,-50.760003
-2027.343750,-41.251258
-2015.625000,-46.053401
-2003.906250,-48.044442
-1992.187500,-40.483201
-1980.468750,-41.466837
-1968.750000,-38.307272
-1957.031250,-42.954848
-1945.312500,-54.775467
-1933.593750,-40.601931
-1921.875000,-44.783321
-1910.156250,-67.937373
-1898.437500,-46.503102
-1886.718750,-40.433265
-1875.000000,-43.740142
-1863.281250,-47.325875
-1851.562500,-41.759913
-1839.843750,-47.309942
-1828.125000,-43.761665
-1816.406250,-37.905061
-1804.687500,-36.315800
-1792.968750,-41.451330
-1781.250000,-52.772800
-1769.531250,-60.574661
-1757.812500,-46.189506
-1746.093750,-46.677964
-1734.375000,-46.221337
-1722.656250,-46.860406
-1710.937500,-48.230897
-1699.218750,-45.621012
-1687.500000,-49.461739
-1675.781250,-48.329495
-1664.062500,-52.804170
-1652.343750,-47.450978
-1640.625000,-43.898196
-1628.906250,-45.987514
-1617.187500,-45.456422
-1605.468750,-41.085974
-1593.750000,-39.866422
-1582.031250,-43.445748
-1570.312500,-49.250061
-1558.593750,-46.957209
-1546.875000,-40.197779
-1535.156250,-38.841280
-1523.437500,-39.219622
-1511.718750,-47.213349
-1500.000000,-45.723179
-1488.281250,-41.532601
-1476.562500,-39.422410
-1464.843750,-39.490963
-1453.125000,-37.254018
-1441.406250,-40.095073
-1429.687500,-39.493803
-1417.968750,-47.464447
-1406.250000,-41.746090
-1394.531250,-50.576405
-1382.812500,-40.426750
-1371.093750,-37.714106
-1359.375000,-38.684316
-1347.656250,-38.639221
-1335.937500,-37.354307
-1324.218750,-39.423613
-1312.500000,-37.135599
-1300.781250,-35.823991
-1289.062500,-43.882943
-1277.343750,-49.209768
-1265.625000,-46.573940
-1253.906250,-39.783331
-1242.187500,-41.721222
-1230.468750,-39.065044
-1218.750000,-51.910495
-1207.031250,-35.349942
-1195.312500,-35.982432
-1183.593750,-31.721848
-1171.875000,-32.073793
-1160.156250,-35.692179
-1148.437500,-35.407423
-1136.718750,-32.011031
-1125.000000,-31.338687
-1113.281250,-31.950994
-1101.562500,-32.803986
-1089.843750,-40.914868
-1078.125000,-32.384436
-1066.406250,-37.862791
-1054.687500,-34.931704
-1042.968750,-39.521140
-1031.250000,-36.308531
-1019.531250,-46.656099
-1007.812500,-38.514499
-996.093750,-41.169475
-984.375000,-42.111088
-972.656250,-30.274290
-960.937500,-30.741005
-949.218750,-34.688976
-937.500000,-31.918904
-925.781250,-33.672014
-914.062500,-39.132887
-902.343750,-39.129028
-890.625000,-42.194673
-878.906250,-45.770812
-867.187500,-49.249483
-855.468750,-34.741425
-843.750000,-35.256567
-832.031250,-47.737540
-820.312500,-37.075095
-808.593750,-34.441147
-796.875000,-34.907929
-785.156250,-37.766547
-773.437500,-39.136384
-761.718750,-41.525440
-750.000000,-42.578569
-738.281250,-42.176778
-726.562500,-38.843909
-714.843750,-39.963267
-703.125000,-38.647521
-691.406250,-37.297538
-679.687500,-43.849736
-667.968750,-43.218802
-656.250000,-42.447625
-644.531250,-39.497394
-632.812500,-37.613960
-621.093750,-36.913645
-609.375000,-30.877376
-597.656250,-33.630438
-585.937500,-40.315296
-574.218750,-42.210938
-562.500000,-34.306307
-550.781250,-31.041487
-539.062500,-34.317573
-527.343750,-36.944287
-515.625000,-36.894906
-503.906250,-36.949283
-492.187500,-38.621688
-480.468750,-40.347323
-468.750000,-41.225812
-457.031250,-35.593935
-445.312500,-37.932703
-433.593750,-43.989331
-421.875000,-46.499227
-410.156250,-42.944126
-398.437500,-35.177785
-386.718750,-53.260607
-375.000000,-38.497015
-363.281250,-30.260365
-351.562500,-26.869208
-339.843750,-26.657092
-328.125000,-29.728462
-316.406250,-41.746550
-304.687500,-32.792312
-292.968750,-34.514571
-281.250000,-40.949415
-269.531250,-37.549549
-257.812500,-37.048446
-246.093750,-57.615737
-234.375000,-36.248327
-222.656250,-29.360233
-210.937500,-34.767412
-199.218750,-47.185880
-187.500000,-35.189010
-175.781250,-30.423819
-164.062500,-29.258128
-152.343750,-32.010259
-140.625000,-39.603597
-128.906250,-43.662815
-117.187500,-30.169908
-105.468750,-29.697167
-93.750000,-33.883317
-82.031250,-28.961078
-70.312500,-35.371779
-58.593750,-26.642742
-46.875000,-25.020441
-35.156250,-30.164522
-23.437500,-32.668617
-11.718750,-35.637021
0.000000,-43.432987
11.718750,-42.028769
23.437500,-36.023209
35.156250,-39.072572
46.875000,-38.246696
58.593750,-39.513441
70.312500,-40.679807
82.031250,-35.699294
93.750000,-31.173268
105.468750,-35.462378
117.187500,-30.527812
128.906250,-28.535688
140.625000,-34.630596
152.343750,-43.182946
164.062500,-44.648900
175.781250,-38.376226
187.500000,-44.739914
199.218750,-37.240090
210.937500,-36.800236
222.656250,-38.108302
234.375000,-32.400221
246.093750,-29.769337
257.812500,-36.375315
269.531250,-41.927409
281.250000,-32.096769
292.968750,-35.692381
304.687500,-46.793579
316.406250,-32.850600
328.125000,-35.323200
339.843750,-46.531892
351.562500,-34.885123
363.281250,-33.593530
375.000000,-35.277719
386.718750,-43.527089
398.437500,-31.631295
410.156250,-32.816724
421.875000,-30.327201
433.593750,-36.100942
445.312500,-40.367277
457.031250,-31.478078
468.750000,-28.242744
480.468750,-30.654035
492.187500,-35.114537
503.906250,-32.059576
515.625000,-33.278496
527.343750,-33.526764
539.062500,-31.616701
550.781250,-36.524649
562.500000,-35.609092
574.218750,-29.473846
585.937500,-35.716766
597.656250,-54.516989
609.375000,-36.326858
621.093750,-26.767603
632.812500,-29.739228
644.531250,-40.221821
656.250000,-33.085106
667.968750,-32.791452
679.687500,-35.911865
691.406250,-33.261368
703.125000,-28.821675
714.843750,-32.586853
726.562500,-32.742187
738.281250,-33.020239
750.000000,-36.308826
761.718750,-39.410998
773.437500,-46.519859
785.156250,-31.828013
796.875000,-30.229954
808.593750,-33.560729
820.312500,-29.061684
832.031250,-28.821821
843.750000,-30.980059
855.468750,-31.030187
867.187500,-31.407703
878.906250,-33.546894
890.625000,-35.409657
902.343750,-39.269398
914.062500,-34.549316
925.781250,-29.915953
937.500000,-50.675259
949.218750,-32.045238
960.937500,-43.874342
972.656250,-35.289858
984.375000,-40.357488
996.093750,-40.015951
1007.812500,-39.713774
1019.531250,-42.607617
1031.250000,-34.906319
1042.968750,-39.408740
1054.687500,-37.527234
1066.406250,-30.957031
1078.125000,-34.135678
1089.843750,-40.867682
1101.562500,-37.452386
1113.281250,-40.191076
1125.000000,-48.401008
1136.718750,-48.839370
1148.437500,-38.854683
1160.156250,-41.903617
1171.875000,-37.635579
1183.593750,-32.783430
1195.312500,-35.254309
1207.031250,-43.447000
1218.750000,-39.687507
1230.468750,-39.377718
1242.187500,-46.360488
1253.906250,-47.140369
1265.625000,-39.118230
1277.343750,-35.958633
1289.062500,-40.724770
1300.781250,-42.389191
1312.500000,-36.944734
1324.218750,-37.287040
1335.937500,-40.052110
1347.656250,-42.011640
1359.375000,-40.040177
1371.093750,-41.118213
1382.812500,-40.427074
1394.531250,-37.504499
1406.250000,-36.202664
1417.968750,-37.507354
1429.687500,-43.580650
1441.406250,-37.085461
1453.125000,-40.816507
1464.843750,-35.760138
1476.562500,-35.742737
1488.281250,-46.335316
1500.000000,-43.429671
1511.718750,-39.370340
1523.437500,-37.044841
1535.156250,-36.546272
1546.875000,-44.818923
1558.593750,-44.841185
1570.312500,-40.569021
1582.031250,-43.562937
1593.750000,-42.217398
1605.468750,-40.966828
1617.187500,-38.685267
1628.906250,-37.169759
1640.625000,-42.771458
1652.343750,-37.471239
1664.062500,-36.599729
1675.781250,-41.806550
1687.500000,-45.780931
1699.218750,-39.289718
1710.937500,-40.892033
1722.656250,-44.437116
1734.375000,-39.569447
1746.093750,-42.004862
1757.812500,-46.697622
1769.531250,-40.480314
1781.250000,-48.831381
1792.968750,-39.232834
1804.687500,-40.544965
1816.406250,-38.041105
1828.125000,-36.066060
1839.843750,-37.883131
1851.562500,-44.255260
1863.281250,-40.553693
1875.000000,-38.997954
1886.718750,-38.039886
1898.437500,-38.918418
1910.156250,-62.169338
1921.875000,-38.569443
1933.593750,-45.171436
1945.312500,-38.786402
1957.031250,-48.095232
1968.750000,-44.654539
1980.468750,-48.690661
1992.187500,-43.979008
2003.906250,-43.299267
2015.625000,-47.868811
2027.343750,-43.812507
2039.062500,-45.427471
2050.781250,-40.966242
2062.500000,-36.136566
2074.218750,-38.028344
2085.937500,-43.786869
2097.656250,-47.948282
2109.375000,-45.233691
2121.093750,-46.301913
2132.812500,-46.097931
2144.531250,-42.088981
2156.250000,-39.446146
2167.968750,-37.038882
2179.687500,-36.500304
2191.406250,-41.868704
2203.125000,-45.358601
2214.843750,-49.550053
2226.562500,-54.117685
2238.281250,-46.265762
2250.000000,-49.295699
2261.718750,-66.401380
2273.437500,-49.958292
2285.156250,-48.731276
2296.875000,-44.944461
2308.593750,-44.592894
2320.312500,-52.227698
2332.031250,-52.657642
2343.750000,-59.200205
2355.468750,-51.277480
2367.187500,-48.851299
2378.906250,-44.549202
2390.625000,-37.125359
2402.343750,-36.351780
2414.062500,-45.462013
2425.781250,-47.534050
2437.500000,-41.600028
2449.218750,-37.435611
2460.937500,-35.806873
2472.656250,-37.872669
2484.375000,-42.936500
2496.093750,-52.104647
2507.812500,-42.498581
2519.531250,-42.906440
2531.250000,-44.277694
2542.968750,-41.509737
2554.687500,-44.676569
2566.406250,-46.742912
2578.125000,-51.093558
2589.843750,-51.070988
2601.562500,-44.089986
2613.281250,-38.567741
2625.000000,-34.717178
2636.718750,-36.372135
2648.437500,-48.554955
2660.156250,-43.851499
2671.875000,-39.030001
2683.593750,-42.358294
2695.312500,-41.263751
2707.031250,-39.532924
2718.750000,-39.091893
2730.468750,-39.344693
2742.187500,-39.091450
2753.906250,-42.703379
2765.625000,-46.623346
2777.343750,-46.756900
2789.062500,-39.415842
2800.781250,-38.207207
2812.500000,-41.766510
2824.218750,-38.723495
2835.937500,-39.910477
2847.656250,-47.411639
2859.375000,-37.635546
2871.093750,-37.487963
2882.812500,-35.544693
2894.531250,-33.259449
2906.250000,-42.680179
2917.968750,-36.459118
2929.687500,-37.277899
2941.406250,-42.596298
2953.125000,-36.845747
2964.843750,-50.569562
2976.562500,-57.009949
2988.281250,-41.418051
3000.000000,-41.592160
3011.718750,-51.734897
3023.437500,-42.868170
3035.156250,-40.207123
3046.875000,-50.959367
3058.593750,-46.354976
3070.312500,-44.041989
3082.031250,-43.676667
3093.750000,-41.293071
3105.468750,-41.737842
3117.187500,-51.021936
3128.906250,-55.950310
3140.625000,-54.765105
3152.343750,-43.234306
3164.062500,-50.386141
3175.781250,-41.695912
3187.500000,-40.246003
3199.218750,-46.424732
3210.937500,-47.271840
3222.656250,-47.837159
3234.375000,-46.953421
3246.093750,-44.099151
3257.812500,-46.837856
3269.531250,-46.789171
3281.250000,-43.976551
3292.968750,-44.218772
3304.687500,-42.564572
3316.406250,-45.819827
3328.125000,-57.920423
3339.843750,-69.668544
3351.562500,-45.896090
3363.281250,-43.187821
3375.000000,-46.570280
3386.718750,-44.476519
3398.437500,-44.056197
3410.156250,-48.158671
3421.875000,-47.106027
3433.593750,-48.831111
3445.312500,-43.652434
3457.031250,-41.198960
3468.750000,-54.353205
3480.468750,-48.147133
3492.187500,-62.057406
3503.906250,-59.303243
3515.625000,-52.412662
3527.343750,-48.506703
3539.062500,-51.975623
3550.781250,-55.493327
3562.500000,-50.752164
3574.218750,-52.132694
3585.937500,-52.166008
3597.656250,-63.139136
3609.375000,-48.717009
3621.093750,-60.226394
3632.812500,-50.425440
3644.531250,-45.394630
3656.250000,-42.530400
3667.968750,-40.871250
3679.687500,-45.210446
3691.406250,-48.801693
3703.125000,-46.106635
3714.843750,-51.200765
3726.562500,-49.860903
3738.281250,-50.503605
3750.000000,-54.063834
3761.718750,-50.735703
3773.437500,-47.928301
3785.156250,-54.638640
3796.875000,-54.233351
3808.593750,-56.248854
3820.312500,-58.976492
3832.031250,-47.270127
3843.750000,-46.346580
3855.468750,-54.273760
3867.187500,-48.978144
3878.906250,-46.108151
3890.625000,-46.640188
3902.343750,-49.647947
3914.062500,-47.389006
3925.781250,-46.850863
3937.500000,-52.974620
3949.218750,-54.234061
3960.937500,-62.639022
3972.656250,-62.370443
3984.375000,-50.578038
3996.093750,-50.055392
4007.812500,-53.118536
4019.531250,-49.850157
4031.250000,-57.099594
4042.968750,-54.066038
4054.687500,-45.764159
4066.406250,-45.045477
4078.125000,-50.366090
4089.843750,-64.515247
4101.562500,-56.936892
4113.281250,-58.862275
4125.000000,-55.874711
4136.718750,-55.684654
4148.437500,-49.441461
4160.156250,-46.252180
4171.875000,-53.032827
4183.593750,-55.091617
4195.312500,-58.662685
4207.031250,-58.677237
4218.750000,-55.158394
4230.468750,-60.481534
4242.187500,-50.855104
4253.906250,-58.904615
4265.625000,-56.163377
4277.343750,-46.044872
4289.062500,-45.990806
4300.781250,-51.650085
4312.500000,-48.167824
4324.218750,-50.835724
4335.937500,-54.005713
4347.656250,-60.191368
4359.375000,-59.552076
4371.093750,-50.043776
4382.812500,-48.947789
4394.531250,-46.323661
4406.250000,-46.972673
4417.968750,-55.351904
4429.687500,-46.855916
4441.406250,-42.283316
4453.125000,-44.276935
4464.843750,-47.636401
4476.562500,-57.287752
4488.281250,-52.148114
4500.000000,-68.340642
4511.718750,-46.818244
4523.437500,-42.762363
4535.156250,-44.367171
4546.875000,-49.163725
4558.593750,-48.773292
4570.312500,-50.619206
4582.031250,-63.377258
4593.750000,-51.485605
4605.468750,-49.285346
4617.187500,-52.165879
4628.906250,-53.961308
4640.625000,-48.632783
4652.343750,-48.799828
4664.062500,-44.007702
4675.781250,-43.886088
4687.500000,-51.479888
4699.218750,-57.505169
4710.937500,-56.249933
4722.656250,-59.015274
4734.375000,-79.417897
4746.093750,-52.284952
4757.812500,-53.906254
4769.531250,-53.370541
4781.250000,-48.485520
4792.968750,-48.976675
4804.687500,-58.275125
4816.406250,-54.900830
4828.125000,-48.370768
4839.843750,-46.529554
4851.562500,-49.098760
4863.281250,-48.801754
4875.000000,-45.816914
4886.718750,-47.093966
4898.437500,-55.376558
4910.156250,-52.196532
4921.875000,-48.433992
4933.593750,-61.488819
4945.312500,-46.068963
4957.031250,-53.672070
4968.750000,-59.000768
4980.468750,-51.811831
4992.187500,-51.479185
5003.906250,-53.381046
5015.625000,-65.163309
5027.343750,-58.660653
5039.062500,-51.300137
5050.781250,-46.317748
5062.500000,-45.528401
5074.218750,-49.275792
5085.937500,-51.348962
5097.656250,-50.025865
5109.375000,-51.085382
5121.093750,-53.723669
5132.812500,-61.057274
5144.531250,-56.353968
5156.250000,-51.704944
5167.968750,-52.248999
5179.687500,-52.617707
5191.406250,-65.137713
5203.125000,-59.310223
5214.843750,-54.793163
5226.562500,-54.457492
5238.281250,-61.030589
5250.000000,-59.794101
5261.718750,-60.561888
5273.437500,-56.035130
5285.156250,-61.212244
5296.875000,-58.969898
5308.593750,-62.149554
5320.312500,-54.383350
5332.031250,-58.739495
5343.750000,-58.079647
5355.468750,-58.017912
5367.187500,-55.009634
5378.906250,-59.264988
5390.625000,-47.410102
5402.343750,-45.946085
5414.062500,-45.823080
5425.781250,-47.715331
5437.500000,-50.695293
5449.218750,-50.650189
5460.937500,-53.349353
5472.656250,-49.626429
5484.375000,-48.203373
5496.093750,-51.948091
5507.812500,-52.729479
5519.531250,-48.627857
5531.250000,-48.569670
5542.968750,-49.424095
5554.687500,-50.106505
5566.406250,-49.787612
5578.125000,-53.774794
5589.843750,-59.914462
5601.562500,-50.632446
5613.281250,-60.704714
5625.000000,-48.130639
5636.718750,-66.800945
5648.437500,-51.344599
5660.156250,-50.513785
5671.875000,-48.966785
5683.593750,-49.709225
5695.312500,-51.715580
5707.031250,-43.539874
5718.750000,-45.389035
5730.468750,-48.372975
5742.187500,-47.087800
5753.906250,-50.572268
5765.625000,-49.013141
5777.343750,-51.833834
5789.062500,-45.318478
5800.781250,-44.021696
5812.500000,-43.464580
5824.218750,-42.034671
5835.937500,-44.724137
5847.656250,-45.351434
5859.375000,-44.445753
5871.093750,-50.944951
5882.812500,-56.964199
5894.531250,-49.275502
5906.250000,-52.226959
5917.968750,-40.896735
5929.687500,-42.389729
5941.406250,-53.555398
5953.125000,-62.559470
5964.843750,-48.406592
5976.562500,-54.648993
5988.281250,-49.715675
6000.000000,-51.524170
6011.718750,-67.486327
6023.437500,-47.040145
6035.156250,-42.601313
6046.875000,-47.719127
6058.593750,-53.479200
6070.312500,-49.612462
6082.031250,-50.379365
6093.750000,-53.039767
6105.468750,-51.417626
6117.187500,-46.833673
6128.906250,-52.062985
6140.625000,-50.434146
6152.343750,-46.304999
6164.062500,-48.291730
6175.781250,-45.613870
6187.500000,-45.831296
6199.218750,-45.045019
6210.937500,-44.546804
6222.656250,-43.445319
6234.375000,-49.970738
6246.093750,-48.191093
6257.812500,-51.754964
6269.531250,-56.582197
6281.250000,-60.547512
6292.968750,-51.694100
6304.687500,-48.355393
6316.406250,-49.656720
6328.125000,-58.056900
6339.843750,-55.397329
6351.562500,-56.338098
6363.281250,-55.511664
6375.000000,-51.485189
6386.718750,-46.861301
6398.437500,-45.352579
6410.156250,-51.566228
6421.875000,-60.046733
6433.593750,-48.173126
6445.312500,-44.811340
6457.031250,-44.759569
6468.750000,-56.130997
6480.468750,-56.806797
6492.187500,-61.473430
6503.906250,-56.503942
6515.625000,-52.319808
6527.343750,-55.171046
6539.062500,-54.414599
6550.781250,-52.373410
6562.500000,-46.005281
6574.218750,-54.624009
6585.937500,-60.107899
6597.656250,-47.637195
6609.375000,-45.425977
6621.093750,-49.296260
6632.812500,-46.543578
6644.531250,-45.762823
6656.250000,-44.288634
6667.968750,-42.322998
6679.687500,-42.542938
6691.406250,-50.023873
6703.125000,-47.186739
6714.843750,-48.052806
6726.562500,-58.148367
6738.281250,-68.582440
6750.000000,-53.955952
6761.718750,-51.938704
6773.437500,-55.995503
6785.156250,-54.510764
6796.875000,-43.821146
6808.593750,-52.964237
6820.312500,-48.091597
6832.031250,-42.936745
6843.750000,-41.890022
6855.468750,-54.506850
6867.187500,-44.959068
6878.906250,-43.818599
6890.625000,-42.930432
6902.343750,-50.801281
6914.062500,-48.294777
6925.781250,-43.974857
6937.500000,-50.823125
6949.218750,-45.059836
6960.937500,-48.745568
6972.656250,-61.322846
6984.375000,-52.922515
6996.093750,-50.435422
7007.812500,-59.014773
7019.531250,-54.557219
7031.250000,-59.715955
7042.968750,-52.907302
7054.687500,-44.828674
7066.406250,-47.658252
7078.125000,-50.134975
7089.843750,-52.126063
7101.562500,-43.497680
7113.281250,-40.432577
7125.000000,-40.812660
7136.718750,-45.098062
7148.437500,-52.574413
7160.156250,-57.448540
7171.875000,-44.224287
7183.593750,-41.865157
7195.312500,-43.821928
7207.031250,-46.883081
7218.750000,-61.233689
7230.468750,-50.645289
7242.187500,-45.804293
7253.906250,-42.974806
7265.625000,-52.236536
7277.343750,-44.000042
7289.062500,-43.116829
7300.781250,-48.583340
7312.500000,-52.508807
7324.218750,-57.319456
7335.937500,-67.287907
7347.656250,-64.099061
7359.375000,-59.854250
7371.093750,-61.039686
7382.812500,-52.683687
7394.531250,-40.641903
7406.250000,-40.947509
7417.968750,-48.940859
7429.687500,-53.093866
7441.406250,-45.948293
7453.125000,-52.741659
7464.843750,-44.976392
7476.562500,-41.088210
7488.281250,-42.247158
7500.000000,-46.075809
7511.718750,-48.148983
7523.437500,-47.355242
7535.156250,-49.035568
7546.875000,-49.877278
7558.593750,-58.078984
7570.312500,-50.005949
7582.031250,-48.111622
7593.750000,-76.820934
7605.468750,-55.215660
7617.187500,-43.274102
7628.906250,-42.917577
7640.625000,-51.619391
7652.343750,-46.561117
7664.062500,-48.688760
7675.781250,-50.312076
7687.500000,-55.424412
7699.218750,-43.766169
7710.937500,-43.924320
7722.656250,-49.100072
7734.375000,-47.121395
7746.093750,-47.481237
7757.812500,-47.869255
7769.531250,-48.899645
7781.250000,-48.398649
7792.968750,-44.330992
7804.687500,-48.727494
7816.406250,-44.913207
7828.125000,-43.985515
7839.843750,-46.641823
7851.562500,-46.728711
7863.281250,-47.763944
7875.000000,-56.313657
7886.718750,-55.287619
7898.437500,-59.005915
7910.156250,-50.635893
7921.875000,-43.729269
7933.593750,-49.966388
7945.312500,-55.646750
7957.031250,-62.642736
7968.750000,-52.659888
7980.468750,-53.610198
7992.187500,-57.557634
8003.906250,-58.477823
8015.625000,-74.397309
8027.343750,-52.240395
8039.062500,-51.817236
8050.781250,-56.319728
8062.500000,-51.944596
8074.218750,-50.899071
8085.937500,-55.601909
8097.656250,-57.319786
8109.375000,-56.422043
8121.093750,-58.251675
8132.812500,-62.244139
8144.531250,-57.539634
8156.250000,-56.464221
8167.968750,-55.187999
8179.687500,-51.055656
8191.406250,-51.399197
8203.125000,-56.205301
8214.843750,-58.503335
8226.562500,-56.737829
8238.281250,-58.801549
8250.000000,-57.914825
8261.718750,-60.294523
8273.437500,-57.603113
8285.156250,-61.932452
8296.875000,-64.845927
8308.593750,-59.322030
8320.312500,-59.359981
8332.031250,-60.784827
8343.750000,-63.492070
8355.468750,-67.959596
8367.187500,-72.704903
8378.906250,-72.841156
8390.625000,-63.252320
8402.343750,-58.621462
8414.062500,-59.884322
8425.781250,-75.532736
8437.500000,-61.226159
8449.218750,-61.685936
8460.937500,-63.184591
8472.656250,-58.410216
8484.375000,-65.298914
8496.093750,-66.849944
8507.812500,-66.238868
8519.531250,-61.406941
8531.250000,-61.523946
8542.968750,-71.249182
8554.687500,-66.061629
8566.406250,-69.484043
8578.125000,-67.089597
8589.843750,-78.211498
8601.562500,-61.780867
8613.281250,-78.781107
8625.000000,-60.739908
8636.718750,-61.797509
8648.437500,-61.553148
8660.156250,-61.486870
8671.875000,-64.184009
8683.593750,-65.858568
8695.312500,-62.616086
8707.031250,-65.416535
8718.750000,-75.278478
8730.468750,-68.700441
8742.187500,-67.364870
8753.906250,-69.737498
8765.625000,-67.211453
8777.343750,-89.147711
8789.062500,-68.268006
8800.781250,-72.194090
8812.500000,-71.419189
8824.218750,-67.241944
8835.937500,-65.613594
8847.656250,-65.577561
8859.375000,-68.547937
8871.093750,-69.134991
8882.812500,-64.397558
8894.531250,-64.486665
8906.250000,-69.729832
8917.968750,-68.446627
8929.687500,-70.756923
8941.406250,-71.713170
8953.125000,-72.361870
8964.843750,-81.049712
8976.562500,-86.038397
8988.281250,-80.286899
9000.000000,-76.221331
9011.718750,-73.675460
9023.437500,-73.342700
9035.156250,-70.509124
9046.875000,-74.993451
9058.593750,-69.597967
9070.312500,-68.056535
9082.031250,-72.378222
9093.750000,-72.529332
9105.468750,-73.074362
9117.187500,-77.514252
9128.906250,-86.031783
9140.625000,-86.460406
9152.343750,-77.180158
9164.062500,-70.103375
9175.781250,-68.686117
9187.500000,-71.502970
9199.218750,-80.912062
9210.937500,-85.646057
9222.656250,-80.842447
9234.375000,-77.762343
9246.093750,-74.416705
9257.812500,-85.114249
9269.531250,-76.769621
9281.250000,-76.975083
9292.968750,-94.005315
9304.687500,-82.995553
9316.406250,-78.814858
9328.125000,-84.180537
9339.843750,-85.246735
9351.562500,-91.650674
9363.281250,-85.413370
9375.000000,-91.778809
9386.718750,-90.533475
9398.437500,-83.132205
9410.156250,-81.020374
9421.875000,-83.915270
9433.593750,-86.706052
9445.312500,-81.162274
9457.031250,-84.649003
9468.750000,-95.785058
9480.468750,-89.639254
9492.187500,-88.674244
9503.906250,-98.709467
9515.625000,-97.604831
9527.343750,-92.254818
9539.062500,-98.411519
9550.781250,-104.430828
9562.500000,-103.962590
9574.218750,-102.413040
9585.937500,-107.728657
9597.656250,-136.304793
9609.375000,-111.723788
9621.093750,-100.975251
9632.812500,-98.015456
9644.531250,-97.631560
9656.250000,-100.054825
9667.968750,-95.423831
9679.687500,-91.782807
9691.406250,-98.008816
9703.125000,-87.946285
9714.843750,-86.223910
9726.562500,-91.419756
9738.281250,-88.706345
9750.000000,-84.412010
9761.718750,-86.424629
9773.437500,-88.652528
9785.156250,-81.716655
9796.875000,-79.587383
9808.593750,-83.604363
9820.312500,-79.621355
9832.031250,-80.732221
9843.750000,-88.377534
9855.468750,-78.906515
9867.187500,-78.982904
9878.906250,-82.416332
9890.625000,-78.779933
9902.343750,-86.582017
9914.062500,-75.600671
9925.781250,-72.885285
9937.500000,-76.729079
9949.218750,-87.302039
9960.937500,-90.489495
9972.656250,-96.133573
9984.375000,-84.619217
9996.093750,-83.648611
10007.812500,-96.816017
10019.531250,-84.080236
10031.250000,-79.204721
10042.968750,-84.872790
10054.687500,-80.802626
10066.406250,-78.828377
10078.125000,-81.036121
10089.843750,-92.948848
10101.562500,-84.182170
10113.281250,-76.484590
10125.000000,-77.615828
10136.718750,-84.990955
10148.437500,-81.290655
10160.156250,-90.962970
10171.875000,-76.353668
10183.593750,-73.278926
10195.312500,-75.008916
10207.031250,-87.129425
10218.750000,-79.713637
10230.468750,-91.894100
10242.187500,-78.372219
10253.906250,-79.493790
10265.625000,-86.264759
10277.343750,-77.113444
10289.062500,-77.228854
10300.781250,-80.083037
10312.500000,-79.017109
10324.218750,-83.044453
10335.937500,-86.993930
10347.656250,-94.110597
10359.375000,-89.728918
10371.093750,-91.955030
10382.812500,-84.913529
10394.531250,-77.632191
10406.250000,-86.712006
10417.968750,-80.164194
10429.687500,-78.758444
10441.406250,-79.280028
10453.125000,-78.052365
10464.843750,-81.447669
10476.562500,-77.478964
10488.281250,-79.564971
10500.000000,-82.347443
10511.718750,-77.879265
10523.437500,-74.395976
10535.156250,-80.105292
10546.875000,-91.587221
10558.593750,-93.841240
10570.312500,-94.300723
10582.031250,-81.287637
10593.750000,-82.373889
10605.468750,-84.959606
10617.187500,-75.442991
10628.906250,-77.991284
10640.625000,-80.744104
10652.343750,-90.786274
10664.062500,-79.344254
10675.781250,-75.985351
10687.500000,-76.372727
10699.218750,-76.525774
10710.937500,-75.899992
10722.656250,-81.145471
10734.375000,-77.576469
10746.093750,-75.691989
10757.812500,-79.162647
10769.531250,-75.407578
10781.250000,-79.504945
10792.968750,-76.424285
10804.687500,-75.767953
10816.406250,-75.655594
10828.125000,-77.115559
10839.843750,-80.904033
10851.562500,-84.917501
10863.281250,-76.230236
10875.000000,-87.641864
10886.718750,-87.001983
10898.437500,-78.753944
10910.156250,-87.646602
10921.875000,-81.319534
10933.593750,-87.515400
10945.312500,-81.940930
10957.031250,-91.820248
10968.750000,-92.831220
10980.468750,-103.739182
10992.187500,-89.473763
11003.906250,-85.946970
11015.625000,-94.529543
11027.343750,-83.894269
11039.062500,-84.420719
11050.781250,-90.895892
11062.500000,-84.485147
11074.218750,-98.484690
11085.937500,-85.580641
11097.656250,-88.213661
11109.375000,-88.143522
11121.093750,-86.615636
11132.812500,-85.644971
11144.531250,-86.968464
11156.250000,-89.643214
11167.968750,-80.709041
11179.687500,-81.734503
11191.406250,-88.595837
11203.125000,-88.231947
11214.843750,-91.041702
11226.562500,-86.150031
11238.281250,-85.957716
11250.000000,-86.949524
11261.718750,-96.087601
11273.437500,-85.423835
11285.156250,-82.116182
11296.875000,-85.180982
11308.593750,-83.885491
11320.312500,-84.998317
11332.031250,-99.873605
11343.750000,-90.910711
11355.468750,-89.123001
11367.187500,-92.811436
11378.906250,-95.991946
11390.625000,-84.924408
11402.343750,-80.853467
11414.062500,-83.934086
11425.781250,-86.691337
11437.500000,-83.728754
11449.218750,-83.853229
11460.937500,-86.156332
11472.656250,-90.329695
11484.375000,-93.691138
11496.093750,-106.414078
11507.812500,-92.597356
11519.531250,-87.119041
11531.250000,-84.578168
11542.968750,-89.068132
11554.687500,-89.690891
11566.406250,-88.438878
11578.125000,-97.736675
11589.843750,-100.003397
11601.562500,-90.671907
11613.281250,-86.705456
11625.000000,-88.682741
11636.718750,-86.703408
11648.437500,-87.610209
11660.156250,-88.263618
11671.875000,-86.784127
11683.593750,-89.988923
11695.312500,-96.352153
11707.031250,-96.454786
11718.750000,-97.046897
11730.468750,-94.196510
11742.187500,-99.551499
11753.906250,-92.693473
11765.625000,-95.120716
11777.343750,-94.632558
11789.062500,-92.992888
11800.781250,-99.240568
11812.500000,-94.321336
11824.218750,-99.438234
11835.937500,-102.914862
11847.656250,-118.845210
11859.375000,-99.166790
11871.093750,-99.859545
11882.812500,-98.257040
11894.531250,-104.776772
11906.250000,-106.985776
11917.968750,-105.476491
11929.687500,-115.614570
11941.406250,-112.439192
11953.125000,-116.241680
11964.843750,-109.641049
11976.562500,-115.688677
11988.281250,-125.648680
12000.000000,-179.747015
12011.718750,-121.916159
12023.437500,-117.388469
12035.156250,-116.866787
12046.875000,-114.822962
12058.593750,-105.849643
12070.312500,-108.535171
12082.031250,-114.392736
12093.750000,-111.570726
12105.468750,-105.924021
12117.187500,-100.952676
12128.906250,-99.606026
12140.625000,-93.812121
12152.343750,-91.970207
12164.062500,-99.647783
12175.781250,-94.173135
12187.500000,-89.911452
12199.218750,-88.360551
12210.937500,-94.298417
12222.656250,-104.654788
12234.375000,-111.353830
12246.093750,-107.478148
12257.812500,-90.319835
12269.531250,-91.707355
12281.250000,-95.720438
12292.968750,-93.824507
12304.687500,-89.914577
12316.406250,-90.338165
12328.125000,-96.393434
12339.843750,-102.777204
12351.562500,-107.385614
12363.281250,-103.212741
12375.000000,-102.058528
12386.718750,-94.179532
12398.437500,-91.077075
12410.156250,-96.931289
12421.875000,-96.931911
12433.593750,-100.176962
12445.312500,-104.324912
12457.031250,-94.876287
12468.750000,-98.662531
12480.468750,-92.491545
12492.187500,-98.954202
12503.906250,-94.599334
12515.625000,-91.888988
12527.343750,-98.668331
12539.062500,-92.937423
12550.781250,-93.638241
12562.500000,-89.472165
12574.218750,-92.817559
12585.937500,-106.065183
12597.656250,-92.129988
12609.375000,-86.240301
12621.093750,-91.290889
12632.812500,-97.486910
12644.531250,-90.214785
12656.250000,-86.441026
12667.968750,-85.812749
12679.687500,-85.271556
12691.406250,-89.652089
12703.125000,-84.793236
12714.843750,-81.080485
12726.562500,-82.935009
12738.281250,-84.062874
12750.000000,-81.006757
12761.718750,-78.858279
12773.437500,-82.784727
12785.156250,-98.128677
12796.875000,-84.892845
12808.593750,-83.512518
12820.312500,-80.269677
12832.031250,-85.915411
12843.750000,-80.235207
12855.468750,-79.844947
12867.187500,-89.536235
12878.906250,-78.489978
12890.625000,-78.833755
12902.343750,-80.777318
12914.062500,-78.588457
12925.781250,-81.632167
12937.500000,-82.491393
12949.218750,-83.445027
12960.937500,-81.360041
12972.656250,-82.500840
12984.375000,-90.890823
12996.093750,-84.043319
13007.812500,-78.632891
13019.531250,-95.409241
13031.250000,-79.001558
13042.968750,-79.019662
13054.687500,-80.911919
13066.406250,-80.424347
13078.125000,-84.517293
13089.843750,-77.346500
13101.562500,-76.252266
13113.281250,-80.971074
13125.000000,-78.410245
13136.718750,-75.278971
13148.437500,-79.924078
13160.156250,-76.538500
13171.875000,-72.903944
13183.593750,-74.299505
13195.312500,-76.380376
13207.031250,-82.355109
13218.750000,-72.025893
13230.468750,-70.389640
13242.187500,-70.792690
13253.906250,-74.300051
13265.625000,-79.329501
13277.343750,-77.484560
13289.062500,-83.574846
13300.781250,-95.429377
13312.500000,-79.012434
13324.218750,-77.960376
13335.937500,-78.540676
13347.656250,-78.308844
13359.375000,-80.613716
13371.093750,-76.502838
13382.812500,-76.091457
13394.531250,-72.418761
13406.250000,-73.191326
13417.968750,-73.318579
13429.687500,-86.177635
13441.406250,-71.871881
13453.125000,-69.632324
13464.843750,-76.426534
13476.562500,-81.328013
13488.281250,-76.666143
13500.000000,-73.295537
13511.718750,-81.166686
13523.437500,-81.461324
13535.156250,-81.216040
13546.875000,-79.638804
13558.593750,-74.068941
13570.312500,-75.323889
13582.031250,-76.129849
13593.750000,-83.173653
13605.468750,-76.053089
13617.187500,-72.694678
13628.906250,-82.771768
13640.625000,-73.912460
13652.343750,-76.666932
13664.062500,-76.183206
13675.781250,-66.901661
13687.500000,-68.451885
13699.218750,-81.657706
13710.937500,-76.148837
13722.656250,-73.724975
13734.375000,-72.051755
13746.093750,-78.787384
13757.812500,-69.754542
13769.531250,-69.787712
13781.250000,-69.199349
13792.968750,-66.190814
13804.687500,-72.966973
13816.406250,-82.004281
13828.125000,-70.633593
13839.843750,-68.166780
13851.562500,-71.343440
13863.281250,-67.386278
13875.000000,-77.968885
13886.718750,-68.828416
13898.437500,-65.110005
13910.156250,-63.203852
13921.875000,-67.486010
13933.593750,-64.127590
13945.312500,-63.693765
13957.031250,-67.737589
13968.750000,-80.052592
13980.468750,-78.444925
13992.187500,-79.682307
14003.906250,-77.710034
14015.625000,-77.092657
14027.343750,-78.703263
14039.062500,-74.437058
14050.781250,-69.782302
14062.500000,-68.876454
14074.218750,-86.506131
14085.937500,-70.732494
14097.656250,-81.852252
14109.375000,-62.555551
14121.093750,-60.953998
14132.812500,-65.522605
14144.531250,-70.499383
14156.250000,-83.610317
14167.968750,-62.643584
14179.687500,-57.923323
14191.406250,-57.374395
14203.125000,-62.140541
14214.843750,-65.296520
14226.562500,-65.597888
14238.281250,-75.903370
14250.000000,-65.588797
14261.718750,-62.320007
14273.437500,-68.475278
14285.156250,-62.513699
14296.875000,-69.602525
14308.593750,-67.410364
14320.312500,-63.208208
14332.031250,-70.437844
14343.750000,-74.292710
14355.468750,-63.718179
14367.187500,-64.740225
14378.906250,-71.587419
14390.625000,-61.496472
14402.343750,-61.294027
14414.062500,-71.063821
14425.781250,-62.292099
14437.500000,-61.968790
14449.218750,-70.899199
14460.937500,-72.790387
14472.656250,-62.398120
14484.375000,-58.585234
14496.093750,-58.420070
14507.812500,-75.223432
14519.531250,-64.447296
14531.250000,-69.105199
14542.968750,-64.844265
14554.687500,-62.568822
14566.406250,-71.646536
14578.125000,-68.621658
14589.843750,-72.876234
14601.562500,-61.247777
14613.281250,-67.402460
14625.000000,-60.547094
14636.718750,-61.143951
14648.437500,-65.984310
14660.156250,-66.034624
14671.875000,-74.276580
14683.593750,-73.373628
14695.312500,-75.456501
14707.031250,-65.374751
14718.750000,-67.807216
14730.468750,-67.005323
14742.187500,-62.935975
14753.906250,-60.869220
14765.625000,-59.225505
14777.343750,-68.544329
14789.062500,-60.945656
14800.781250,-66.880553
14812.500000,-60.597320
14824.218750,-57.000152
14835.937500,-56.971462
14847.656250,-58.479807
14859.375000,-63.614298
14871.093750,-64.347133
14882.812500,-58.160452
14894.531250,-58.059899
14906.250000,-60.958795
14917.968750,-57.235025
14929.687500,-59.601090
14941.406250,-73.194050
14953.125000,-69.221149
14964.843750,-78.116590
14976.562500,-73.967787
14988.281250,-74.536995
15000.000000,-73.160237
15011.718750,-80.567252
15023.437500,-63.000111
15035.156250,-59.977381
15046.875000,-62.383460
15058.593750,-60.705857
15070.312500,-59.616092
15082.031250,-62.712566
15093.750000,-60.192537
15105.468750,-63.001673
15117.187500,-66.804184
15128.906250,-69.951155
15140.625000,-70.489138
15152.343750,-67.399632
15164.062500,-62.594130
15175.781250,-62.785253
15187.500000,-66.460022
15199.218750,-82.378945
15210.937500,-68.010155
15222.656250,-64.448530
15234.375000,-61.688030
15246.093750,-60.552541
15257.812500,-68.805197
15269.531250,-66.629611
15281.250000,-65.616069
15292.968750,-72.758606
15304.687500,-72.148123
15316.406250,-71.740695
15328.125000,-69.012514
15339.843750,-69.129837
15351.562500,-69.941188
15363.281250,-70.461628
15375.000000,-68.207971
15386.718750,-67.999111
15398.437500,-64.310020
15410.156250,-64.552964
15421.875000,-68.293356
15433.593750,-71.364911
15445.312500,-66.178489
15457.031250,-71.112502
15468.750000,-63.221711
15480.468750,-65.227798
15492.187500,-77.298153
15503.906250,-71.400639
15515.625000,-66.511053
15527.343750,-65.523196
15539.062500,-69.251131
15550.781250,-69.573397
15562.500000,-72.342256
15574.218750,-68.340827
15585.937500,-71.395767
15597.656250,-73.165935
15609.375000,-71.297448
15621.093750,-66.674491
15632.812500,-67.398735
15644.531250,-70.512179
15656.250000,-73.395403
15667.968750,-71.433581
15679.687500,-68.744705
15691.406250,-65.736114
15703.125000,-66.487449
15714.843750,-76.058843
15726.562500,-78.849570
15738.281250,-71.607709
15750.000000,-73.436579
15761.718750,-75.296626
15773.437500,-73.091007
15785.156250,-76.878969
15796.875000,-77.604748
15808.593750,-71.395011
15820.312500,-66.925321
15832.031250,-70.122369
15843.750000,-70.844097
15855.468750,-71.489865
15867.187500,-76.246388
15878.906250,-70.194922
15890.625000,-66.881205
15902.343750,-67.550141
15914.062500,-75.139813
15925.781250,-70.600892
15937.500000,-77.509028
15949.218750,-67.460033
15960.937500,-75.321231
15972.656250,-74.957536
15984.375000,-79.772765
15996.093750,-80.287269
16007.812500,-75.017243
16019.531250,-74.404229
16031.250000,-67.583643
16042.968750,-69.360260
16054.687500,-69.311985
16066.406250,-66.530652
16078.125000,-67.589521
16089.843750,-71.272686
16101.562500,-69.242245
16113.281250,-72.553336
16125.000000,-85.287054
16136.718750,-76.641809
16148.437500,-82.611241
16160.156250,-74.959133
16171.875000,-70.387466
16183.593750,-69.923294
16195.312500,-72.096878
16207.031250,-76.589261
16218.750000,-78.848929
16230.468750,-71.341312
16242.187500,-66.703996
16253.906250,-70.923904
16265.625000,-75.656186
16277.343750,-69.734742
16289.062500,-79.166063
16300.781250,-75.535599
16312.500000,-74.202672
16324.218750,-74.635424
16335.937500,-72.898065
16347.656250,-80.950838
16359.375000,-83.349523
16371.093750,-77.431782
16382.812500,-75.927785
16394.531250,-75.060536
16406.250000,-70.803003
16417.968750,-69.047707
16429.687500,-75.499052
16441.406250,-72.173029
16453.125000,-73.206445
16464.843750,-73.829239
16476.562500,-70.016600
16488.281250,-80.822472
16500.000000,-73.978147
16511.718750,-72.655038
16523.437500,-68.449035
16535.156250,-71.479749
16546.875000,-82.031376
16558.593750,-80.446130
16570.312500,-73.060993
16582.031250,-69.917820
16593.750000,-80.921086
16605.468750,-81.987449
16617.187500,-78.417898
16628.906250,-77.342099
16640.625000,-70.627732
16652.343750,-75.857338
16664.062500,-87.311768
16675.781250,-75.811687
16687.500000,-73.384159
16699.218750,-77.005316
16710.937500,-73.445612
16722.656250,-83.267728
16734.375000,-89.858634
16746.093750,-78.735902
16757.812500,-72.623416
16769.531250,-71.714894
16781.250000,-73.477266
16792.968750,-78.311912
16804.687500,-86.176983
16816.406250,-80.643042
16828.125000,-72.820749
16839.843750,-72.643350
16851.562500,-76.605721
16863.281250,-76.501246
16875.000000,-87.384400
16886.718750,-78.692194
16898.437500,-82.561516
16910.156250,-71.098899
16921.875000,-69.147050
16933.593750,-68.965358
16945.312500,-70.147701
16957.031250,-82.659191
16968.750000,-77.320739
16980.468750,-76.126953
16992.187500,-84.197003
17003.906250,-93.493789
17015.625000,-85.584454
17027.343750,-75.951952
17039.062500,-81.396273
17050.781250,-87.153370
17062.500000,-79.423675
17074.218750,-97.394863
17085.937500,-76.898259
17097.656250,-73.320861
17109.375000,-82.845723
17121.093750,-78.438987
17132.812500,-81.066109
17144.531250,-77.222149
17156.250000,-77.922984
17167.968750,-73.124188
17179.687500,-74.009792
17191.406250,-73.206560
17203.125000,-75.287881
17214.843750,-74.984166
17226.562500,-74.809939
17238.281250,-73.792594
17250.000000,-79.181534
17261.718750,-82.101611
17273.437500,-77.484961
17285.156250,-77.154133
17296.875000,-82.286990
17308.593750,-83.165237
17320.312500,-77.898028
17332.031250,-83.873154
17343.750000,-78.503957
17355.468750,-81.518370
17367.187500,-79.979545
17378.906250,-82.153597
17390.625000,-76.835978
17402.343750,-83.920540
17414.062500,-78.689719
17425.781250,-76.854364
17437.500000,-88.048329
17449.218750,-79.249828
17460.937500,-89.307820
17472.656250,-80.726255
17484.375000,-87.512866
17496.093750,-81.652458
17507.812500,-90.341693
17519.531250,-78.070651
17531.250000,-81.252966
17542.968750,-90.111376
17554.687500,-83.334260
17566.406250,-83.245307
17578.125000,-77.537549
17589.843750,-77.025000
17601.562500,-77.727730
17613.281250,-76.026069
17625.000000,-76.207033
17636.718750,-79.229810
17648.437500,-83.429088
17660.156250,-85.542459
17671.875000,-83.352629
17683.593750,-76.609983
17695.312500,-77.136483
17707.031250,-76.389999
17718.750000,-80.089739
17730.468750,-79.634832
17742.187500,-79.281206
17753.906250,-78.809802
17765.625000,-76.817857
17777.343750,-79.456061
17789.062500,-88.262127
17800.781250,-83.752077
17812.500000,-96.212242
17824.218750,-86.958265
17835.937500,-78.451642
17847.656250,-85.300353
17859.375000,-82.597391
17871.093750,-88.950705
17882.812500,-85.322475
17894.531250,-79.804893
17906.250000,-86.776108
17917.968750,-81.137969
17929.687500,-84.455892
17941.406250,-86.046519
17953.125000,-93.227983
17964.843750,-86.711636
17976.562500,-83.015970
17988.281250,-91.686001
18000.000000,-96.093965
18011.718750,-93.251164
18023.437500,-86.058347
18035.156250,-84.009504
18046.875000,-92.862695
18058.593750,-89.992492
18070.312500,-86.566118
18082.031250,-84.734220
18093.750000,-83.661397
18105.468750,-86.533612
18117.187500,-86.083365
18128.906250,-89.662386
18140.625000,-90.332601
18152.343750,-90.258796
18164.062500,-81.759218
18175.781250,-81.035999
18187.500000,-81.226464
18199.218750,-83.266989
18210.937500,-93.617161
18222.656250,-86.441137
18234.375000,-82.080008
18246.093750,-83.755327
18257.812500,-95.159049
18269.531250,-87.582727
18281.250000,-87.587352
18292.968750,-92.538467
18304.687500,-93.683191
18316.406250,-84.927554
18328.125000,-86.460898
18339.843750,-96.151170
18351.562500,-87.109516
18363.281250,-92.652977
18375.000000,-94.128100
18386.718750,-88.230049
18398.437500,-87.452940
18410.156250,-86.240337
18421.875000,-89.109545
18433.593750,-88.290593
18445.312500,-94.068963
18457.031250,-88.944381
18468.750000,-93.608088
18480.468750,-96.708108
18492.187500,-89.815336
18503.906250,-88.749655
18515.625000,-101.690523
18527.343750,-93.993971
18539.062500,-96.833664
18550.781250,-97.807813
18562.500000,-108.956235
18574.218750,-105.834138
18585.937500,-94.304009
18597.656250,-91.195548
18609.375000,-90.437043
18621.093750,-97.540436
18632.812500,-89.224138
18644.531250,-90.421556
18656.250000,-107.083775
18667.968750,-103.171082
18679.687500,-100.819097
18691.406250,-100.356198
18703.125000,-95.274363
18714.843750,-101.303682
18726.562500,-94.694546
18738.281250,-94.829454
18750.000000,-97.227101
18761.718750,-109.934378
18773.437500,-103.754451
18785.156250,-106.233804
18796.875000,-100.784480
18808.593750,-97.037302
18820.312500,-94.474601
18832.031250,-98.359713
18843.750000,-98.539575
18855.468750,-109.979402
18867.187500,-103.036445
18878.906250,-101.698082
18890.625000,-99.361118
18902.343750,-107.163524
18914.062500,-103.506262
18925.781250,-98.408799
18937.500000,-100.581479
18949.218750,-97.216558
18960.937500,-98.196770
18972.656250,-98.162173
18984.375000,-101.504211
18996.093750,-109.145272
19007.812500,-107.165619
19019.531250,-101.480875
19031.250000,-99.946694
19042.968750,-102.101204
19054.687500,-104.481646
19066.406250,-105.616381
19078.125000,-109.975969
19089.843750,-119.562800
19101.562500,-110.236536
19113.281250,-106.319840
19125.000000,-108.229309
19136.718750,-116.165290
19148.437500,-113.078080
19160.156250,-115.803620
19171.875000,-118.156048
19183.593750,-125.592201
19195.312500,-134.911777
19207.031250,-135.609539
19218.750000,-130.669682
19230.468750,-119.122731
19242.187500,-114.857646
19253.906250,-115.915583
19265.625000,-109.517844
19277.343750,-111.926940
19289.062500,-120.753908
19300.781250,-109.623549
19312.500000,-108.004719
19324.218750,-112.842098
19335.937500,-116.025920
19347.656250,-112.194741
19359.375000,-110.135025
19371.093750,-104.804389
19382.812500,-104.037577
19394.531250,-104.009045
19406.250000,-105.666198
19417.968750,-110.008193
19429.687500,-105.087543
19441.406250,-97.329968
19453.125000,-98.087301
19464.843750,-102.446471
19476.562500,-104.144780
19488.281250,-121.221767
19500.000000,-109.557743
19511.718750,-109.814201
19523.437500,-107.824477
19535.156250,-102.652445
19546.875000,-100.648620
19558.593750,-117.816976
19570.312500,-102.798187
19582.031250,-104.200019
19593.750000,-106.490953
19605.468750,-105.054637
19617.187500,-100.646913
19628.906250,-108.568885
19640.625000,-99.257962
19652.343750,-101.327091
19664.062500,-100.287210
19675.781250,-96.959739
19687.500000,-95.174346
19699.218750,-101.770650
19710.937500,-98.061710
19722.656250,-93.351909
19734.375000,-94.627473
19746.093750,-95.744661
19757.812500,-93.769158
19769.531250,-92.203506
19781.250000,-96.056358
19792.968750,-104.630325
19804.687500,-117.544522
19816.406250,-113.015943
19828.125000,-100.057591
19839.843750,-100.946813
19851.562500,-97.976761
19863.281250,-99.725927
19875.000000,-106.248800
19886.718750,-106.040117
19898.437500,-97.530729
19910.156250,-97.668174
19921.875000,-106.003953
19933.593750,-115.802942
19945.312500,-95.168110
19957.031250,-91.771872
19968.750000,-93.660270
19980.468750,-96.748356
19992.187500,-101.131490
20003.906250,-99.534232
20015.625000,-98.359562
20027.343750,-97.548741
20039.062500,-99.176058
20050.781250,-97.229040
20062.500000,-101.885775
20074.218750,-100.038104
20085.937500,-100.511496
20097.656250,-93.316327
20109.375000,-91.822517
20121.093750,-90.318541
20132.812500,-91.639936
20144.531250,-102.113566
20156.250000,-117.816094
20167.968750,-97.805590
20179.687500,-92.524328
20191.406250,-89.372838
20203.125000,-92.063839
20214.843750,-91.235744
20226.562500,-91.307058
20238.281250,-86.474546
20250.000000,-89.896673
20261.718750,-109.062054
20273.437500,-96.310486
20285.156250,-96.822833
20296.875000,-105.946202
20308.593750,-102.358841
20320.312500,-101.173108
20332.031250,-105.361096
20343.750000,-92.629336
20355.468750,-93.944440
20367.187500,-102.027737
20378.906250,-97.963692
20390.625000,-92.904185
20402.343750,-89.778516
20414.062500,-91.490270
20425.781250,-93.376266
20437.500000,-89.642602
20449.218750,-86.888820
20460.937500,-90.557385
20472.656250,-87.682644
20484.375000,-99.872983
20496.093750,-90.632581
20507.812500,-90.731694
20519.531250,-101.455369
20531.250000,-93.981347
20542.968750,-97.505974
20554.687500,-101.961215
20566.406250,-94.962747
20578.125000,-96.483213
20589.843750,-88.683858
20601.562500,-86.536643
20613.281250,-84.424709
20625.000000,-89.722486
20636.718750,-92.358617
20648.437500,-92.870473
20660.156250,-89.111981
20671.875000,-86.140079
20683.593750,-82.278414
20695.312500,-84.989983
20707.031250,-88.093874
20718.750000,-89.692571
20730.468750,-89.708376
20742.187500,-88.382922
20753.906250,-95.721161
20765.625000,-99.864394
20777.343750,-91.402869
20789.062500,-88.929726
20800.781250,-90.086616
20812.500000,-94.875533
20824.218750,-85.708792
20835.937500,-85.621045
20847.656250,-87.973490
20859.375000,-85.386803
20871.093750,-94.249926
20882.812500,-99.065724
20894.531250,-87.251579
20906.250000,-83.901297
20917.968750,-85.430180
20929.687500,-92.612263
20941.406250,-88.049056
20953.125000,-91.206772
20964.843750,-100.520462
20976.562500,-94.252880
20988.281250,-97.969389
21000.000000,-102.492811
21011.718750,-91.606902
21023.437500,-87.072465
21035.156250,-84.890013
21046.875000,-85.721344
21058.593750,-89.858372
21070.312500,-85.303427
21082.031250,-84.149399
21093.750000,-85.451562
21105.468750,-101.243046
21117.187500,-95.624371
21128.906250,-84.759983
21140.625000,-85.835404
21152.343750,-89.782993
21164.062500,-87.207320
21175.781250,-85.612543
21187.500000,-79.763741
21199.218750,-80.432127
21210.937500,-81.010288
21222.656250,-78.456851
21234.375000,-81.236564
21246.093750,-86.077994
21257.812500,-85.080367
21269.531250,-90.755634
21281.250000,-84.132303
21292.968750,-83.918945
21304.687500,-87.657265
21316.406250,-83.252356
21328.125000,-82.971138
21339.843750,-97.189555
21351.562500,-81.704152
21363.281250,-89.751679
21375.000000,-86.130022
21386.718750,-80.556816
21398.437500,-85.409693
21410.156250,-86.682694
21421.875000,-85.917653
21433.593750,-82.097065
21445.312500,-86.514152
21457.031250,-87.910488
21468.750000,-82.535817
21480.468750,-86.824665
21492.187500,-79.658643
21503.906250,-80.307800
21515.625000,-90.890518
21527.343750,-81.151401
21539.062500,-87.423629
21550.781250,-82.123924
21562.500000,-95.857130
21574.218750,-85.766576
21585.937500,-81.032638
21597.656250,-78.906930
21609.375000,-76.124199
21621.093750,-84.403499
21632.812500,-78.116193
21644.531250,-74.379388
21656.250000,-81.055639
21667.968750,-91.878480
21679.687500,-84.663681
21691.406250,-80.487952
21703.125000,-77.748144
21714.843750,-81.803379
21726.562500,-85.081729
21738.281250,-82.140614
21750.000000,-81.829524
21761.718750,-78.598524
21773.437500,-81.395165
21785.156250,-94.605998
21796.875000,-94.449522
21808.593750,-77.460486
21820.312500,-73.734473
21832.031250,-75.447572
21843.750000,-75.686250
21855.468750,-80.769132
21867.187500,-88.659440
21878.906250,-79.194011
21890.625000,-76.529132
21902.343750,-82.179009
21914.062500,-79.909199
21925.781250,-77.436045
21937.500000,-81.095684
21949.218750,-77.246849
21960.937500,-82.043276
21972.656250,-104.592855
21984.375000,-88.945061
21996.093750,-99.216459
22007.812500,-92.117456
22019.531250,-79.335966
22031.250000,-77.592031
22042.968750,-75.853540
22054.687500,-73.560742
22066.406250,-74.864002
22078.125000,-78.249979
22089.843750,-76.077463
22101.562500,-75.177590
22113.281250,-74.445698
22125.000000,-75.772120
22136.718750,-82.257812
22148.437500,-90.419017
22160.156250,-83.062259
22171.875000,-83.704463
22183.593750,-81.719593
22195.312500,-81.470959
22207.031250,-81.151469
22218.750000,-81.093650
22230.468750,-79.337432
22242.187500,-75.316940
22253.906250,-78.850466
22265.625000,-87.729876
22277.343750,-79.916309
22289.062500,-82.903670
22300.781250,-84.942996
22312.500000,-94.861001
22324.218750,-85.892390
22335.937500,-83.969176
22347.656250,-82.190812
22359.375000,-91.062242
22371.093750,-80.729246
22382.812500,-81.299325
22394.531250,-82.117483
22406.250000,-85.932328
22417.968750,-83.853667
22429.687500,-87.202928
22441.406250,-81.919064
22453.125000,-83.768828
22464.843750,-76.770427
22476.562500,-75.908917
22488.281250,-89.522387
22500.000000,-85.601013
22511.718750,-85.246234
22523.437500,-82.349416
22535.156250,-82.468708
22546.875000,-81.847378
22558.593750,-89.238258
22570.312500,-88.535521
22582.031250,-85.531649
22593.750000,-89.999875
22605.468750,-84.884537
22617.187500,-84.578318
22628.906250,-86.016089
22640.625000,-89.168406
22652.343750,-98.549235
22664.062500,-93.153342
22675.781250,-93.260752
22687.500000,-85.140345
22699.218750,-83.855691
22710.937500,-93.594010
22722.656250,-95.037455
22734.375000,-95.813392
22746.093750,-92.345341
22757.812500,-101.329258
22769.531250,-90.402243
22781.250000,-89.029056
22792.968750,-89.544921
22804.687500,-90.280334
22816.406250,-85.120071
22828.125000,-83.752802
22839.843750,-92.832084
22851.562500,-102.106731
22863.281250,-96.378053
22875.000000,-88.873349
22886.718750,-85.471885
22898.437500,-85.129841
22910.156250,-90.208853
22921.875000,-90.239790
22933.593750,-100.120033
22945.312500,-84.099627
22957.031250,-87.702977
22968.750000,-93.726813
22980.468750,-96.225262
22992.187500,-100.897652
23003.906250,-100.466314
23015.625000,-95.932356
23027.343750,-90.749957
23039.062500,-90.690569
23050.781250,-93.625009
23062.500000,-89.436778
23074.218750,-87.251699
23085.937500,-93.668738
23097.656250,-92.754664
23109.375000,-98.600919
23121.093750,-103.133078
23132.812500,-93.416734
23144.531250,-92.816263
23156.250000,-102.837762
23167.968750,-94.963121
23179.687500,-87.271722
23191.406250,-86.356758
23203.125000,-90.937856
23214.843750,-96.296557
23226.562500,-95.358350
23238.281250,-89.694862
23250.000000,-89.684303
23261.718750,-99.352475
23273.437500,-92.647878
23285.156250,-92.461637
23296.875000,-96.182999
23308.593750,-94.274374
23320.312500,-100.215386
23332.031250,-93.500161
23343.750000,-95.576334
23355.468750,-107.765094
23367.187500,-100.075285
23378.906250,-96.709244
23390.625000,-99.040308
23402.343750,-95.020243
23414.062500,-88.513644
23425.781250,-90.277563
23437.500000,-96.309952
23449.218750,-103.762351
23460.937500,-96.003768
23472.656250,-89.176129
23484.375000,-94.816677
23496.093750,-96.965410
23507.812500,-101.792885
23519.531250,-92.834176
23531.250000,-95.606240
23542.968750,-96.785390
23554.687500,-100.256961
23566.406250,-100.927404
23578.125000,-92.172465
23589.843750,-99.142825
23601.562500,-110.590472
23613.281250,-105.444486
23625.000000,-104.035371
23636.718750,-105.116889
23648.437500,-104.420167
23660.156250,-118.296899
23671.875000,-105.325651
23683.593750,-99.495374
23695.312500,-97.231572
23707.031250,-98.967154
23718.750000,-110.220871
23730.468750,-109.715852
23742.187500,-113.214089
23753.906250,-105.473952
23765.625000,-100.251834
23777.343750,-102.812706
23789.062500,-107.075489
23800.781250,-103.966409
23812.500000,-109.422506
23824.218750,-101.940687
23835.937500,-103.291550
23847.656250,-111.967482
23859.375000,-110.810733
23871.093750,-122.952075
23882.812500,-113.126423
23894.531250,-121.068930
23906.250000,-115.817430
23917.968750,-114.615853
23929.687500,-115.226527
23941.406250,-113.343185
23953.125000,-116.939350
23964.843750,-125.419813
23976.562500,-122.244941
23988.281250,-133.905060
