-8000.000000,-200.814718
-7996.093750,-155.868375
-7992.187500,-150.770131
-7988.281250,-135.891615
-7984.375000,-134.415287
-7980.468750,-156.863362
-7976.562500,-135.155052
-7972.656250,-137.039061
-7968.750000,-140.465758
-7964.843750,-131.749365
-7960.937500,-129.641541
-7957.031250,-133.600900
-7953.125000,-132.123972
-7949.218750,-139.924014
-7945.312500,-140.599703
-7941.406250,-133.819507
-7937.500000,-125.201809
-7933.593750,-125.165317
-7929.687500,-131.101571
-7925.781250,-123.720569
-7921.875000,-135.013032
-7917.968750,-128.780502
-7914.062500,-126.997445
-7910.156250,-125.176535
-7906.250000,-126.542657
-7902.343750,-128.288028
-7898.437500,-122.770165
-7894.531250,-128.662057
-7890.625000,-121.265863
-7886.718750,-123.850825
-7882.812500,-135.833314
-7878.906250,-121.217828
-7875.000000,-117.303629
-7871.093750,-121.834422
-7867.187500,-127.081669
-7863.281250,-120.112457
-7859.375000,-124.020314
-7855.468750,-120.629992
-7851.562500,-116.964058
-7847.656250,-116.017394
-7843.750000,-121.897637
-7839.843750,-122.497820
-7835.937500,-117.952919
-7832.031250,-128.276627
-7828.125000,-120.753335
-7824.218750,-128.175574
-7820.312500,-116.971071
-7816.406250,-110.972579
-7812.500000,-110.276870
-7808.593750,-113.529776
-7804.687500,-122.681842
-7800.781250,-117.276498
-7796.875000,-115.472318
-7792.968750,-112.900466
-7789.062500,-113.400661
-7785.156250,-106.946141
-7781.250000,-107.668134
-7777.343750,-138.048905
-7773.437500,-110.232434
-7769.531250,-110.791919
-7765.625000,-113.087063
-7761.718750,-113.933839
-7757.812500,-108.590487
-7753.906250,-107.784180
-7750.000000,-111.250048
-7746.093750,-123.346723
-7742.187500,-111.993271
-7738.281250,-105.507239
-7734.375000,-106.181708
-7730.468750,-112.109314
-7726.562500,-110.299082
-7722.656250,-104.904051
-7718.750000,-104.459178
-7714.843750,-109.229075
-7710.937500,-113.148928
-7707.031250,-109.253348
-7703.125000,-111.313739
-7699.218750,-116.952395
-7695.312500,-108.204460
-7691.406250,-105.725718
-7687.500000,-121.642294
-7683.593750,-106.261839
-7679.687500,-106.635279
-7675.781250,-108.048594
-7671.875000,-114.717550
-7667.968750,-106.751690
-7664.062500,-106.498580
-7660.156250,-110.604801
-7656.250000,-112.369957
-7652.343750,-112.485806
-7648.437500,-117.690481
-7644.531250,-114.944780
-7640.625000,-116.527794
-7636.718750,-127.265083
-7632.812500,-116.990624
-7628.906250,-114.793082
-7625.000000,-112.562789
-7621.093750,-110.573379
-7617.187500,-112.664278
-7613.281250,-106.138507
-7609.375000,-114.148754
-7605.468750,-108.177332
-7601.562500,-108.139369
-7597.656250,-119.319877
-7593.750000,-122.412234
-7589.843750,-116.069004
-7585.937500,-118.608315
-7582.031250,-120.811541
-7578.125000,-113.392076
-7574.218750,-110.368951
-7570.312500,-113.162309
-7566.406250,-116.922665
-7562.500000,-117.800377
-7558.593750,-119.557944
-7554.687500,-114.882176
-7550.781250,-115.041969
-7546.875000,-116.420182
-7542.968750,-121.384528
-7539.062500,-123.959321
-7535.156250,-118.376151
-7531.250000,-122.496255
-7527.343750,-115.544674
-7523.437500,-112.593598
-7519.531250,-111.284003
-7515.625000,-113.870268
-7511.718750,-119.831784
-7507.812500,-117.689646
-7503.906250,-109.618714
-7500.000000,-110.640617
-7496.093750,-112.560842
-7492.187500,-117.516483
-7488.281250,-120.767396
-7484.375000,-116.892983
-7480.468750,-112.313606
-7476.562500,-112.787304
-7472.656250,-113.446110
-7468.750000,-116.071334
-7464.843750,-120.890314
-7460.937500,-117.276408
-7457.031250,-119.306448
-7453.125000,-120.694087
-7449.218750,-130.728293
-7445.312500,-121.417465
-7441.406250,-126.358332
-7437.500000,-117.282334
-7433.593750,-115.099779
-7429.687500,-119.586240
-7425.781250,-126.992276
-7421.875000,-121.507938
-7417.968750,-122.522912
-7414.062500,-120.016477
-7410.156250,-120.665352
-7406.250000,-119.283454
-7402.343750,-121.843576
-7398.437500,-124.171798
-7394.531250,-121.892032
-7390.625000,-115.621920
-7386.718750,-121.577539
-7382.812500,-131.738304
-7378.906250,-123.962225
-7375.000000,-119.066304
-7371.093750,-118.251607
-7367.187500,-124.481100
-7363.281250,-119.939112
-7359.375000,-114.345429
-7355.468750,-115.282579
-7351.562500,-114.107013
-7347.656250,-114.677813
-7343.750000,-119.778332
-7339.843750,-122.625288
-7335.937500,-121.132141
-7332.031250,-123.711184
-7328.125000,-117.841182
-7324.218750,-127.940420
-7320.312500,-116.233773
-7316.406250,-116.287798
-7312.500000,-110.615719
-7308.593750,-113.413671
-7304.687500,-118.832107
-7300.781250,-127.186291
-7296.875000,-117.375698
-7292.968750,-114.296864
-7289.062500,-109.072753
-7285.156250,-107.485913
-7281.250000,-110.265890
-7277.343750,-115.742617
-7273.437500,-109.173682
-7269.531250,-113.363852
-7265.625000,-116.007412
-7261.718750,-134.381941
-7257.812500,-114.799626
-7253.906250,-113.069148
-7250.000000,-115.190026
-7246.093750,-123.192904
-7242.187500,-110.400911
-7238.281250,-106.517161
-7234.375000,-110.577030
-7230.468750,-120.125337
-7226.562500,-118.965551
-7222.656250,-107.259218
-7218.750000,-104.932463
-7214.843750,-110.367920
-7210.937500,-119.779163
-7207.031250,-109.991855
-7203.125000,-113.353978
-7199.218750,-124.225358
-7195.312500,-113.650497
-7191.406250,-109.970797
-7187.500000,-118.769135
-7183.593750,-110.323458
-7179.687500,-109.111332
-7175.781250,-117.411686
-7171.875000,-119.774502
-7167.968750,-108.419283
-7164.062500,-110.183796
-7160.156250,-114.304129
-7156.250000,-119.687760
-7152.343750,-129.190013
-7148.437500,-134.729274
-7144.531250,-129.046019
-7140.625000,-116.331191
-7136.718750,-113.311390
-7132.812500,-112.073080
-7128.906250,-119.179584
-7125.000000,-122.658800
-7121.093750,-113.068755
-7117.187500,-113.341489
-7113.281250,-116.918062
-7109.375000,-120.846744
-7105.468750,-107.907591
-7101.562500,-108.605092
-7097.656250,-121.368419
-7093.750000,-118.879125
-7089.843750,-125.282521
-7085.937500,-123.474482
-7082.031250,-128.887030
-7078.125000,-120.466739
-7074.218750,-117.597747
-7070.312500,-114.322615
-7066.406250,-116.542730
-7062.500000,-121.438498
-7058.593750,-118.132039
-7054.687500,-120.067806
-7050.781250,-118.028898
-7046.875000,-117.048786
-7042.968750,-117.011120
-7039.062500,-118.297258
-7035.156250,-113.106819
-7031.250000,-112.996204
-7027.343750,-124.988296
-7023.437500,-122.904820
-7019.531250,-126.968160
-7015.625000,-118.477740
-7011.718750,-125.399391
-7007.812500,-124.280181
-7003.906250,-115.309000
-7000.000000,-112.641589
-6996.093750,-112.868904
-6992.187500,-117.835839
-6988.281250,-119.287315
-6984.375000,-116.081003
-6980.468750,-116.852046
-6976.562500,-114.070652
-6972.656250,-119.462434
-6968.750000,-118.340813
-6964.843750,-112.113937
-6960.937500,-113.977838
-6957.031250,-124.519236
-6953.125000,-120.003526
-6949.218750,-118.624023
-6945.312500,-137.296175
-6941.406250,-116.655658
-6937.500000,-115.179317
-6933.593750,-119.858425
-6929.687500,-115.594927
-6925.781250,-118.041278
-6921.875000,-120.687316
-6917.968750,-116.342189
-6914.062500,-122.999623
-6910.156250,-115.997364
-6906.250000,-121.193426
-6902.343750,-140.212658
-6898.437500,-126.024169
-6894.531250,-117.181965
-6890.625000,-110.195038
-6886.718750,-116.477045
-6882.812500,-130.673640
-6878.906250,-124.129064
-6875.000000,-117.225969
-6871.093750,-119.063806
-6867.187500,-123.393109
-6863.281250,-124.777940
-6859.375000,-115.547583
-6855.468750,-111.356511
-6851.562500,-117.647089
-6847.656250,-114.515584
-6843.750000,-116.441379
-6839.843750,-122.673369
-6835.937500,-114.322570
-6832.031250,-120.097239
-6828.125000,-113.537828
-6824.218750,-135.144681
-6820.312500,-113.114744
-6816.406250,-111.376179
-6812.500000,-108.985369
-6808.593750,-110.425300
-6804.687500,-116.602892
-6800.781250,-115.316114
-6796.875000,-111.750240
-6792.968750,-115.490296
-6789.062500,-116.343706
-6785.156250,-107.333937
-6781.250000,-109.478756
-6777.343750,-114.411354
-6773.437500,-108.101280
-6769.531250,-110.645324
-6765.625000,-111.859555
-6761.718750,-119.307588
-6757.812500,-113.347033
-6753.906250,-112.306730
-6750.000000,-114.661075
-6746.093750,-131.467818
-6742.187500,-114.589379
-6738.281250,-108.564225
-6734.375000,-110.239131
-6730.468750,-120.905776
-6726.562500,-115.559046
-6722.656250,-108.079004
-6718.750000,-107.466047
-6714.843750,-114.742725
-6710.937500,-123.723189
-6707.031250,-115.238802
-6703.125000,-118.381241
-6699.218750,-123.786285
-6695.312500,-113.456113
-6691.406250,-111.042393
-6687.500000,-118.738644
-6683.593750,-115.744779
-6679.687500,-114.070054
-6675.781250,-122.727786
-6671.875000,-130.210327
-6667.968750,-113.088871
-6664.062500,-111.239707
-6660.156250,-114.335590
-6656.250000,-115.576601
-6652.343750,-118.137641
-6648.437500,-122.888873
-6644.531250,-121.369695
-6640.625000,-125.442521
-6636.718750,-129.086205
-6632.812500,-119.793921
-6628.906250,-117.552153
-6625.000000,-125.503708
-6621.093750,-121.162119
-6617.187500,-116.154537
-6613.281250,-117.263974
-6609.375000,-128.477175
-6605.468750,-114.984850
-6601.562500,-116.112859
-6597.656250,-130.160587
-6593.750000,-130.013648
-6589.843750,-124.872112
-6585.937500,-122.816817
-6582.031250,-125.737502
-6578.125000,-127.351710
-6574.218750,-120.571343
-6570.312500,-117.302859
-6566.406250,-120.404035
-6562.500000,-136.056260
-6558.593750,-125.761364
-6554.687500,-125.058724
-6550.781250,-135.892327
-6546.875000,-129.189754
-6542.968750,-124.097379
-6539.062500,-126.367736
-6535.156250,-128.889923
-6531.250000,-126.783993
-6527.343750,-136.683159
-6523.437500,-132.245676
-6519.531250,-130.376327
-6515.625000,-140.877801
-6511.718750,-135.279302
-6507.812500,-135.199065
-6503.906250,-136.600494
-6500.000000,-130.031013
-6496.093750,-127.291123
-6492.187500,-128.882898
-6488.281250,-126.809841
-6484.375000,-129.843155
-6480.468750,-139.629108
-6476.562500,-140.843697
-6472.656250,-140.355846
-6468.750000,-140.908394
-6464.843750,-136.362850
-6460.937500,-140.092276
-6457.031250,-136.937248
-6453.125000,-134.678168
-6449.218750,-140.917284
-6445.312500,-137.705554
-6441.406250,-136.079453
-6437.500000,-140.761808
-6433.593750,-143.557725
-6429.687500,-143.943934
-6425.781250,-148.582188
-6421.875000,-145.182492
-6417.968750,-142.807058
-6414.062500,-144.824837
-6410.156250,-150.123787
-6406.250000,-157.547514
-6402.343750,-163.753954
-6398.437500,-173.016171
-6394.531250,-165.060768
-6390.625000,-159.208917
-6386.718750,-151.388100
-6382.812500,-145.492378
-6378.906250,-142.401807
-6375.000000,-140.943670
-6371.093750,-141.688592
-6367.187500,-143.515755
-6363.281250,-141.036554
-6359.375000,-143.173233
-6355.468750,-159.254944
-6351.562500,-140.025073
-6347.656250,-139.713290
-6343.750000,-146.061578
-6339.843750,-145.904484
-6335.937500,-141.644518
-6332.031250,-134.979023
-6328.125000,-137.183941
-6324.218750,-145.427546
-6320.312500,-140.903174
-6316.406250,-135.024088
-6312.500000,-132.167213
-6308.593750,-134.911891
-6304.687500,-139.557134
-6300.781250,-140.312626
-6296.875000,-139.715390
-6292.968750,-137.567367
-6289.062500,-128.132988
-6285.156250,-126.298107
-6281.250000,-128.764222
-6277.343750,-127.742260
-6273.437500,-126.228041
-6269.531250,-131.850176
-6265.625000,-140.452495
-6261.718750,-139.312735
-6257.812500,-134.622626
-6253.906250,-137.970458
-6250.000000,-139.184328
-6246.093750,-131.945298
-6242.187500,-125.863910
-6238.281250,-126.443799
-6234.375000,-131.792398
-6230.468750,-124.922867
-6226.562500,-124.368708
-6222.656250,-131.233842
-6218.750000,-131.621419
-6214.843750,-132.323609
-6210.937500,-133.873393
-6207.031250,-127.782920
-6203.125000,-131.220219
-6199.218750,-131.296138
-6195.312500,-126.936572
-6191.406250,-137.437350
-6187.500000,-131.763296
-6183.593750,-135.093204
-6179.687500,-128.747613
-6175.781250,-122.361698
-6171.875000,-122.715489
-6167.968750,-129.028749
-6164.062500,-126.822325
-6160.156250,-124.407124
-6156.250000,-134.376608
-6152.343750,-129.382430
-6148.437500,-131.993283
-6144.531250,-124.679952
-6140.625000,-122.464432
-6136.718750,-127.698348
-6132.812500,-129.694423
-6128.906250,-125.040460
-6125.000000,-123.723758
-6121.093750,-122.783566
-6117.187500,-124.019882
-6113.281250,-139.176854
-6109.375000,-133.251056
-6105.468750,-132.534180
-6101.562500,-125.181715
-6097.656250,-126.531433
-6093.750000,-141.902224
-6089.843750,-138.071958
-6085.937500,-123.513370
-6082.031250,-121.640252
-6078.125000,-124.689702
-6074.218750,-127.694780
-6070.312500,-122.897709
-6066.406250,-129.512633
-6062.500000,-131.113283
-6058.593750,-127.759660
-6054.687500,-124.799269
-6050.781250,-134.100254
-6046.875000,-131.595950
-6042.968750,-136.536119
-6039.062500,-123.520398
-6035.156250,-123.373971
-6031.250000,-130.472679
-6027.343750,-127.860100
-6023.437500,-125.108310
-6019.531250,-122.059143
-6015.625000,-121.410353
-6011.718750,-126.188530
-6007.812500,-124.250078
-6003.906250,-119.829855
-6000.000000,-116.866296
-5996.093750,-118.593359
-5992.187500,-119.852907
-5988.281250,-117.831092
-5984.375000,-117.096027
-5980.468750,-117.060295
-5976.562500,-118.232376
-5972.656250,-120.290804
-5968.750000,-121.406235
-5964.843750,-120.144941
-5960.937500,-127.296191
-5957.031250,-121.670315
-5953.125000,-122.131377
-5949.218750,-125.814718
-5945.312500,-121.247855
-5941.406250,-123.162482
-5937.500000,-129.231592
-5933.593750,-117.514090
-5929.687500,-118.081387
-5925.781250,-138.055645
-5921.875000,-120.431309
-5917.968750,-119.153575
-5914.062500,-124.954279
-5910.156250,-131.129713
-5906.250000,-130.189025
-5902.343750,-130.388470
-5898.437500,-134.076354
-5894.531250,-122.437972
-5890.625000,-125.195860
-5886.718750,-132.041842
-5882.812500,-127.085239
-5878.906250,-120.291457
-5875.000000,-118.833509
-5871.093750,-117.787300
-5867.187500,-115.055409
-5863.281250,-117.412108
-5859.375000,-126.623175
-5855.468750,-124.918245
-5851.562500,-120.601322
-5847.656250,-122.186247
-5843.750000,-125.120216
-5839.843750,-124.824915
-5835.937500,-124.909036
-5832.031250,-123.192614
-5828.125000,-124.314210
-5824.218750,-124.302967
-5820.312500,-145.621561
-5816.406250,-124.948147
-5812.500000,-125.499792
-5808.593750,-131.968415
-5804.687500,-135.437233
-5800.781250,-123.583165
-5796.875000,-122.061499
-5792.968750,-127.734573
-5789.062500,-122.029318
-5785.156250,-121.538658
-5781.250000,-133.084970
-5777.343750,-119.249212
-5773.437500,-116.543322
-5769.531250,-118.953386
-5765.625000,-134.638937
-5761.718750,-136.883568
-5757.812500,-128.016591
-5753.906250,-130.715890
-5750.000000,-124.373307
-5746.093750,-120.978627
-5742.187500,-129.779196
-5738.281250,-117.673115
-5734.375000,-115.171417
-5730.468750,-119.320597
-5726.562500,-121.097129
-5722.656250,-116.544040
-5718.750000,-113.457153
-5714.843750,-113.844392
-5710.937500,-118.622767
-5707.031250,-118.559020
-5703.125000,-119.534515
-5699.218750,-126.806659
-5695.312500,-128.639041
-5691.406250,-116.757484
-5687.500000,-116.557987
-5683.593750,-121.164215
-5679.687500,-120.688200
-5675.781250,-116.967601
-5671.875000,-119.107988
-5667.968750,-119.285520
-5664.062500,-115.961991
-5660.156250,-120.391890
-5656.250000,-127.134448
-5652.343750,-124.084028
-5648.437500,-123.167041
-5644.531250,-118.063816
-5640.625000,-121.283768
-5636.718750,-117.198876
-5632.812500,-119.059924
-5628.906250,-128.375372
-5625.000000,-124.330001
-5621.093750,-115.029151
-5617.187500,-117.899038
-5613.281250,-128.555437
-5609.375000,-139.404117
-5605.468750,-131.761763
-5601.562500,-124.767635
-5597.656250,-117.667610
-5593.750000,-116.801326
-5589.843750,-117.976341
-5585.937500,-123.649706
-5582.031250,-121.601769
-5578.125000,-116.017762
-5574.218750,-118.527083
-5570.312500,-123.448859
-5566.406250,-119.276171
-5562.500000,-112.478090
-5558.593750,-111.228744
-5554.687500,-114.157848
-5550.781250,-129.250587
-5546.875000,-123.879790
-5542.968750,-114.311713
-5539.062500,-115.232599
-5535.156250,-124.733294
-5531.250000,-123.048812
-5527.343750,-124.661582
-5523.437500,-115.603118
-5519.531250,-112.147993
-5515.625000,-114.896827
-5511.718750,-114.092055
-5507.812500,-114.051103
-5503.906250,-117.148000
-5500.000000,-132.464730
-5496.093750,-128.456245
-5492.187500,-116.975833
-5488.281250,-112.990467
-5484.375000,-114.166050
-5480.468750,-121.224520
-5476.562500,-118.520910
-5472.656250,-119.801308
-5468.750000,-112.899966
-5464.843750,-114.338005
-5460.937500,-122.827212
-5457.031250,-135.099462
-5453.125000,-121.896418
-5449.218750,-117.591408
-5445.312500,-118.714938
-5441.406250,-119.971914
-5437.500000,-121.115269
-5433.593750,-132.128765
-5429.687500,-117.706627
-5425.781250,-117.625815
-5421.875000,-120.265255
-5417.968750,-113.059955
-5414.062500,-116.266820
-5410.156250,-122.409434
-5406.250000,-118.866948
-5402.343750,-130.583155
-5398.437500,-118.007474
-5394.531250,-118.195067
-5390.625000,-114.856546
-5386.718750,-113.399356
-5382.812500,-121.818045
-5378.906250,-111.889938
-5375.000000,-112.394950
-5371.093750,-115.233124
-5367.187500,-113.835615
-5363.281250,-114.193630
-5359.375000,-111.043067
-5355.468750,-108.390127
-5351.562500,-109.592149
-5347.656250,-115.089278
-5343.750000,-119.836630
-5339.843750,-123.069665
-5335.937500,-124.055888
-5332.031250,-116.436614
-5328.125000,-111.708534
-5324.218750,-113.531200
-5320.312500,-109.958437
-5316.406250,-114.841556
-5312.500000,-119.783250
-5308.593750,-118.715823
-5304.687500,-126.671566
-5300.781250,-114.745666
-5296.875000,-113.091922
-5292.968750,-116.174944
-5289.062500,-112.512533
-5285.156250,-110.400702
-5281.250000,-119.517110
-5277.343750,-108.174544
-5273.437500,-104.644582
-5269.531250,-108.224904
-5265.625000,-112.100118
-5261.718750,-115.006788
-5257.812500,-115.940405
-5253.906250,-117.219131
-5250.000000,-120.361795
-5246.093750,-116.680733
-5242.187500,-122.289417
-5238.281250,-108.478799
-5234.375000,-109.145712
-5230.468750,-116.531565
-5226.562500,-113.537165
-5222.656250,-106.542111
-5218.750000,-106.029291
-5214.843750,-110.436586
-5210.937500,-116.079017
-5207.031250,-115.410273
-5203.125000,-118.267685
-5199.218750,-129.806981
-5195.312500,-113.444930
-5191.406250,-110.812167
-5187.500000,-113.840596
-5183.593750,-111.722406
-5179.687500,-107.028893
-5175.781250,-107.928925
-5171.875000,-113.735516
-5167.968750,-108.057724
-5164.062500,-108.117549
-5160.156250,-123.292516
-5156.250000,-121.012984
-5152.343750,-115.171975
-5148.437500,-112.100059
-5144.531250,-113.768646
-5140.625000,-110.200131
-5136.718750,-113.712864
-5132.812500,-113.846088
-5128.906250,-115.045284
-5125.000000,-110.891663
-5121.093750,-105.329889
-5117.187500,-106.845897
-5113.281250,-116.591215
-5109.375000,-112.557539
-5105.468750,-106.439584
-5101.562500,-110.632239
-5097.656250,-116.247800
-5093.750000,-111.310951
-5089.843750,-106.733312
-5085.937500,-108.466343
-5082.031250,-120.270701
-5078.125000,-109.209129
-5074.218750,-108.558518
-5070.312500,-108.458535
-5066.406250,-114.083651
-5062.500000,-114.485755
-5058.593750,-140.307550
-5054.687500,-119.802241
-5050.781250,-105.730132
-5046.875000,-106.443540
-5042.968750,-111.682118
-5039.062500,-107.796279
-5035.156250,-104.511418
-5031.250000,-110.178797
-5027.343750,-110.198636
-5023.437500,-106.164208
-5019.531250,-110.555492
-5015.625000,-122.894451
-5011.718750,-114.052979
-5007.812500,-107.023623
-5003.906250,-104.953291
-5000.000000,-107.768251
-4996.093750,-109.958508
-4992.187500,-107.062328
-4988.281250,-107.150401
-4984.375000,-108.146287
-4980.468750,-106.304807
-4976.562500,-110.696576
-4972.656250,-114.266022
-4968.750000,-107.830833
-4964.843750,-102.837792
-4960.937500,-106.526028
-4957.031250,-107.762228
-4953.125000,-103.260212
-4949.218750,-104.423935
-4945.312500,-105.180574
-4941.406250,-103.813181
-4937.500000,-108.513679
-4933.593750,-113.983912
-4929.687500,-111.244504
-4925.781250,-143.339776
-4921.875000,-109.127718
-4917.968750,-106.906335
-4914.062500,-116.511692
-4910.156250,-112.924645
-4906.250000,-114.025757
-4902.343750,-112.486776
-4898.437500,-109.361951
-4894.531250,-112.939984
-4890.625000,-118.131580
-4886.718750,-106.516755
-4882.812500,-103.363919
-4878.906250,-102.798601
-4875.000000,-112.049610
-4871.093750,-109.275466
-4867.187500,-110.953774
-4863.281250,-120.952839
-4859.375000,-116.673449
-4855.468750,-114.000277
-4851.562500,-106.507802
-4847.656250,-109.308941
-4843.750000,-118.193120
-4839.843750,-109.855982
-4835.937500,-105.818248
-4832.031250,-109.534536
-4828.125000,-123.719535
-4824.218750,-113.884062
-4820.312500,-110.798714
-4816.406250,-104.529905
-4812.500000,-103.365962
-4808.593750,-109.411407
-4804.687500,-121.141612
-4800.781250,-112.411387
-4796.875000,-112.128811
-4792.968750,-106.174373
-4789.062500,-105.387396
-4785.156250,-107.737230
-4781.250000,-114.156572
-4777.343750,-117.822731
-4773.437500,-111.164568
-4769.531250,-109.145334
-4765.625000,-111.098004
-4761.718750,-116.400233
-4757.812500,-109.907556
-4753.906250,-112.663484
-4750.000000,-119.839686
-4746.093750,-114.149176
-4742.187500,-113.933532
-4738.281250,-108.855620
-4734.375000,-117.764703
-4730.468750,-113.480888
-4726.562500,-124.061162
-4722.656250,-105.449379
-4718.750000,-105.292452
-4714.843750,-114.320477
-4710.937500,-110.151471
-4707.031250,-112.545198
-4703.125000,-123.522990
-4699.218750,-114.961157
-4695.312500,-111.710048
-4691.406250,-111.493548
-4687.500000,-108.618041
-4683.593750,-114.184415
-4679.687500,-123.666064
-4675.781250,-111.766131
-4671.875000,-108.689419
-4667.968750,-115.537709
-4664.062500,-125.676196
-4660.156250,-114.432150
-4656.250000,-111.629091
-4652.343750,-109.940454
-4648.437500,-110.036974
-4644.531250,-114.097654
-4640.625000,-104.277592
-4636.718750,-109.151024
-4632.812500,-112.429795
-4628.906250,-110.931065
-4625.000000,-121.763015
-4621.093750,-108.238936
-4617.187500,-105.609203
-4613.281250,-111.647901
-4609.375000,-114.599695
-4605.468750,-105.868493
-4601.562500,-115.456304
-4597.656250,-116.834801
-4593.750000,-114.682236
-4589.843750,-107.933870
-4585.937500,-104.027207
-4582.031250,-104.263306
-4578.125000,-103.584025
-4574.218750,-107.464295
-4570.312500,-108.278039
-4566.406250,-108.173091
-4562.500000,-105.728869
-4558.593750,-108.746677
-4554.687500,-104.362912
-4550.781250,-104.832629
-4546.875000,-104.349006
-4542.968750,-113.873415
-4539.062500,-103.387407
-4535.156250,-100.031944
-4531.250000,-100.008031
-4527.343750,-113.353131
-4523.437500,-100.915335
-4519.531250,-102.424694
-4515.625000,-112.334589
-4511.718750,-114.959332
-4507.812500,-109.024312
-4503.906250,-99.474507
-4500.000000,-97.912948
-4496.093750,-100.828256
-4492.187500,-105.308947
-4488.281250,-104.923816
-4484.375000,-106.672388
-4480.468750,-107.205543
-4476.562500,-109.945895
-4472.656250,-106.698974
-4468.750000,-107.214035
-4464.843750,-102.519696
-4460.937500,-103.024333
-4457.031250,-108.707913
-4453.125000,-107.555754
-4449.218750,-104.262157
-4445.312500,-103.541713
-4441.406250,-108.066801
-4437.500000,-114.795220
-4433.593750,-110.524724
-4429.687500,-121.197384
-4425.781250,-106.300732
-4421.875000,-102.955866
-4417.968750,-106.376302
-4414.062500,-113.743439
-4410.156250,-112.948310
-4406.250000,-108.550578
-4402.343750,-111.069496
-4398.437500,-124.686001
-4394.531250,-121.100282
-4390.625000,-119.216024
-4386.718750,-108.937664
-4382.812500,-105.959231
-4378.906250,-105.590471
-4375.000000,-117.181205
-4371.093750,-112.399668
-4367.187500,-107.451661
-4363.281250,-108.097919
-4359.375000,-111.905896
-4355.468750,-114.919314
-4351.562500,-109.366760
-4347.656250,-116.833780
-4343.750000,-110.889516
-4339.843750,-112.873338
-4335.937500,-107.825236
-4332.031250,-111.654804
-4328.125000,-117.224064
-4324.218750,-129.910036
-4320.312500,-118.342118
-4316.406250,-116.966479
-4312.500000,-120.983522
-4308.593750,-118.760431
-4304.687500,-117.946081
-4300.781250,-130.556541
-4296.875000,-121.190019
-4292.968750,-115.715283
-4289.062500,-112.045907
-4285.156250,-107.773856
-4281.250000,-107.510353
-4277.343750,-114.090992
-4273.437500,-120.801101
-4269.531250,-118.240813
-4265.625000,-114.048195
-4261.718750,-118.543820
-4257.812500,-113.386048
-4253.906250,-112.458260
-4250.000000,-116.336620
-4246.093750,-119.115048
-4242.187500,-122.784320
-4238.281250,-127.241014
-4234.375000,-122.948683
-4230.468750,-118.503121
-4226.562500,-115.542977
-4222.656250,-123.063055
-4218.750000,-127.077947
-4214.843750,-120.856719
-4210.937500,-117.524026
-4207.031250,-120.078647
-4203.125000,-123.311330
-4199.218750,-117.797910
-4195.312500,-118.414322
-4191.406250,-121.098651
-4187.500000,-123.151048
-4183.593750,-119.805140
-4179.687500,-118.251870
-4175.781250,-118.253837
-4171.875000,-122.617157
-4167.968750,-119.148031
-4164.062500,-125.773525
-4160.156250,-121.895000
-4156.250000,-125.501437
-4152.343750,-121.100739
-4148.437500,-124.418512
-4144.531250,-124.615564
-4140.625000,-118.905329
-4136.718750,-120.046967
-4132.812500,-127.983341
-4128.906250,-133.301098
-4125.000000,-141.006962
-4121.093750,-128.504983
-4117.187500,-126.524765
-4113.281250,-122.334984
-4109.375000,-126.083179
-4105.468750,-121.058349
-4101.562500,-124.284014
-4097.656250,-131.550786
-4093.750000,-124.534536
-4089.843750,-128.447886
-4085.937500,-131.770653
-4082.031250,-126.235530
-4078.125000,-128.626132
-4074.218750,-135.011687
-4070.312500,-136.132549
-4066.406250,-128.966528
-4062.500000,-130.689478
-4058.593750,-138.248763
-4054.687500,-136.664142
-4050.781250,-133.601679
-4046.875000,-144.871100
-4042.968750,-134.207077
-4039.062500,-142.105369
-4035.156250,-134.386316
-4031.250000,-132.118789
-4027.343750,-135.345219
-4023.437500,-139.474989
-4019.531250,-145.379872
-4015.625000,-142.499845
-4011.718750,-151.028500
-4007.812500,-149.029922
-4003.906250,-150.377989
-4000.000000,-199.680593
-3996.093750,-153.855838
-3992.187500,-152.643306
-3988.281250,-150.199677
-3984.375000,-149.052052
-3980.468750,-172.309565
-3976.562500,-145.531432
-3972.656250,-136.744918
-3968.750000,-138.047338
-3964.843750,-143.663152
-3960.937500,-138.493650
-3957.031250,-128.334218
-3953.125000,-126.908493
-3949.218750,-126.359508
-3945.312500,-134.670756
-3941.406250,-132.223683
-3937.500000,-126.448161
-3933.593750,-126.919203
-3929.687500,-135.230909
-3925.781250,-138.987772
-3921.875000,-134.460668
-3917.968750,-129.891136
-3914.062500,-123.472583
-3910.156250,-124.163542
-3906.250000,-129.242945
-3902.343750,-133.514183
-3898.437500,-131.453802
-3894.531250,-124.170357
-3890.625000,-128.360344
-3886.718750,-125.003652
-3882.812500,-127.804738
-3878.906250,-123.438012
-3875.000000,-124.297548
-3871.093750,-121.194661
-3867.187500,-117.867473
-3863.281250,-122.421870
-3859.375000,-131.384317
-3855.468750,-129.901700
-3851.562500,-124.517873
-3847.656250,-120.535028
-3843.750000,-134.041264
-3839.843750,-124.683974
-3835.937500,-130.561549
-3832.031250,-118.490051
-3828.125000,-121.943002
-3824.218750,-129.050729
-3820.312500,-126.593598
-3816.406250,-128.602404
-3812.500000,-121.861907
-3808.593750,-121.122303
-3804.687500,-135.157101
-3800.781250,-122.554590
-3796.875000,-120.991510
-3792.968750,-125.406832
-3789.062500,-133.205009
-3785.156250,-124.904537
-3781.250000,-117.647712
-3777.343750,-119.132634
-3773.437500,-122.414513
-3769.531250,-123.098305
-3765.625000,-119.559458
-3761.718750,-124.731262
-3757.812500,-118.193598
-3753.906250,-117.002942
-3750.000000,-122.799622
-3746.093750,-125.552190
-3742.187500,-127.658154
-3738.281250,-119.433779
-3734.375000,-116.889456
-3730.468750,-116.456499
-3726.562500,-114.366039
-3722.656250,-115.299677
-3718.750000,-117.262460
-3714.843750,-113.064339
-3710.937500,-114.265395
-3707.031250,-117.532192
-3703.125000,-135.783287
-3699.218750,-122.637357
-3695.312500,-120.904352
-3691.406250,-126.966418
-3687.500000,-120.265661
-3683.593750,-116.329422
-3679.687500,-123.581248
-3675.781250,-112.667037
-3671.875000,-108.399992
-3667.968750,-108.764771
-3664.062500,-110.714570
-3660.156250,-115.006947
-3656.250000,-115.132653
-3652.343750,-123.076282
-3648.437500,-119.167505
-3644.531250,-118.455344
-3640.625000,-114.222701
-3636.718750,-120.417672
-3632.812500,-116.968177
-3628.906250,-122.823639
-3625.000000,-109.308017
-3621.093750,-105.821968
-3617.187500,-111.199354
-3613.281250,-117.052954
-3609.375000,-117.662081
-3605.468750,-112.498693
-3601.562500,-115.585611
-3597.656250,-122.480831
-3593.750000,-123.722668
-3589.843750,-110.871570
-3585.937500,-107.368038
-3582.031250,-107.404551
-3578.125000,-105.365337
-3574.218750,-111.463137
-3570.312500,-112.247049
-3566.406250,-115.611518
-3562.500000,-109.501552
-3558.593750,-110.407920
-3554.687500,-109.435743
-3550.781250,-108.766713
-3546.875000,-105.233722
-3542.968750,-115.345739
-3539.062500,-105.202145
-3535.156250,-102.964403
-3531.250000,-103.929047
-3527.343750,-112.809970
-3523.437500,-103.809117
-3519.531250,-105.131909
-3515.625000,-115.189652
-3511.718750,-116.201268
-3507.812500,-106.693045
-3503.906250,-101.330937
-3500.000000,-100.783554
-3496.093750,-104.845031
-3492.187500,-109.269879
-3488.281250,-107.184248
-3484.375000,-108.756811
-3480.468750,-108.187280
-3476.562500,-105.321716
-3472.656250,-104.101788
-3468.750000,-108.740554
-3464.843750,-105.849972
-3460.937500,-105.817275
-3457.031250,-109.371688
-3453.125000,-104.242358
-3449.218750,-107.115247
-3445.312500,-104.410955
-3441.406250,-104.447193
-3437.500000,-111.442793
-3433.593750,-116.711588
-3429.687500,-120.071012
-3425.781250,-111.382375
-3421.875000,-107.505711
-3417.968750,-108.715289
-3414.062500,-110.295316
-3410.156250,-107.633540
-3406.250000,-108.157655
-3402.343750,-112.224722
-3398.437500,-120.527816
-3394.531250,-117.393994
-3390.625000,-110.763028
-3386.718750,-107.550840
-3382.812500,-108.328808
-3378.906250,-106.705854
-3375.000000,-113.641505
-3371.093750,-109.861391
-3367.187500,-108.771449
-3363.281250,-113.515420
-3359.375000,-115.615696
-3355.468750,-118.066558
-3351.562500,-120.520494
-3347.656250,-114.819001
-3343.750000,-113.671816
-3339.843750,-116.811844
-3335.937500,-110.477330
-3332.031250,-112.958136
-3328.125000,-120.054133
-3324.218750,-122.574512
-3320.312500,-123.013311
-3316.406250,-129.801215
-3312.500000,-119.537605
-3308.593750,-118.437148
-3304.687500,-118.089095
-3300.781250,-122.387009
-3296.875000,-130.846238
-3292.968750,-116.258939
-3289.062500,-114.520285
-3285.156250,-118.294858
-3281.250000,-128.214286
-3277.343750,-122.443282
-3273.437500,-123.311702
-3269.531250,-129.320463
-3265.625000,-125.942374
-3261.718750,-120.771330
-3257.812500,-119.401112
-3253.906250,-120.516304
-3250.000000,-152.915219
-3246.093750,-128.332453
-3242.187500,-129.797187
-3238.281250,-146.297960
-3234.375000,-125.198575
-3230.468750,-130.215076
-3226.562500,-135.334168
-3222.656250,-132.623301
-3218.750000,-127.377453
-3214.843750,-135.072718
-3210.937500,-137.086092
-3207.031250,-146.016804
-3203.125000,-150.004398
-3199.218750,-165.234753
-3195.312500,-150.116319
-3191.406250,-138.244719
-3187.500000,-138.329793
-3183.593750,-140.201533
-3179.687500,-132.226375
-3175.781250,-143.833155
-3171.875000,-124.842494
-3167.968750,-124.660128
-3164.062500,-128.943087
-3160.156250,-133.696406
-3156.250000,-138.013935
-3152.343750,-125.686643
-3148.437500,-123.764394
-3144.531250,-117.658573
-3140.625000,-118.853931
-3136.718750,-119.775803
-3132.812500,-123.107657
-3128.906250,-117.877896
-3125.000000,-119.514242
-3121.093750,-123.104817
-3117.187500,-117.778247
-3113.281250,-114.698247
-3109.375000,-118.583123
-3105.468750,-117.806166
-3101.562500,-115.834117
-3097.656250,-132.339557
-3093.750000,-114.113319
-3089.843750,-114.978448
-3085.937500,-123.860064
-3082.031250,-113.213596
-3078.125000,-108.918949
-3074.218750,-113.291752
-3070.312500,-123.335874
-3066.406250,-128.973716
-3062.500000,-111.611757
-3058.593750,-105.826241
-3054.687500,-104.127352
-3050.781250,-108.387542
-3046.875000,-111.605382
-3042.968750,-115.840638
-3039.062500,-110.940424
-3035.156250,-122.205482
-3031.250000,-110.533545
-3027.343750,-124.117031
-3023.437500,-109.310351
-3019.531250,-106.845488
-3015.625000,-107.160937
-3011.718750,-114.169161
-3007.812500,-117.672974
-3003.906250,-105.408679
-3000.000000,-102.240852
-2996.093750,-105.005446
-2992.187500,-109.058238
-2988.281250,-112.421056
-2984.375000,-113.078642
-2980.468750,-110.594276
-2976.562500,-107.463159
-2972.656250,-104.746682
-2968.750000,-106.999322
-2964.843750,-103.076991
-2960.937500,-105.595208
-2957.031250,-111.060071
-2953.125000,-105.313446
-2949.218750,-105.932022
-2945.312500,-98.805088
-2941.406250,-102.528745
-2937.500000,-108.316307
-2933.593750,-105.473640
-2929.687500,-106.662392
-2925.781250,-100.002271
-2921.875000,-106.501820
-2917.968750,-106.521259
-2914.062500,-105.306807
-2910.156250,-100.254966
-2906.250000,-102.411197
-2902.343750,-103.755948
-2898.437500,-100.431828
-2894.531250,-100.408499
-2890.625000,-105.048217
-2886.718750,-107.825569
-2882.812500,-105.662701
-2878.906250,-105.045611
-2875.000000,-104.271082
-2871.093750,-101.429351
-2867.187500,-98.864242
-2863.281250,-96.325465
-2859.375000,-96.828384
-2855.468750,-100.909315
-2851.562500,-113.448681
-2847.656250,-108.655009
-2843.750000,-106.025361
-2839.843750,-100.001133
-2835.937500,-98.373899
-2832.031250,-101.931710
-2828.125000,-112.143796
-2824.218750,-114.320096
-2820.312500,-109.231889
-2816.406250,-109.523490
-2812.500000,-100.427259
-2808.593750,-97.446119
-2804.687500,-101.082623
-2800.781250,-103.917954
-2796.875000,-109.675775
-2792.968750,-104.118773
-2789.062500,-97.666698
-2785.156250,-99.294779
-2781.250000,-107.244716
-2777.343750,-106.938225
-2773.437500,-107.240971
-2769.531250,-103.731434
-2765.625000,-100.300380
-2761.718750,-100.327462
-2757.812500,-98.996648
-2753.906250,-101.525822
-2750.000000,-112.805319
-2746.093750,-101.519111
-2742.187500,-100.333997
-2738.281250,-100.883780
-2734.375000,-94.214602
-2730.468750,-94.234154
-2726.562500,-107.428322
-2722.656250,-104.670247
-2718.750000,-100.694111
-2714.843750,-103.257413
-2710.937500,-100.287066
-2707.031250,-96.349291
-2703.125000,-107.890266
-2699.218750,-104.373987
-2695.312500,-97.687330
-2691.406250,-94.395706
-2687.500000,-98.848751
-2683.593750,-95.255969
-2679.687500,-96.115335
-2675.781250,-112.359594
-2671.875000,-98.369806
-2667.968750,-93.661756
-2664.062500,-94.154784
-2660.156250,-100.520578
-2656.250000,-101.346874
-2652.343750,-98.264798
-2648.437500,-107.247226
-2644.531250,-101.723553
-2640.625000,-98.722156
-2636.718750,-98.823997
-2632.812500,-99.125499
-2628.906250,-99.332980
-2625.000000,-99.472323
-2621.093750,-98.607316
-2617.187500,-103.930490
-2613.281250,-105.676473
-2609.375000,-108.074590
-2605.468750,-96.426702
-2601.562500,-89.434370
-2597.656250,-91.224376
-2593.750000,-97.253564
-2589.843750,-93.372696
-2585.937500,-98.227848
-2582.031250,-102.083884
-2578.125000,-97.239877
-2574.218750,-94.878296
-2570.312500,-94.440752
-2566.406250,-99.744703
-2562.500000,-98.437512
-2558.593750,-91.658194
-2554.687500,-86.230473
-2550.781250,-93.085544
-2546.875000,-93.663933
-2542.968750,-96.196001
-2539.062500,-93.625421
-2535.156250,-89.534921
-2531.250000,-92.969972
-2527.343750,-101.822669
-2523.437500,-91.630850
-2519.531250,-95.357485
-2515.625000,-105.162430
-2511.718750,-100.940933
-2507.812500,-95.569041
-2503.906250,-87.235946
-2500.000000,-86.628261
-2496.093750,-93.209815
-2492.187500,-93.748763
-2488.281250,-94.594697
-2484.375000,-92.368501
-2480.468750,-94.145138
-2476.562500,-96.333312
-2472.656250,-93.172392
-2468.750000,-89.418125
-2464.843750,-86.989981
-2460.937500,-90.982477
-2457.031250,-106.102918
-2453.125000,-94.771961
-2449.218750,-99.352735
-2445.312500,-86.846114
-2441.406250,-84.073228
-2437.500000,-87.416469
-2433.593750,-92.974103
-2429.687500,-98.346932
-2425.781250,-87.775137
-2421.875000,-93.236276
-2417.968750,-93.249460
-2414.062500,-88.792605
-2410.156250,-93.503900
-2406.250000,-86.752151
-2402.343750,-97.411045
-2398.437500,-90.210515
-2394.531250,-85.682844
-2390.625000,-86.622482
-2386.718750,-95.598912
-2382.812500,-92.288261
-2378.906250,-87.632097
-2375.000000,-87.239735
-2371.093750,-94.821654
-2367.187500,-100.715369
-2363.281250,-89.879872
-2359.375000,-85.644376
-2355.468750,-87.656829
-2351.562500,-97.759207
-2347.656250,-89.709982
-2343.750000,-92.355651
-2339.843750,-93.209601
-2335.937500,-88.598357
-2332.031250,-88.864120
-2328.125000,-97.707035
-2324.218750,-89.821581
-2320.312500,-89.676847
-2316.406250,-93.543913
-2312.500000,-94.024215
-2308.593750,-86.713819
-2304.687500,-88.663734
-2300.781250,-97.917073
-2296.875000,-97.119880
-2292.968750,-101.853225
-2289.062500,-94.544962
-2285.156250,-92.115658
-2281.250000,-98.294220
-2277.343750,-94.160978
-2273.437500,-90.903425
-2269.531250,-91.746548
-2265.625000,-97.711148
-2261.718750,-96.542380
-2257.812500,-91.716235
-2253.906250,-94.500782
-2250.000000,-92.000814
-2246.093750,-86.653148
-2242.187500,-94.928721
-2238.281250,-93.032059
-2234.375000,-90.121685
-2230.468750,-92.906043
-2226.562500,-96.756359
-2222.656250,-87.110902
-2218.750000,-82.791589
-2214.843750,-85.769761
-2210.937500,-87.162240
-2207.031250,-86.163621
-2203.125000,-88.699078
-2199.218750,-97.594869
-2195.312500,-91.223657
-2191.406250,-88.267053
-2187.500000,-99.910543
-2183.593750,-89.085838
-2179.687500,-90.276657
-2175.781250,-90.510437
-2171.875000,-91.669949
-2167.968750,-92.594897
-2164.062500,-87.319461
-2160.156250,-91.693196
-2156.250000,-101.279963
-2152.343750,-103.122660
-2148.437500,-96.377291
-2144.531250,-88.954292
-2140.625000,-88.990237
-2136.718750,-107.886391
-2132.812500,-88.479032
-2128.906250,-85.713594
-2125.000000,-85.694406
-2121.093750,-87.276672
-2117.187500,-86.920274
-2113.281250,-88.072303
-2109.375000,-84.703059
-2105.468750,-82.385138
-2101.562500,-88.132588
-2097.656250,-98.248455
-2093.750000,-91.490101
-2089.843750,-95.183847
-2085.937500,-87.482956
-2082.031250,-84.317700
-2078.125000,-84.037759
-2074.218750,-92.510088
-2070.312500,-86.977063
-2066.406250,-95.348934
-2062.500000,-90.039013
-2058.593750,-89.457069
-2054.687500,-85.316545
-2050.781250,-88.009357
-2046.875000,-85.626829
-2042.968750,-88.171508
-2039.062500,-89.023060
-2035.156250,-79.779223
-2031.250000,-80.829122
-2027.343750,-97.986393
-2023.437500,-82.383457
-2019.531250,-82.323402
-2015.625000,-89.910086
-2011.718750,-93.775327
-2007.812500,-98.178144
-2003.906250,-86.523584
-2000.000000,-81.557094
-1996.093750,-82.678725
-1992.187500,-93.069081
-1988.281250,-88.941335
-1984.375000,-94.080374
-1980.468750,-91.663116
-1976.562500,-92.536890
-1972.656250,-88.207980
-1968.750000,-95.550498
-1964.843750,-95.761024
-1960.937500,-89.365486
-1957.031250,-91.171318
-1953.125000,-90.300866
-1949.218750,-90.137806
-1945.312500,-83.436911
-1941.406250,-83.869958
-1937.500000,-85.432954
-1933.593750,-102.740329
-1929.687500,-88.212521
-1925.781250,-90.304099
-1921.875000,-85.100514
-1917.968750,-88.418333
-1914.062500,-87.257909
-1910.156250,-84.623381
-1906.250000,-84.335622
-1902.343750,-83.711593
-1898.437500,-85.144869
-1894.531250,-99.632643
-1890.625000,-90.100039
-1886.718750,-83.847783
-1882.812500,-84.833485
-1878.906250,-86.970100
-1875.000000,-80.971913
-1871.093750,-84.141173
-1867.187500,-84.447721
-1863.281250,-87.012222
-1859.375000,-91.757203
-1855.468750,-90.791906
-1851.562500,-83.646693
-1847.656250,-79.333896
-1843.750000,-81.381008
-1839.843750,-85.416847
-1835.937500,-82.308886
-1832.031250,-80.554323
-1828.125000,-85.712516
-1824.218750,-92.091411
-1820.312500,-98.941041
-1816.406250,-84.699158
-1812.500000,-80.330918
-1808.593750,-79.785764
-1804.687500,-87.491629
-1800.781250,-86.100428
-1796.875000,-85.804530
-1792.968750,-89.681212
-1789.062500,-88.090533
-1785.156250,-90.436132
-1781.250000,-94.168487
-1777.343750,-84.260346
-1773.437500,-86.241505
-1769.531250,-85.927176
-1765.625000,-91.794754
-1761.718750,-85.980920
-1757.812500,-89.082792
-1753.906250,-83.565193
-1750.000000,-79.153722
-1746.093750,-79.105901
-1742.187500,-86.337272
-1738.281250,-91.816482
-1734.375000,-87.264678
-1730.468750,-88.400393
-1726.562500,-87.455694
-1722.656250,-90.832641
-1718.750000,-92.403171
-1714.843750,-82.290121
-1710.937500,-82.615776
-1707.031250,-102.228530
-1703.125000,-85.035745
-1699.218750,-88.638359
-1695.312500,-83.809181
-1691.406250,-81.374971
-1687.500000,-90.396476
-1683.593750,-83.703335
-1679.687500,-82.716738
-1675.781250,-84.227027
-1671.875000,-89.306045
-1667.968750,-81.981363
-1664.062500,-82.271519
-1660.156250,-89.546333
-1656.250000,-91.844215
-1652.343750,-86.004945
-1648.437500,-83.915998
-1644.531250,-90.039676
-1640.625000,-89.381686
-1636.718750,-90.948225
-1632.812500,-86.763182
-1628.906250,-82.482789
-1625.000000,-80.487221
-1621.093750,-84.658207
-1617.187500,-90.707973
-1613.281250,-91.392989
-1609.375000,-87.219681
-1605.468750,-85.533724
-1601.562500,-86.356789
-1597.656250,-83.616024
-1593.750000,-80.475859
-1589.843750,-79.975004
-1585.937500,-77.206928
-1582.031250,-82.826105
-1578.125000,-83.785941
-1574.218750,-87.904941
-1570.312500,-92.795465
-1566.406250,-83.284630
-1562.500000,-84.749191
-1558.593750,-82.039449
-1554.687500,-84.021397
-1550.781250,-87.844447
-1546.875000,-84.691407
-1542.968750,-88.991075
-1539.062500,-79.081030
-1535.156250,-76.025177
-1531.250000,-89.301348
-1527.343750,-84.215969
-1523.437500,-87.570131
-1519.531250,-94.113947
-1515.625000,-88.591247
-1511.718750,-82.294544
-1507.812500,-89.287841
-1503.906250,-80.780877
-1500.000000,-83.191288
-1496.093750,-83.546150
-1492.187500,-77.187341
-1488.281250,-79.901088
-1484.375000,-84.622650
-1480.468750,-80.566793
-1476.562500,-82.648870
-1472.656250,-83.426932
-1468.750000,-86.918524
-1464.843750,-86.028319
-1460.937500,-92.329565
-1457.031250,-86.787909
-1453.125000,-78.055450
-1449.218750,-79.059510
-1445.312500,-84.508404
-1441.406250,-79.454220
-1437.500000,-77.587602
-1433.593750,-78.625753
-1429.687500,-80.883343
-1425.781250,-83.436737
-1421.875000,-73.195870
-1417.968750,-76.618304
-1414.062500,-87.316507
-1410.156250,-79.701672
-1406.250000,-84.614202
-1402.343750,-90.538435
-1398.437500,-121.013589
-1394.531250,-80.861363
-1390.625000,-82.769029
-1386.718750,-90.766050
-1382.812500,-93.598368
-1378.906250,-87.493236
-1375.000000,-82.218495
-1371.093750,-82.885377
-1367.187500,-81.392969
-1363.281250,-86.962063
-1359.375000,-90.348277
-1355.468750,-82.023386
-1351.562500,-78.336420
-1347.656250,-82.581728
-1343.750000,-80.442323
-1339.843750,-78.439990
-1335.937500,-77.630396
-1332.031250,-86.509989
-1328.125000,-87.178286
-1324.218750,-84.352193
-1320.312500,-76.986789
-1316.406250,-82.398292
-1312.500000,-78.347477
-1308.593750,-79.000113
-1304.687500,-101.999245
-1300.781250,-83.095254
-1296.875000,-77.252911
-1292.968750,-75.739495
-1289.062500,-96.339987
-1285.156250,-79.210257
-1281.250000,-85.875104
-1277.343750,-79.178213
-1273.437500,-77.951011
-1269.531250,-80.035857
-1265.625000,-86.238147
-1261.718750,-92.516956
-1257.812500,-86.187315
-1253.906250,-86.259300
-1250.000000,-83.992456
-1246.093750,-86.536769
-1242.187500,-81.372951
-1238.281250,-78.624721
-1234.375000,-77.563071
-1230.468750,-75.313575
-1226.562500,-79.086190
-1222.656250,-81.374728
-1218.750000,-84.861984
-1214.843750,-84.072918
-1210.937500,-86.445460
-1207.031250,-81.867066
-1203.125000,-78.557731
-1199.218750,-79.714208
-1195.312500,-83.118544
-1191.406250,-80.610742
-1187.500000,-81.673069
-1183.593750,-86.359857
-1179.687500,-75.797220
-1175.781250,-85.092020
-1171.875000,-81.946687
-1167.968750,-84.752898
-1164.062500,-85.833758
-1160.156250,-84.386328
-1156.250000,-107.333637
-1152.343750,-83.924932
-1148.437500,-85.257672
-1144.531250,-79.984575
-1140.625000,-80.624508
-1136.718750,-84.796115
-1132.812500,-81.650262
-1128.906250,-85.116218
-1125.000000,-88.770193
-1121.093750,-81.301231
-1117.187500,-79.601332
-1113.281250,-77.585745
-1109.375000,-84.703545
-1105.468750,-80.197973
-1101.562500,-94.966383
-1097.656250,-76.890769
-1093.750000,-77.209476
-1089.843750,-77.004768
-1085.937500,-77.387630
-1082.031250,-81.953212
-1078.125000,-84.450549
-1074.218750,-82.209327
-1070.312500,-78.495388
-1066.406250,-77.217321
-1062.500000,-81.526573
-1058.593750,-77.849096
-1054.687500,-74.669135
-1050.781250,-72.358904
-1046.875000,-101.489131
-1042.968750,-77.237563
-1039.062500,-79.991841
-1035.156250,-74.418334
-1031.250000,-85.643976
-1027.343750,-79.196927
-1023.437500,-78.016941
-1019.531250,-77.960804
-1015.625000,-81.312753
-1011.718750,-83.732696
-1007.812500,-82.243092
-1003.906250,-89.625970
-1000.000000,-76.941229
-996.093750,-93.704811
-992.187500,-90.376404
-988.281250,-77.120048
-984.375000,-74.528132
-980.468750,-76.521756
-976.562500,-82.594211
-972.656250,-90.121105
-968.750000,-80.491632
-964.843750,-76.743964
-960.937500,-69.406853
-957.031250,-73.765740
-953.125000,-76.571291
-949.218750,-70.205871
-945.312500,-71.782750
-941.406250,-72.479484
-937.500000,-70.620811
-933.593750,-77.930147
-929.687500,-69.572575
-925.781250,-77.529504
-921.875000,-74.943915
-917.968750,-79.732554
-914.062500,-69.317442
-910.156250,-67.463034
-906.250000,-72.695842
-902.343750,-77.286468
-898.437500,-76.694508
-894.531250,-77.427326
-890.625000,-72.154090
-886.718750,-73.433367
-882.812500,-78.888077
-878.906250,-75.329677
-875.000000,-72.771496
-871.093750,-79.030828
-867.187500,-78.202634
-863.281250,-77.282848
-859.375000,-73.352590
-855.468750,-67.880553
-851.562500,-65.567135
-847.656250,-67.617451
-843.750000,-81.527432
-839.843750,-70.736158
-835.937500,-72.865039
-832.031250,-68.732316
-828.125000,-69.551180
-824.218750,-73.017568
-820.312500,-71.343864
-816.406250,-90.464099
-812.500000,-71.967589
-808.593750,-69.881297
-804.687500,-77.281011
-800.781250,-72.249386
-796.875000,-71.988773
-792.968750,-71.784480
-789.062500,-71.553877
-785.156250,-72.847949
-781.250000,-78.647397
-777.343750,-76.516239
-773.437500,-79.716047
-769.531250,-83.391181
-765.625000,-83.779151
-761.718750,-80.784902
-757.812500,-76.979576
-753.906250,-76.509597
-750.000000,-80.936967
-746.093750,-82.621025
-742.187500,-74.278213
-738.281250,-71.119109
-734.375000,-75.294837
-730.468750,-72.250236
-726.562500,-74.400218
-722.656250,-82.110333
-718.750000,-78.398532
-714.843750,-74.902528
-710.937500,-78.015105
-707.031250,-73.805788
-703.125000,-76.150372
-699.218750,-67.511825
-695.312500,-68.736296
-691.406250,-79.007509
-687.500000,-76.297374
-683.593750,-71.927355
-679.687500,-76.644358
-675.781250,-78.441605
-671.875000,-82.802367
-667.968750,-72.353962
-664.062500,-70.648825
-660.156250,-72.187112
-656.250000,-72.369530
-652.343750,-79.064643
-648.437500,-78.773911
-644.531250,-82.947374
-640.625000,-74.854763
-636.718750,-69.228572
-632.812500,-73.450371
-628.906250,-79.556406
-625.000000,-80.921251
-621.093750,-79.320875
-617.187500,-80.067749
-613.281250,-73.368152
-609.375000,-74.542860
-605.468750,-72.608634
-601.562500,-75.293486
-597.656250,-72.971938
-593.750000,-69.713617
-589.843750,-75.026948
-585.937500,-74.938707
-582.031250,-70.523111
-578.125000,-72.475418
-574.218750,-73.941237
-570.312500,-72.798961
-566.406250,-78.989547
-562.500000,-82.536340
-558.593750,-76.812431
-554.687500,-80.473181
-550.781250,-85.013807
-546.875000,-87.715115
-542.968750,-74.558840
-539.062500,-78.044231
-535.156250,-80.178994
-531.250000,-76.417072
-527.343750,-70.008153
-523.437500,-72.164633
-519.531250,-76.006357
-515.625000,-80.972187
-511.718750,-76.115305
-507.812500,-77.495075
-503.906250,-74.120344
-500.000000,-76.939605
-496.093750,-81.554624
-492.187500,-75.140935
-488.281250,-80.729506
-484.375000,-96.816418
-480.468750,-97.444739
-476.562500,-76.353295
-472.656250,-75.601714
-468.750000,-78.180707
-464.843750,-79.172973
-460.937500,-94.175441
-457.031250,-76.073312
-453.125000,-73.225364
-449.218750,-73.384901
-445.312500,-73.816223
-441.406250,-73.013399
-437.500000,-78.090661
-433.593750,-83.100717
-429.687500,-80.616776
-425.781250,-73.525976
-421.875000,-73.325509
-417.968750,-71.887765
-414.062500,-69.690402
-410.156250,-72.743590
-406.250000,-73.116387
-402.343750,-80.636759
-398.437500,-82.570941
-394.531250,-78.251990
-390.625000,-80.374259
-386.718750,-72.935600
-382.812500,-73.485296
-378.906250,-76.720096
-375.000000,-99.146038
-371.093750,-74.470872
-367.187500,-77.656293
-363.281250,-74.764304
-359.375000,-75.883608
-355.468750,-76.512084
-351.562500,-72.783031
-347.656250,-73.256104
-343.750000,-94.396950
-339.843750,-75.271274
-335.937500,-78.068781
-332.031250,-74.912397
-328.125000,-72.878264
-324.218750,-76.870233
-320.312500,-73.495530
-316.406250,-73.940842
-312.500000,-87.053630
-308.593750,-79.850575
-304.687500,-74.610149
-300.781250,-73.050207
-296.875000,-73.939012
-292.968750,-72.806708
-289.062500,-73.066713
-285.156250,-82.830629
-281.250000,-80.052116
-277.343750,-75.332332
-273.437500,-72.974101
-269.531250,-73.751510
-265.625000,-77.726131
-261.718750,-79.796259
-257.812500,-77.476109
-253.906250,-83.694888
-250.000000,-79.184676
-246.093750,-84.123863
-242.187500,-74.191790
-238.281250,-70.537307
-234.375000,-66.860230
-230.468750,-72.114979
-226.562500,-75.612127
-222.656250,-73.272351
-218.750000,-83.412550
-214.843750,-72.478227
-210.937500,-70.101103
-207.031250,-70.179865
-203.125000,-73.067088
-199.218750,-90.695680
-195.312500,-79.485415
-191.406250,-79.316104
-187.500000,-78.216330
-183.593750,-70.201438
-179.687500,-73.370129
-175.781250,-73.676718
-171.875000,-74.624678
-167.968750,-74.342324
-164.062500,-76.008107
-160.156250,-109.486299
-156.250000,-72.710980
-152.343750,-72.971921
-148.437500,-73.107982
-144.531250,-69.399259
-140.625000,-70.179302
-136.718750,-73.679486
-132.812500,-76.197471
-128.906250,-70.620860
-125.000000,-72.245574
-121.093750,-71.352291
-117.187500,-73.326103
-113.281250,-70.459464
-109.375000,-71.554082
-105.468750,-73.040637
-101.562500,-74.784531
-97.656250,-77.669856
-93.750000,-74.000368
-89.843750,-84.062354
-85.937500,-75.616213
-82.031250,-74.135872
-78.125000,-75.945484
-74.218750,-80.848439
-70.312500,-80.129813
-66.406250,-73.732708
-62.500000,-69.712747
-58.593750,-70.721987
-54.687500,-85.399097
-50.781250,-78.563736
-46.875000,-87.626968
-42.968750,-76.649450
-39.062500,-80.371576
-35.156250,-72.214711
-31.250000,-69.484612
-27.343750,-68.015405
-23.437500,-65.364285
-19.531250,-72.267829
-15.625000,-74.876581
-11.718750,-81.411545
-7.812500,-80.668463
-3.906250,-67.884275
0.000000,-67.683807
3.906250,-77.297237
7.812500,-70.572610
11.718750,-71.353160
15.625000,-74.093863
19.531250,-71.025943
23.437500,-66.785996
27.343750,-66.773160
31.250000,-68.924941
35.156250,-69.034933
39.062500,-73.513864
42.968750,-75.888815
46.875000,-81.024793
50.781250,-72.347563
54.687500,-71.087494
58.593750,-68.592095
62.500000,-66.127952
66.406250,-67.108171
70.312500,-73.573360
74.218750,-81.662562
78.125000,-75.343050
82.031250,-74.572428
85.937500,-87.334102
89.843750,-76.424591
93.750000,-74.885754
97.656250,-83.514000
101.562500,-79.319743
105.468750,-76.540235
109.375000,-67.110715
113.281250,-67.015933
117.187500,-70.285905
121.093750,-64.966176
125.000000,-65.357235
128.906250,-69.333508
132.812500,-77.055758
136.718750,-71.671406
140.625000,-70.750287
144.531250,-71.909121
148.437500,-70.256662
152.343750,-66.458385
156.250000,-68.258826
160.156250,-71.302482
164.062500,-71.680932
167.968750,-78.300561
171.875000,-74.242369
175.781250,-68.021217
179.687500,-68.684090
183.593750,-75.152403
187.500000,-80.655555
191.406250,-88.576649
195.312500,-92.155113
199.218750,-82.555033
203.125000,-82.971290
207.031250,-68.187825
210.937500,-68.384100
214.843750,-68.612299
218.750000,-70.931516
222.656250,-81.191839
226.562500,-70.829278
230.468750,-67.050609
234.375000,-65.782263
238.281250,-68.723135
242.187500,-70.828213
246.093750,-73.955072
250.000000,-76.677865
253.906250,-77.657915
257.812500,-75.457821
261.718750,-72.007702
265.625000,-66.278920
269.531250,-64.597039
273.437500,-66.325353
277.343750,-69.519122
281.250000,-79.412648
285.156250,-68.960450
289.062500,-67.321346
292.968750,-68.775813
296.875000,-70.428291
300.781250,-65.765291
304.687500,-68.428423
308.593750,-73.606917
312.500000,-72.100472
316.406250,-75.149700
320.312500,-69.226107
324.218750,-70.520165
328.125000,-71.724036
332.031250,-71.135326
335.937500,-73.327407
339.843750,-83.489017
343.750000,-77.633262
347.656250,-67.988699
351.562500,-63.962635
355.468750,-65.158945
359.375000,-66.190175
363.281250,-64.951299
367.187500,-71.060721
371.093750,-67.546472
375.000000,-69.256577
378.906250,-66.231522
382.812500,-65.245956
386.718750,-65.751703
390.625000,-66.594096
394.531250,-69.724168
398.437500,-68.132119
402.343750,-67.707488
406.250000,-67.644198
410.156250,-67.972635
414.062500,-65.434230
417.968750,-68.147571
421.875000,-84.237592
425.781250,-72.139638
429.687500,-69.037275
433.593750,-76.528477
437.500000,-66.345867
441.406250,-60.085675
445.312500,-60.485063
449.218750,-62.769472
453.125000,-70.792555
457.031250,-71.407775
460.937500,-77.149955
464.843750,-67.618155
468.750000,-66.840344
472.656250,-63.981405
476.562500,-62.779127
480.468750,-67.856567
484.375000,-70.723662
488.281250,-74.875237
492.187500,-74.018239
496.093750,-76.136741
500.000000,-68.732125
503.906250,-64.785696
507.812500,-62.391931
511.718750,-60.395717
515.625000,-62.852950
519.531250,-74.278966
523.437500,-70.363332
527.343750,-65.652186
531.250000,-65.469817
535.156250,-63.969150
539.062500,-69.679244
542.968750,-69.121065
546.875000,-72.136658
550.781250,-70.802724
554.687500,-66.598692
558.593750,-64.209514
562.500000,-63.889962
566.406250,-66.781576
570.312500,-64.954301
574.218750,-67.233778
578.125000,-80.016722
582.031250,-74.203554
585.937500,-65.441694
589.843750,-61.026416
593.750000,-60.868299
597.656250,-62.490893
601.562500,-65.822379
605.468750,-66.639408
609.375000,-73.676939
613.281250,-67.822954
617.187500,-63.088516
621.093750,-62.068630
625.000000,-65.670211
628.906250,-66.954783
632.812500,-71.664273
636.718750,-78.243680
640.625000,-68.820504
644.531250,-85.272769
648.437500,-69.597167
652.343750,-70.742630
656.250000,-63.817139
660.156250,-62.403633
664.062500,-67.402048
667.968750,-74.307932
671.875000,-67.103848
675.781250,-61.978619
679.687500,-62.299417
683.593750,-63.062437
687.500000,-63.417890
691.406250,-64.786594
695.312500,-71.379708
699.218750,-74.869491
703.125000,-73.310323
707.031250,-69.673683
710.937500,-76.334885
714.843750,-67.025320
718.750000,-62.248401
722.656250,-65.640375
726.562500,-76.366634
730.468750,-68.378061
734.375000,-64.322383
738.281250,-68.550806
742.187500,-62.549773
746.093750,-60.470796
750.000000,-62.301051
753.906250,-62.511614
757.812500,-79.401853
761.718750,-67.012062
765.625000,-63.460429
769.531250,-62.076736
773.437500,-63.865972
777.343750,-68.001975
781.250000,-73.366948
785.156250,-78.171577
789.062500,-85.686872
792.968750,-75.285360
796.875000,-66.920721
800.781250,-60.792436
804.687500,-59.088477
808.593750,-62.520315
812.500000,-65.898666
816.406250,-73.333908
820.312500,-71.671336
824.218750,-67.026768
828.125000,-61.386560
832.031250,-61.454992
835.937500,-63.215774
839.843750,-64.154530
843.750000,-75.803262
847.656250,-77.047085
851.562500,-68.520563
855.468750,-66.283927
859.375000,-64.436809
863.281250,-64.708811
867.187500,-65.301443
871.093750,-70.992862
875.000000,-70.429288
878.906250,-68.446175
882.812500,-62.167571
886.718750,-60.829516
890.625000,-60.703107
894.531250,-61.670502
898.437500,-60.266618
902.343750,-65.205778
906.250000,-72.900649
910.156250,-82.451858
914.062500,-68.279151
917.968750,-67.495398
921.875000,-68.334734
925.781250,-62.299932
929.687500,-65.334455
933.593750,-69.597125
937.500000,-66.136645
941.406250,-70.786463
945.312500,-74.363028
949.218750,-66.407272
953.125000,-60.923826
957.031250,-64.004067
960.937500,-65.857186
964.843750,-67.321461
968.750000,-75.885401
972.656250,-63.740492
976.562500,-58.410151
980.468750,-59.638735
984.375000,-63.466521
988.281250,-72.777688
992.187500,-77.004000
996.093750,-69.855574
1000.000000,-77.798426
1003.906250,-68.639679
1007.812500,-63.560374
1011.718750,-60.470821
1015.625000,-64.511117
1019.531250,-66.965607
1023.437500,-66.804878
1027.343750,-74.074629
1031.250000,-70.045993
1035.156250,-65.469244
1039.062500,-60.149119
1042.968750,-60.190382
1046.875000,-60.361307
1050.781250,-63.885757
1054.687500,-76.664645
1058.593750,-65.015998
1062.500000,-61.956063
1066.406250,-63.309162
1070.312500,-64.818822
1074.218750,-69.199132
1078.125000,-68.511039
1082.031250,-67.323804
1085.937500,-72.967612
1089.843750,-81.919995
1093.750000,-71.811161
1097.656250,-65.041451
1101.562500,-65.185171
1105.468750,-62.009702
1109.375000,-61.541643
1113.281250,-68.588909
1117.187500,-74.472261
1121.093750,-65.112618
1125.000000,-59.962874
1128.906250,-61.458725
1132.812500,-63.008715
1136.718750,-68.488142
1140.625000,-70.562617
1144.531250,-71.721520
1148.437500,-70.734267
1152.343750,-63.845814
1156.250000,-61.890227
1160.156250,-61.883025
1164.062500,-63.053987
1167.968750,-66.368125
1171.875000,-70.533633
1175.781250,-65.264009
1179.687500,-73.656417
1183.593750,-66.488715
1187.500000,-65.113288
1191.406250,-60.887198
1195.312500,-60.090286
1199.218750,-65.009867
1203.125000,-72.572775
1207.031250,-68.817388
1210.937500,-62.773682
1214.843750,-64.620014
1218.750000,-63.528559
1222.656250,-63.632489
1226.562500,-65.156877
1230.468750,-66.741970
1234.375000,-72.793144
1238.281250,-68.956921
1242.187500,-71.899590
1246.093750,-66.371143
1250.000000,-64.862583
1253.906250,-61.468456
1257.812500,-61.054381
1261.718750,-67.020127
1265.625000,-71.686638
1269.531250,-62.871469
1273.437500,-65.610321
1277.343750,-64.467408
1281.250000,-62.754447
1285.156250,-64.095607
1289.062500,-64.293522
1292.968750,-74.917729
1296.875000,-67.908309
1300.781250,-66.166421
1304.687500,-63.551821
1308.593750,-63.020277
1312.500000,-65.985918
1316.406250,-69.004818
1320.312500,-73.753909
1324.218750,-69.436736
1328.125000,-80.476146
1332.031250,-69.782657
1335.937500,-62.461555
1339.843750,-61.003204
1343.750000,-64.093937
1347.656250,-66.988073
1351.562500,-64.969612
1355.468750,-75.430583
1359.375000,-68.280394
1363.281250,-63.133156
1367.187500,-61.956542
1371.093750,-63.180271
1375.000000,-63.982769
1378.906250,-72.948209
1382.812500,-78.545081
1386.718750,-74.880386
1390.625000,-70.822958
1394.531250,-63.206385
1398.437500,-60.915815
1402.343750,-60.720389
1406.250000,-65.183571
1410.156250,-75.524888
1414.062500,-66.343441
1417.968750,-66.205073
1421.875000,-68.878551
1425.781250,-76.796557
1429.687500,-67.805989
1433.593750,-60.908949
1437.500000,-67.139053
1441.406250,-65.397660
1445.312500,-63.756086
1449.218750,-65.343244
1453.125000,-67.767333
1457.031250,-68.804441
1460.937500,-64.746619
1464.843750,-65.398556
1468.750000,-69.965853
1472.656250,-71.611166
1476.562500,-72.256081
1480.468750,-66.664935
1484.375000,-65.043765
1488.281250,-59.803950
1492.187500,-63.669493
1496.093750,-66.208572
1500.000000,-66.682539
1503.906250,-71.623829
1507.812500,-68.427389
1511.718750,-62.578792
1515.625000,-63.491853
1519.531250,-70.063594
1523.437500,-75.022599
1527.343750,-77.088166
1531.250000,-69.459789
1535.156250,-65.023141
1539.062500,-66.746311
1542.968750,-66.105023
1546.875000,-61.990341
1550.781250,-62.649076
1554.687500,-68.408903
1558.593750,-75.119062
1562.500000,-67.835726
1566.406250,-67.798713
1570.312500,-66.746414
1574.218750,-64.855606
1578.125000,-64.732823
1582.031250,-62.402689
1585.937500,-70.676625
1589.843750,-71.888581
1593.750000,-68.481483
1597.656250,-72.251800
1601.562500,-75.674936
1605.468750,-71.930217
1609.375000,-71.137681
1613.281250,-70.461087
1617.187500,-63.137238
1621.093750,-66.360552
1625.000000,-73.621987
1628.906250,-65.766493
1632.812500,-64.126261
1636.718750,-65.275063
1640.625000,-63.838134
1644.531250,-62.565401
1648.437500,-70.292474
1652.343750,-71.753497
1656.250000,-65.452631
1660.156250,-63.659569
1664.062500,-64.622742
1667.968750,-67.956786
1671.875000,-71.072557
1675.781250,-64.205299
1679.687500,-70.253795
1683.593750,-64.823093
1687.500000,-65.448198
1691.406250,-65.262893
1695.312500,-65.415145
1699.218750,-61.398291
1703.125000,-64.169569
1707.031250,-66.699696
1710.937500,-64.629142
1714.843750,-70.116752
1718.750000,-62.809322
1722.656250,-62.506556
1726.562500,-64.834449
1730.468750,-65.380662
1734.375000,-66.592800
1738.281250,-66.264657
1742.187500,-69.409266
1746.093750,-61.780970
1750.000000,-63.969038
1753.906250,-68.665518
1757.812500,-69.909521
1761.718750,-71.700854
1765.625000,-69.088528
1769.531250,-74.656262
1773.437500,-75.837928
1777.343750,-71.058757
1781.250000,-71.341972
1785.156250,-65.813283
1789.062500,-58.879133
1792.968750,-58.077871
1796.875000,-65.559012
1800.781250,-61.812469
1804.687500,-58.338757
1808.593750,-66.230339
1812.500000,-68.870055
1816.406250,-62.152215
1820.312500,-61.500916
1824.218750,-66.638661
1828.125000,-73.913922
1832.031250,-66.262465
1835.937500,-65.400116
1839.843750,-67.240502
1843.750000,-70.068349
1847.656250,-60.157868
1851.562500,-64.251589
1855.468750,-60.032692
1859.375000,-56.097679
1863.281250,-58.959134
1867.187500,-62.481418
1871.093750,-58.405185
1875.000000,-56.157023
1878.906250,-58.900268
1882.812500,-62.442723
1886.718750,-54.759611
1890.625000,-59.977555
1894.531250,-57.734345
1898.437500,-57.688158
1902.343750,-67.682061
1906.250000,-58.689300
1910.156250,-57.048669
1914.062500,-58.508597
1917.968750,-61.238412
1921.875000,-57.258897
1925.781250,-62.052359
1929.687500,-63.239033
1933.593750,-61.795405
1937.500000,-58.256894
1941.406250,-65.549102
1945.312500,-64.737973
1949.218750,-67.214741
1953.125000,-68.157982
1957.031250,-63.870000
1960.937500,-62.773296
1964.843750,-62.726242
1968.750000,-64.390816
1972.656250,-63.329502
1976.562500,-76.756598
1980.468750,-67.038765
1984.375000,-71.828164
1988.281250,-74.044346
1992.187500,-67.712533
1996.093750,-64.463147
2000.000000,-62.381232
2003.906250,-68.146677
2007.812500,-71.486686
2011.718750,-67.121276
2015.625000,-65.392357
2019.531250,-67.165301
2023.437500,-62.064260
2027.343750,-64.262902
2031.250000,-70.288268
2035.156250,-66.042125
2039.062500,-63.166825
2042.968750,-67.098561
2046.875000,-62.786963
2050.781250,-58.751325
2054.687500,-63.730133
2058.593750,-69.263551
2062.500000,-67.714168
2066.406250,-75.767774
2070.312500,-65.341096
2074.218750,-62.822585
2078.125000,-69.176983
2082.031250,-70.327100
2085.937500,-78.687654
2089.843750,-76.254631
2093.750000,-70.542655
2097.656250,-64.811977
2101.562500,-68.818170
2105.468750,-67.389904
2109.375000,-61.656792
2113.281250,-64.055236
2117.187500,-68.284339
2121.093750,-82.291066
2125.000000,-71.416447
2128.906250,-72.418210
2132.812500,-65.341555
2136.718750,-64.472417
2140.625000,-70.795342
2144.531250,-66.570297
2148.437500,-72.198343
2152.343750,-68.461603
2156.250000,-70.113361
2160.156250,-70.468146
2164.062500,-61.466256
2167.968750,-66.278826
2171.875000,-68.272881
2175.781250,-62.042913
2179.687500,-60.484412
2183.593750,-60.241593
2187.500000,-61.488920
2191.406250,-59.788659
2195.312500,-58.662717
2199.218750,-59.313591
2203.125000,-62.104211
2207.031250,-65.468945
2210.937500,-68.229402
2214.843750,-64.457683
2218.750000,-75.151817
2222.656250,-69.387465
2226.562500,-59.448341
2230.468750,-61.397647
2234.375000,-71.842779
2238.281250,-66.583504
2242.187500,-66.017098
2246.093750,-59.470968
2250.000000,-57.612379
2253.906250,-72.302133
2257.812500,-61.688861
2261.718750,-64.318629
2265.625000,-67.710156
2269.531250,-73.484462
2273.437500,-75.218729
2277.343750,-65.096787
2281.250000,-57.005289
2285.156250,-55.022944
2289.062500,-58.097835
2292.968750,-69.766984
2296.875000,-66.225393
2300.781250,-69.907777
2304.687500,-65.641503
2308.593750,-66.727058
2312.500000,-59.506417
2316.406250,-66.133812
2320.312500,-60.774301
2324.218750,-66.028006
2328.125000,-58.053044
2332.031250,-76.449958
2335.937500,-59.042440
2339.843750,-64.624933
2343.750000,-68.659305
2347.656250,-52.441843
2351.562500,-51.873333
2355.468750,-51.864097
2359.375000,-48.043727
2363.281250,-50.938870
2367.187500,-51.726819
2371.093750,-49.962076
2375.000000,-50.659840
2378.906250,-56.561296
2382.812500,-57.794931
2386.718750,-49.302682
2390.625000,-52.144895
2394.531250,-54.652951
2398.437500,-53.148404
2402.343750,-56.854746
2406.250000,-50.272165
2410.156250,-50.435479
2414.062500,-50.945402
2417.968750,-50.893363
2421.875000,-54.939813
2425.781250,-56.824295
2429.687500,-54.494019
2433.593750,-62.180718
2437.500000,-62.868233
2441.406250,-53.320025
2445.312500,-54.302468
2449.218750,-58.872244
2453.125000,-60.435120
2457.031250,-68.876771
2460.937500,-56.562812
2464.843750,-55.646801
2468.750000,-59.853457
2472.656250,-61.453287
2476.562500,-56.259929
2480.468750,-56.820115
2484.375000,-64.359833
2488.281250,-73.781050
2492.187500,-72.529099
2496.093750,-83.125607
2500.000000,-73.197608
2503.906250,-71.146092
2507.812500,-98.928284
2511.718750,-68.337004
2515.625000,-64.897187
2519.531250,-70.657286
2523.437500,-91.024605
2527.343750,-74.374309
2531.250000,-64.209965
2535.156250,-61.736926
2539.062500,-70.316990
2542.968750,-69.584746
2546.875000,-76.641359
2550.781250,-73.044450
2554.687500,-65.978959
2558.593750,-66.499115
2562.500000,-78.317387
2566.406250,-85.585094
2570.312500,-76.251133
2574.218750,-75.535973
2578.125000,-81.364368
2582.031250,-78.615927
2585.937500,-72.380995
2589.843750,-71.013545
2593.750000,-75.783791
2597.656250,-81.329571
2601.562500,-73.406092
2605.468750,-74.857611
2609.375000,-82.655892
2613.281250,-74.054260
2617.187500,-70.122503
2621.093750,-71.287513
2625.000000,-79.540752
2628.906250,-84.741784
2632.812500,-80.003668
2636.718750,-90.906911
2640.625000,-83.991856
2644.531250,-82.083530
2648.437500,-83.834089
2652.343750,-81.525523
2656.250000,-78.970887
2660.156250,-78.352978
2664.062500,-82.207606
2667.968750,-88.005746
2671.875000,-83.068269
2675.781250,-88.990755
2679.687500,-83.904966
2683.593750,-86.583060
2687.500000,-82.476703
2691.406250,-79.827763
2695.312500,-82.440882
2699.218750,-81.525337
2703.125000,-82.547840
2707.031250,-78.976873
2710.937500,-82.481608
2714.843750,-84.638839
2718.750000,-77.532749
2722.656250,-77.063194
2726.562500,-81.869980
2730.468750,-82.032777
2734.375000,-81.182189
2738.281250,-81.646521
2742.187500,-83.387228
2746.093750,-86.518762
2750.000000,-88.786368
2753.906250,-81.113980
2757.812500,-80.770071
2761.718750,-85.401345
2765.625000,-92.574300
2769.531250,-93.307473
2773.437500,-91.020686
2777.343750,-92.415112
2781.250000,-89.744341
2785.156250,-94.299498
2789.062500,-95.952359
2792.968750,-88.449222
2796.875000,-88.134622
2800.781250,-89.557050
2804.687500,-97.677742
2808.593750,-97.364907
2812.500000,-93.882521
2816.406250,-91.993447
2820.312500,-92.499553
2824.218750,-91.607792
2828.125000,-85.249196
2832.031250,-95.953624
2835.937500,-84.165549
2839.843750,-92.285904
2843.750000,-85.943556
2847.656250,-80.597441
2851.562500,-81.261641
2855.468750,-78.229174
2859.375000,-75.416717
2863.281250,-79.434687
2867.187500,-80.567558
2871.093750,-78.424527
2875.000000,-79.177711
2878.906250,-87.174886
2882.812500,-85.980061
2886.718750,-77.651655
2890.625000,-81.135475
2894.531250,-84.315769
2898.437500,-82.876001
2902.343750,-88.788029
2906.250000,-83.394024
2910.156250,-81.785016
2914.062500,-82.012411
2917.968750,-81.147256
2921.875000,-84.458953
2925.781250,-86.846407
2929.687500,-85.145196
2933.593750,-94.058726
2937.500000,-93.504763
2941.406250,-87.097338
2945.312500,-86.030828
2949.218750,-92.532469
2953.125000,-93.401731
2957.031250,-98.183758
2960.937500,-91.423386
2964.843750,-88.632037
2968.750000,-92.782728
2972.656250,-96.013074
2976.562500,-92.384755
2980.468750,-91.620154
2984.375000,-98.489798
2988.281250,-100.747820
2992.187500,-96.115223
2996.093750,-97.148856
3000.000000,-103.518808
3003.906250,-103.936062
3007.812500,-103.922518
3011.718750,-102.181676
3015.625000,-94.469124
3019.531250,-95.927926
3023.437500,-107.936395
3027.343750,-105.175804
3031.250000,-99.770068
3035.156250,-96.269130
3039.062500,-101.058264
3042.968750,-102.741367
3046.875000,-105.390672
3050.781250,-105.513064
3054.687500,-98.049727
3058.593750,-100.399062
3062.500000,-114.375020
3066.406250,-109.615193
3070.312500,-105.047797
3074.218750,-109.127273
3078.125000,-112.645467
3082.031250,-114.611439
3085.937500,-111.173427
3089.843750,-104.888449
3093.750000,-103.268609
3097.656250,-104.909063
3101.562500,-109.850727
3105.468750,-112.473093
3109.375000,-116.733952
3113.281250,-128.760323
3117.187500,-113.618697
3121.093750,-110.492372
3125.000000,-113.140504
3128.906250,-120.316224
3132.812500,-126.260610
3136.718750,-123.171623
3140.625000,-119.406160
3144.531250,-117.639934
3148.437500,-120.568955
3152.343750,-119.995843
3156.250000,-119.613413
3160.156250,-118.949084
3164.062500,-121.710559
3167.968750,-125.792249
3171.875000,-129.924503
3175.781250,-127.162015
3179.687500,-127.785454
3183.593750,-129.866770
3187.500000,-131.661736
3191.406250,-133.526648
3195.312500,-137.929828
3199.218750,-155.249659
3203.125000,-143.910746
3207.031250,-153.102161
3210.937500,-132.283790
3214.843750,-130.855750
3218.750000,-127.317684
3222.656250,-124.816340
3226.562500,-130.120342
3230.468750,-137.323007
3234.375000,-140.529456
3238.281250,-130.724010
3242.187500,-134.964187
3246.093750,-126.240155
3250.000000,-124.605014
3253.906250,-133.694312
3257.812500,-131.369441
3261.718750,-123.944509
3265.625000,-124.668881
3269.531250,-121.514078
3273.437500,-115.935424
3277.343750,-118.287984
3281.250000,-126.743569
3285.156250,-120.058200
3289.062500,-116.450325
3292.968750,-113.749158
3296.875000,-117.984898
3300.781250,-116.571430
3304.687500,-114.090022
3308.593750,-117.252242
3312.500000,-116.140346
3316.406250,-117.916703
3320.312500,-121.885961
3324.218750,-120.219561
3328.125000,-115.417899
3332.031250,-116.766079
3335.937500,-122.108358
3339.843750,-129.522280
3343.750000,-120.868376
3347.656250,-117.407060
3351.562500,-122.235173
3355.468750,-116.754398
3359.375000,-121.067661
3363.281250,-119.375002
3367.187500,-111.995865
3371.093750,-114.349151
3375.000000,-123.400392
3378.906250,-118.940728
3382.812500,-118.882993
3386.718750,-118.186149
3390.625000,-112.440475
3394.531250,-113.901296
3398.437500,-111.483806
3402.343750,-107.727222
3406.250000,-111.135474
3410.156250,-113.161646
3414.062500,-115.781173
3417.968750,-115.461487
3421.875000,-116.723286
3425.781250,-113.296656
3429.687500,-111.268016
3433.593750,-116.788181
3437.500000,-124.175923
3441.406250,-113.818143
3445.312500,-115.948052
3449.218750,-115.138530
3453.125000,-113.846305
3457.031250,-113.356636
3460.937500,-111.569142
3464.843750,-111.053496
3468.750000,-110.038858
3472.656250,-111.975382
3476.562500,-117.109077
3480.468750,-130.700963
3484.375000,-116.614880
3488.281250,-117.047658
3492.187500,-118.396800
3496.093750,-115.316979
3500.000000,-109.100295
3503.906250,-110.794508
3507.812500,-117.104432
3511.718750,-117.882692
3515.625000,-120.733942
3519.531250,-110.284524
3523.437500,-108.644714
3527.343750,-122.193082
3531.250000,-110.963772
3535.156250,-108.689417
3539.062500,-113.687306
3542.968750,-130.168887
3546.875000,-119.627663
3550.781250,-116.728049
3554.687500,-121.451244
3558.593750,-128.896608
3562.500000,-126.463536
3566.406250,-119.444982
3570.312500,-114.770417
3574.218750,-116.166794
3578.125000,-118.305629
3582.031250,-126.639414
3585.937500,-115.638700
3589.843750,-114.216044
3593.750000,-117.290888
3597.656250,-119.291460
3601.562500,-120.939429
3605.468750,-119.130334
3609.375000,-113.561795
3613.281250,-109.110174
3617.187500,-112.198174
3621.093750,-115.099972
3625.000000,-119.547018
3628.906250,-118.494318
3632.812500,-121.921825
3636.718750,-116.855128
3640.625000,-111.581035
3644.531250,-113.293376
3648.437500,-115.448883
3652.343750,-111.209389
3656.250000,-116.920674
3660.156250,-125.645499
3664.062500,-123.707295
3667.968750,-124.281918
3671.875000,-124.652320
3675.781250,-113.758833
3679.687500,-109.863325
3683.593750,-112.698110
3687.500000,-117.266988
3691.406250,-120.906580
3695.312500,-120.169186
3699.218750,-113.183122
3703.125000,-112.074118
3707.031250,-112.221871
3710.937500,-114.874910
3714.843750,-117.442098
3718.750000,-115.215819
3722.656250,-111.652892
3726.562500,-111.238628
3730.468750,-116.016872
3734.375000,-119.186303
3738.281250,-115.774072
3742.187500,-116.275576
3746.093750,-114.324294
3750.000000,-115.118174
3753.906250,-131.454360
3757.812500,-114.705627
3761.718750,-118.727715
3765.625000,-127.281174
3769.531250,-121.798648
3773.437500,-118.894004
3777.343750,-124.911676
3781.250000,-115.945790
3785.156250,-116.659584
3789.062500,-119.728298
3792.968750,-118.241820
3796.875000,-122.769400
3800.781250,-123.667048
3804.687500,-117.979312
3808.593750,-115.645188
3812.500000,-125.152494
3816.406250,-120.210257
3820.312500,-121.473788
3824.218750,-118.201382
3828.125000,-112.202322
3832.031250,-114.813231
3835.937500,-127.510876
3839.843750,-125.464181
3843.750000,-116.208081
3847.656250,-113.507192
3851.562500,-112.691704
3855.468750,-111.575381
3859.375000,-108.261686
3863.281250,-111.121862
3867.187500,-111.188497
3871.093750,-111.278975
3875.000000,-113.455922
3878.906250,-118.058744
3882.812500,-122.325176
3886.718750,-112.412933
3890.625000,-115.575452
3894.531250,-130.204604
3898.437500,-120.402828
3902.343750,-119.756800
3906.250000,-121.439352
3910.156250,-122.280123
3914.062500,-117.224600
3917.968750,-115.780426
3921.875000,-117.895365
3925.781250,-118.674951
3929.687500,-126.336286
3933.593750,-125.934772
3937.500000,-131.779932
3941.406250,-121.201044
3945.312500,-122.331364
3949.218750,-124.807429
3953.125000,-128.362100
3957.031250,-133.162358
3960.937500,-138.166013
3964.843750,-129.637745
3968.750000,-127.908300
3972.656250,-131.488657
3976.562500,-149.149921
3980.468750,-144.969109
3984.375000,-144.586914
3988.281250,-143.011337
3992.187500,-147.934279
3996.093750,-153.497424
4000.000000,-193.674392
4003.906250,-148.067010
4007.812500,-149.508552
4011.718750,-143.488932
4015.625000,-134.505494
4019.531250,-137.037224
4023.437500,-139.812131
4027.343750,-134.296127
4031.250000,-126.106998
4035.156250,-131.724515
4039.062500,-134.198322
4042.968750,-140.406837
4046.875000,-127.947761
4050.781250,-133.334161
4054.687500,-125.577533
4058.593750,-126.890840
4062.500000,-128.820493
4066.406250,-124.483588
4070.312500,-122.651849
4074.218750,-124.370681
4078.125000,-121.652011
4082.031250,-122.099614
4085.937500,-125.211339
4089.843750,-129.165116
4093.750000,-127.361069
4097.656250,-128.855144
4101.562500,-126.077819
4105.468750,-120.919740
4109.375000,-129.704822
4113.281250,-124.636987
4117.187500,-135.227460
4121.093750,-116.630672
4125.000000,-117.320731
4128.906250,-120.141267
4132.812500,-119.262145
4136.718750,-123.081301
4140.625000,-131.664622
4144.531250,-127.828894
4148.437500,-122.518519
4152.343750,-118.760152
4156.250000,-119.427286
4160.156250,-126.066038
4164.062500,-129.172115
4167.968750,-127.304864
4171.875000,-120.166350
4175.781250,-118.282055
4179.687500,-116.514331
4183.593750,-119.391862
4187.500000,-127.168593
4191.406250,-123.297212
4195.312500,-122.589073
4199.218750,-126.301751
4203.125000,-121.523122
4207.031250,-116.432565
4210.937500,-116.770421
4214.843750,-116.463648
4218.750000,-113.068927
4222.656250,-111.967090
4226.562500,-115.914351
4230.468750,-120.430245
4234.375000,-114.397316
4238.281250,-113.948176
4242.187500,-120.819856
4246.093750,-112.875438
4250.000000,-118.713123
4253.906250,-117.150948
4257.812500,-112.263036
4261.718750,-110.126149
4265.625000,-109.194963
4269.531250,-110.280296
4273.437500,-110.328126
4277.343750,-115.776692
4281.250000,-112.587432
4285.156250,-111.851867
4289.062500,-121.754675
4292.968750,-122.827560
4296.875000,-121.814917
4300.781250,-121.240271
4304.687500,-114.407106
4308.593750,-116.760538
4312.500000,-116.713534
4316.406250,-135.678701
4320.312500,-111.089580
4324.218750,-108.907310
4328.125000,-108.447446
4332.031250,-115.766880
4335.937500,-114.903197
4339.843750,-124.005463
4343.750000,-112.067938
4347.656250,-118.705069
4351.562500,-111.256622
4355.468750,-111.858086
4359.375000,-110.791646
4363.281250,-126.785878
4367.187500,-108.896140
4371.093750,-112.607679
4375.000000,-108.881530
4378.906250,-117.712403
4382.812500,-112.436632
4386.718750,-112.069960
4390.625000,-113.252285
4394.531250,-120.018834
4398.437500,-115.044110
4402.343750,-113.042030
4406.250000,-108.608728
4410.156250,-111.621616
4414.062500,-115.429689
4417.968750,-113.485003
4421.875000,-112.413577
4425.781250,-113.044295
4429.687500,-106.029068
4433.593750,-116.508529
4437.500000,-115.647022
4441.406250,-103.796864
4445.312500,-100.975730
4449.218750,-108.086199
4453.125000,-114.327509
4457.031250,-109.203545
4460.937500,-111.497246
4464.843750,-104.995620
4468.750000,-105.573686
4472.656250,-121.542925
4476.562500,-110.700615
4480.468750,-119.922970
4484.375000,-133.547386
4488.281250,-115.734669
4492.187500,-115.477582
4496.093750,-121.232726
4500.000000,-111.733458
4503.906250,-118.024656
4507.812500,-102.989366
4511.718750,-101.126104
4515.625000,-103.013908
4519.531250,-103.544424
4523.437500,-108.606710
4527.343750,-108.330206
4531.250000,-112.593815
4535.156250,-113.024863
4539.062500,-111.495818
4542.968750,-104.593906
4546.875000,-99.900286
4550.781250,-107.155921
4554.687500,-106.701008
4558.593750,-116.211417
4562.500000,-119.613611
4566.406250,-117.970993
4570.312500,-120.569723
4574.218750,-117.777971
4578.125000,-109.211314
4582.031250,-104.672621
4585.937500,-107.171669
4589.843750,-107.725271
4593.750000,-108.908948
4597.656250,-107.586143
4601.562500,-107.623451
4605.468750,-104.382732
4609.375000,-107.105176
4613.281250,-115.038745
4617.187500,-113.505818
4621.093750,-105.991699
4625.000000,-104.204028
4628.906250,-105.181967
4632.812500,-107.723599
4636.718750,-112.493745
4640.625000,-112.924431
4644.531250,-108.473449
4648.437500,-111.417102
4652.343750,-108.309195
4656.250000,-102.906310
4660.156250,-104.221692
4664.062500,-112.627026
4667.968750,-103.887675
4671.875000,-108.492051
4675.781250,-112.638369
4679.687500,-103.358179
4683.593750,-101.289870
4687.500000,-106.307795
4691.406250,-111.014317
4695.312500,-110.956514
4699.218750,-115.342431
4703.125000,-114.631561
4707.031250,-105.844672
4710.937500,-108.496252
4714.843750,-99.922617
4718.750000,-102.256839
4722.656250,-111.884249
4726.562500,-110.611141
4730.468750,-121.412767
4734.375000,-103.335456
4738.281250,-102.553626
4742.187500,-125.417352
4746.093750,-109.574294
4750.000000,-111.573841
4753.906250,-102.403421
4757.812500,-98.241999
4761.718750,-104.069290
4765.625000,-108.725826
4769.531250,-113.292200
4773.437500,-108.285835
4777.343750,-101.614695
4781.250000,-101.933987
4785.156250,-109.994749
4789.062500,-102.750284
4792.968750,-106.653794
4796.875000,-119.028576
4800.781250,-109.217752
4804.687500,-105.415439
4808.593750,-118.486455
4812.500000,-107.516428
4816.406250,-104.087889
4820.312500,-104.467678
4824.218750,-108.718497
4828.125000,-107.970630
4832.031250,-107.077869
4835.937500,-121.682979
4839.843750,-107.638539
4843.750000,-114.482078
4847.656250,-104.202182
4851.562500,-101.523752
4855.468750,-118.222277
4859.375000,-105.877518
4863.281250,-113.301759
4867.187500,-103.989691
4871.093750,-96.671842
4875.000000,-98.239597
4878.906250,-99.369835
4882.812500,-98.269112
4886.718750,-96.702785
4890.625000,-101.407811
4894.531250,-110.442529
4898.437500,-105.564933
4902.343750,-99.776445
4906.250000,-99.345053
4910.156250,-104.235885
4914.062500,-100.903681
4917.968750,-107.171029
4921.875000,-99.318679
4925.781250,-97.054837
4929.687500,-101.952960
4933.593750,-102.505393
4937.500000,-99.875200
4941.406250,-96.557049
4945.312500,-101.677953
4949.218750,-102.378234
4953.125000,-105.197079
4957.031250,-102.770443
4960.937500,-102.443410
4964.843750,-102.368820
4968.750000,-102.773878
4972.656250,-108.341174
4976.562500,-118.911600
4980.468750,-109.160418
4984.375000,-103.293421
4988.281250,-111.867596
4992.187500,-103.215304
4996.093750,-104.476870
5000.000000,-111.102710
5003.906250,-104.581874
5007.812500,-100.714333
5011.718750,-97.515941
5015.625000,-95.435875
5019.531250,-97.061547
5023.437500,-105.117431
5027.343750,-110.514913
5031.250000,-103.807192
5035.156250,-102.630650
5039.062500,-106.755526
5042.968750,-103.839326
5046.875000,-105.355310
5050.781250,-114.584870
5054.687500,-120.484066
5058.593750,-109.907068
5062.500000,-107.396306
5066.406250,-104.976465
5070.312500,-125.647592
5074.218750,-110.729030
5078.125000,-109.494149
5082.031250,-107.361639
5085.937500,-111.600965
5089.843750,-105.605304
5093.750000,-99.385179
5097.656250,-100.189948
5101.562500,-102.922697
5105.468750,-101.378500
5109.375000,-103.084744
5113.281250,-110.114875
5117.187500,-105.229932
5121.093750,-98.985259
5125.000000,-100.580880
5128.906250,-101.311583
5132.812500,-108.598254
5136.718750,-100.223856
5140.625000,-98.517803
5144.531250,-103.503803
5148.437500,-100.358681
5152.343750,-100.612159
5156.250000,-105.368658
5160.156250,-105.044605
5164.062500,-105.631866
5167.968750,-104.840302
5171.875000,-103.159564
5175.781250,-116.186436
5179.687500,-99.738181
5183.593750,-97.413602
5187.500000,-104.081515
5191.406250,-105.649063
5195.312500,-102.687747
5199.218750,-110.911052
5203.125000,-110.087246
5207.031250,-111.233660
5210.937500,-100.996140
5214.843750,-97.453932
5218.750000,-108.270134
5222.656250,-103.544933
5226.562500,-115.645550
5230.468750,-106.696014
5234.375000,-111.171513
5238.281250,-101.965058
5242.187500,-124.600984
5246.093750,-104.309137
5250.000000,-103.083119
5253.906250,-105.296145
5257.812500,-106.504118
5261.718750,-103.528616
5265.625000,-115.289190
5269.531250,-110.949189
5273.437500,-113.914442
5277.343750,-117.636050
5281.250000,-114.778540
5285.156250,-107.750668
5289.062500,-104.163976
5292.968750,-110.415506
5296.875000,-102.672153
5300.781250,-100.108129
5304.687500,-105.951583
5308.593750,-115.479156
5312.500000,-110.028002
5316.406250,-105.026710
5320.312500,-110.287034
5324.218750,-105.856131
5328.125000,-102.550701
5332.031250,-101.347693
5335.937500,-102.820800
5339.843750,-112.863131
5343.750000,-103.568870
5347.656250,-108.384551
5351.562500,-113.225335
5355.468750,-111.077190
5359.375000,-121.774078
5363.281250,-118.256185
5367.187500,-110.635834
5371.093750,-105.587055
5375.000000,-107.683265
5378.906250,-109.895563
5382.812500,-107.704807
5386.718750,-126.820028
5390.625000,-114.289439
5394.531250,-106.808606
5398.437500,-109.834225
5402.343750,-111.745301
5406.250000,-108.184855
5410.156250,-102.443241
5414.062500,-109.988289
5417.968750,-104.552930
5421.875000,-109.340243
5425.781250,-115.260776
5429.687500,-107.277344
5433.593750,-106.748356
5437.500000,-117.162987
5441.406250,-112.200659
5445.312500,-104.517544
5449.218750,-110.359600
5453.125000,-118.037864
5457.031250,-111.652130
5460.937500,-103.312717
5464.843750,-101.118697
5468.750000,-103.605625
5472.656250,-102.160753
5476.562500,-106.694947
5480.468750,-115.145301
5484.375000,-105.596631
5488.281250,-106.331013
5492.187500,-101.426392
5496.093750,-103.751442
5500.000000,-116.846553
5503.906250,-105.520845
5507.812500,-101.732940
5511.718750,-100.258043
5515.625000,-100.535978
5519.531250,-102.572273
5523.437500,-102.049249
5527.343750,-105.684109
5531.250000,-95.852404
5535.156250,-99.070009
5539.062500,-108.814376
5542.968750,-100.046267
5546.875000,-103.601137
5550.781250,-103.328227
5554.687500,-97.878930
5558.593750,-102.943129
5562.500000,-112.681373
5566.406250,-101.982885
5570.312500,-100.407635
5574.218750,-110.375766
5578.125000,-101.923451
5582.031250,-105.120715
5585.937500,-109.888274
5589.843750,-104.670306
5593.750000,-102.104016
5597.656250,-102.443593
5601.562500,-98.790223
5605.468750,-96.390969
5609.375000,-99.575462
5613.281250,-101.574082
5617.187500,-108.422951
5621.093750,-100.468518
5625.000000,-97.414061
5628.906250,-97.498721
5632.812500,-102.192955
5636.718750,-103.561057
5640.625000,-99.055332
5644.531250,-100.786318
5648.437500,-104.243378
5652.343750,-100.035731
5656.250000,-100.374452
5660.156250,-106.523956
5664.062500,-121.303513
5667.968750,-104.089407
5671.875000,-103.733736
5675.781250,-112.386275
5679.687500,-107.094309
5683.593750,-102.489768
5687.500000,-109.340069
5691.406250,-112.210326
5695.312500,-112.405561
5699.218750,-104.955492
5703.125000,-101.022559
5707.031250,-103.805644
5710.937500,-99.616731
5714.843750,-97.733967
5718.750000,-99.317811
5722.656250,-98.354284
5726.562500,-102.133630
5730.468750,-109.236777
5734.375000,-110.049887
5738.281250,-111.418568
5742.187500,-109.601417
5746.093750,-105.341313
5750.000000,-104.985865
5753.906250,-102.708319
5757.812500,-107.789827
5761.718750,-104.886580
5765.625000,-104.006518
5769.531250,-106.854914
5773.437500,-111.234770
5777.343750,-110.247429
5781.250000,-110.474260
5785.156250,-110.456550
5789.062500,-108.959261
5792.968750,-111.417822
5796.875000,-104.179396
5800.781250,-107.137534
5804.687500,-112.272482
5808.593750,-111.416662
5812.500000,-105.676164
5816.406250,-108.815710
5820.312500,-122.582028
5824.218750,-114.536241
5828.125000,-116.843802
5832.031250,-107.951285
5835.937500,-105.668428
5839.843750,-106.732315
5843.750000,-111.366519
5847.656250,-106.968885
5851.562500,-101.975650
5855.468750,-107.861742
5859.375000,-121.955375
5863.281250,-127.301440
5867.187500,-118.714929
5871.093750,-118.556800
5875.000000,-114.004629
5878.906250,-109.630872
5882.812500,-103.082135
5886.718750,-103.507790
5890.625000,-110.272961
5894.531250,-119.372640
5898.437500,-108.243009
5902.343750,-106.051731
5906.250000,-119.153791
5910.156250,-107.412881
5914.062500,-106.135225
5917.968750,-117.284172
5921.875000,-109.317167
5925.781250,-133.332893
5929.687500,-109.897209
5933.593750,-114.139071
5937.500000,-111.042569
5941.406250,-115.910387
5945.312500,-107.767627
5949.218750,-108.389387
5953.125000,-108.098995
5957.031250,-112.316729
5960.937500,-119.588281
5964.843750,-114.135054
5968.750000,-108.530915
5972.656250,-108.574899
5976.562500,-127.411552
5980.468750,-112.714898
5984.375000,-118.957268
5988.281250,-111.940843
5992.187500,-107.155905
5996.093750,-106.114512
6000.000000,-110.540455
6003.906250,-114.150121
6007.812500,-112.876366
6011.718750,-115.042425
6015.625000,-113.700955
6019.531250,-112.604308
6023.437500,-123.661134
6027.343750,-109.310363
6031.250000,-106.062496
6035.156250,-112.228215
6039.062500,-115.189402
6042.968750,-109.057342
6046.875000,-107.372469
6050.781250,-113.474688
6054.687500,-108.537576
6058.593750,-111.566026
6062.500000,-118.611550
6066.406250,-111.805338
6070.312500,-108.150708
6074.218750,-117.012879
6078.125000,-111.977295
6082.031250,-117.604355
6085.937500,-120.953567
6089.843750,-112.470763
6093.750000,-109.219134
6097.656250,-113.190439
6101.562500,-126.989479
6105.468750,-114.580707
6109.375000,-117.934722
6113.281250,-120.689807
6117.187500,-114.649418
6121.093750,-111.202884
6125.000000,-107.619606
6128.906250,-108.528364
6132.812500,-115.831111
6136.718750,-111.344646
6140.625000,-111.574425
6144.531250,-119.459657
6148.437500,-122.248756
6152.343750,-113.124814
6156.250000,-111.719461
6160.156250,-113.266451
6164.062500,-117.447465
6167.968750,-117.172269
6171.875000,-119.104149
6175.781250,-127.033514
6179.687500,-114.206030
6183.593750,-110.914675
6187.500000,-118.549488
6191.406250,-117.878558
6195.312500,-113.792370
6199.218750,-128.208724
6203.125000,-113.299430
6207.031250,-112.586613
6210.937500,-118.528564
6214.843750,-116.576609
6218.750000,-117.421589
6222.656250,-112.966898
6226.562500,-123.225071
6230.468750,-127.754862
6234.375000,-123.775309
6238.281250,-123.313935
6242.187500,-119.000797
6246.093750,-122.530028
6250.000000,-118.510701
6253.906250,-118.261833
6257.812500,-139.662850
6261.718750,-123.345173
6265.625000,-122.667648
6269.531250,-128.165150
6273.437500,-134.691306
6277.343750,-119.753654
6281.250000,-119.407183
6285.156250,-130.908435
6289.062500,-122.498946
6292.968750,-121.027745
6296.875000,-119.505490
6300.781250,-125.223234
6304.687500,-141.540018
6308.593750,-123.092748
6312.500000,-123.212271
6316.406250,-128.195663
6320.312500,-121.233643
6324.218750,-129.753259
6328.125000,-127.610812
6332.031250,-126.685760
6335.937500,-122.158992
6339.843750,-127.185271
6343.750000,-144.604356
6347.656250,-134.589899
6351.562500,-130.585949
6355.468750,-128.981967
6359.375000,-129.491620
6363.281250,-136.160045
6367.187500,-128.922461
6371.093750,-128.153808
6375.000000,-134.248003
6378.906250,-151.726567
6382.812500,-164.478599
6386.718750,-146.307941
6390.625000,-154.869658
6394.531250,-151.400502
6398.437500,-158.699814
6402.343750,-166.197466
6406.250000,-148.694288
6410.156250,-143.569768
6414.062500,-146.996770
6417.968750,-152.505760
6421.875000,-141.130849
6425.781250,-139.758851
6429.687500,-144.428062
6433.593750,-138.915713
6437.500000,-131.399031
6441.406250,-131.371158
6445.312500,-134.324713
6449.218750,-139.144938
6453.125000,-134.556440
6457.031250,-129.140473
6460.937500,-133.246550
6464.843750,-128.055842
6468.750000,-128.613617
6472.656250,-140.348325
6476.562500,-123.764573
6480.468750,-123.114668
6484.375000,-134.065465
6488.281250,-126.255460
6492.187500,-128.832154
6496.093750,-129.846960
6500.000000,-125.940630
6503.906250,-129.366199
6507.812500,-124.390868
6511.718750,-122.762038
6515.625000,-120.765998
6519.531250,-119.346584
6523.437500,-122.160275
6527.343750,-130.159577
6531.250000,-124.165006
6535.156250,-120.385280
6539.062500,-126.125229
6542.968750,-125.573572
6546.875000,-121.382125
6550.781250,-127.470951
6554.687500,-120.767519
6558.593750,-125.823543
6562.500000,-129.753035
6566.406250,-122.592255
6570.312500,-125.254125
6574.218750,-123.742144
6578.125000,-117.159500
6582.031250,-115.482971
6585.937500,-121.249595
6589.843750,-127.446007
6593.750000,-123.415621
6597.656250,-119.625452
6601.562500,-119.049875
6605.468750,-123.424867
6609.375000,-122.526209
6613.281250,-121.049724
6617.187500,-123.579723
6621.093750,-119.059868
6625.000000,-123.872742
6628.906250,-122.849043
6632.812500,-117.772473
6636.718750,-112.996560
6640.625000,-116.571492
6644.531250,-127.554063
6648.437500,-115.273177
6652.343750,-113.688791
6656.250000,-114.396884
6660.156250,-121.458311
6664.062500,-117.831422
6667.968750,-117.895817
6671.875000,-122.179430
6675.781250,-121.629551
6679.687500,-113.176035
6683.593750,-115.177610
6687.500000,-118.785031
6691.406250,-112.734027
6695.312500,-114.811012
6699.218750,-117.237536
6703.125000,-123.100761
6707.031250,-119.860813
6710.937500,-114.888516
6714.843750,-108.863873
6718.750000,-113.413418
6722.656250,-126.617784
6726.562500,-126.954779
6730.468750,-118.928876
6734.375000,-112.103315
6738.281250,-113.719920
6742.187500,-124.517095
6746.093750,-120.405135
6750.000000,-115.456691
6753.906250,-112.501549
6757.812500,-111.720810
6761.718750,-111.300120
6765.625000,-112.513065
6769.531250,-111.365537
6773.437500,-113.110510
6777.343750,-113.039317
6781.250000,-112.860384
6785.156250,-116.692503
6789.062500,-117.725470
6792.968750,-111.907356
6796.875000,-110.753713
6800.781250,-120.334328
6804.687500,-117.714913
6808.593750,-119.232041
6812.500000,-113.903138
6816.406250,-115.605106
6820.312500,-110.368900
6824.218750,-111.760032
6828.125000,-121.763954
6832.031250,-114.765706
6835.937500,-114.866978
6839.843750,-114.885424
6843.750000,-113.122876
6847.656250,-120.863568
6851.562500,-125.093615
6855.468750,-130.859503
6859.375000,-117.102165
6863.281250,-113.311292
6867.187500,-115.099660
6871.093750,-115.257975
6875.000000,-110.438077
6878.906250,-109.930791
6882.812500,-127.031900
6886.718750,-112.153321
6890.625000,-117.276294
6894.531250,-121.538572
6898.437500,-140.083282
6902.343750,-117.330103
6906.250000,-114.543061
6910.156250,-111.154705
6914.062500,-115.074612
6917.968750,-112.399862
6921.875000,-109.718626
6925.781250,-110.193118
6929.687500,-116.451026
6933.593750,-115.893790
6937.500000,-115.519749
6941.406250,-123.886678
6945.312500,-120.298254
6949.218750,-121.983518
6953.125000,-135.825991
6957.031250,-116.674300
6960.937500,-110.345326
6964.843750,-107.488375
6968.750000,-108.485093
6972.656250,-111.611448
6976.562500,-108.663571
6980.468750,-109.433180
6984.375000,-115.648534
6988.281250,-112.026481
6992.187500,-110.869337
6996.093750,-114.555753
7000.000000,-115.101112
7003.906250,-110.094622
7007.812500,-115.929309
7011.718750,-107.287026
7015.625000,-113.778809
7019.531250,-113.577446
7023.437500,-115.707803
7027.343750,-114.226661
7031.250000,-111.227767
7035.156250,-112.400406
7039.062500,-110.289467
7042.968750,-116.650992
7046.875000,-115.518105
7050.781250,-113.559494
7054.687500,-123.962372
7058.593750,-111.784726
7062.500000,-118.602353
7066.406250,-118.658985
7070.312500,-122.315069
7074.218750,-109.577341
7078.125000,-107.974783
7082.031250,-110.319523
7085.937500,-113.451946
7089.843750,-117.529677
7093.750000,-118.391425
7097.656250,-112.380781
7101.562500,-110.733946
7105.468750,-116.011371
7109.375000,-112.703394
7113.281250,-111.091678
7117.187500,-118.107102
7121.093750,-122.138885
7125.000000,-117.330321
7128.906250,-114.876270
7132.812500,-113.588904
7136.718750,-108.272175
7140.625000,-107.600966
7144.531250,-112.761699
7148.437500,-111.786508
7152.343750,-106.472027
7156.250000,-108.526250
7160.156250,-115.715228
7164.062500,-117.773029
7167.968750,-110.806543
7171.875000,-114.089075
7175.781250,-122.100402
7179.687500,-115.014219
7183.593750,-110.189849
7187.500000,-110.421302
7191.406250,-116.253456
7195.312500,-119.847972
7199.218750,-118.097518
7203.125000,-121.012974
7207.031250,-122.593947
7210.937500,-109.703761
7214.843750,-103.845886
7218.750000,-103.306614
7222.656250,-106.996161
7226.562500,-107.738270
7230.468750,-106.874916
7234.375000,-109.362146
7238.281250,-115.240403
7242.187500,-108.592137
7246.093750,-107.534338
7250.000000,-114.259161
7253.906250,-119.839057
7257.812500,-110.963668
7261.718750,-103.636998
7265.625000,-103.335087
7269.531250,-109.575532
7273.437500,-110.770315
7277.343750,-106.407489
7281.250000,-107.170299
7285.156250,-118.852225
7289.062500,-126.750921
7292.968750,-116.748398
7296.875000,-132.383185
7300.781250,-113.316493
7304.687500,-109.299210
7308.593750,-110.195914
7312.500000,-125.859643
7316.406250,-108.658252
7320.312500,-111.187358
7324.218750,-109.330584
7328.125000,-108.870324
7332.031250,-108.423625
7335.937500,-107.100037
7339.843750,-115.933957
7343.750000,-121.892925
7347.656250,-118.596050
7351.562500,-115.474679
7355.468750,-123.352315
7359.375000,-112.689990
7363.281250,-110.097323
7367.187500,-110.554247
7371.093750,-113.124865
7375.000000,-115.801052
7378.906250,-131.672397
7382.812500,-106.844544
7386.718750,-105.212210
7390.625000,-111.271571
7394.531250,-119.435972
7398.437500,-110.091465
7402.343750,-111.042459
7406.250000,-125.085679
7410.156250,-118.165438
7414.062500,-118.271271
7417.968750,-128.119241
7421.875000,-114.032986
7425.781250,-115.362287
7429.687500,-118.405611
7433.593750,-109.060330
7437.500000,-107.960735
7441.406250,-118.988013
7445.312500,-117.214654
7449.218750,-130.283781
7453.125000,-118.768646
7457.031250,-117.260641
7460.937500,-124.663984
7464.843750,-117.515414
7468.750000,-123.673762
7472.656250,-113.048120
7476.562500,-108.866656
7480.468750,-110.581786
7484.375000,-118.306381
7488.281250,-114.309024
7492.187500,-126.147396
7496.093750,-107.707457
7500.000000,-106.853263
7503.906250,-111.981918
7507.812500,-122.292500
7511.718750,-116.993718
7515.625000,-115.520488
7519.531250,-114.815903
7523.437500,-113.768717
7527.343750,-126.296063
7531.250000,-125.359032
7535.156250,-113.806799
7539.062500,-109.006133
7542.968750,-113.654597
7546.875000,-110.880868
7550.781250,-109.427787
7554.687500,-114.684546
7558.593750,-118.525062
7562.500000,-111.878510
7566.406250,-117.533178
7570.312500,-109.140814
7574.218750,-110.556477
7578.125000,-122.283790
7582.031250,-114.658807
7585.937500,-122.841198
7589.843750,-118.580418
7593.750000,-118.317612
7597.656250,-119.072850
7601.562500,-112.675386
7605.468750,-117.351439
7609.375000,-117.691353
7613.281250,-112.063609
7617.187500,-110.082805
7621.093750,-109.772276
7625.000000,-114.989604
7628.906250,-121.824975
7632.812500,-123.253488
7636.718750,-112.473860
7640.625000,-110.660907
7644.531250,-114.601119
7648.437500,-111.287145
7652.343750,-107.679957
7656.250000,-111.782340
7660.156250,-118.551607
7664.062500,-118.238843
7667.968750,-123.624500
7671.875000,-133.201800
7675.781250,-118.718667
7679.687500,-110.714699
7683.593750,-107.925813
7687.500000,-111.408070
7691.406250,-121.651359
7695.312500,-115.642572
7699.218750,-129.810175
7703.125000,-125.743134
7707.031250,-120.217525
7710.937500,-115.911424
7714.843750,-112.028513
7718.750000,-111.659157
7722.656250,-117.381096
7726.562500,-115.819895
7730.468750,-118.707165
7734.375000,-134.129439
7738.281250,-122.485286
7742.187500,-113.403580
7746.093750,-112.091271
7750.000000,-119.560363
7753.906250,-127.612299
7757.812500,-130.193216
7761.718750,-119.943117
7765.625000,-117.434221
7769.531250,-120.067852
7773.437500,-116.307914
7777.343750,-115.956327
7781.250000,-118.134341
7785.156250,-123.742888
7789.062500,-138.461095
7792.968750,-130.859009
7796.875000,-127.510905
7800.781250,-119.932217
7804.687500,-117.442201
7808.593750,-123.556172
7812.500000,-121.059097
7816.406250,-115.246074
7820.312500,-120.673756
7824.218750,-119.164625
7828.125000,-115.783890
7832.031250,-118.730865
7835.937500,-117.438154
7839.843750,-119.991936
7843.750000,-126.869214
7847.656250,-132.844847
7851.562500,-132.015336
7855.468750,-134.743957
7859.375000,-130.802721
7863.281250,-128.347528
7867.187500,-125.714152
7871.093750,-135.877342
7875.000000,-124.581609
7878.906250,-125.181367
7882.812500,-128.191460
7886.718750,-119.903878
7890.625000,-119.239787
7894.531250,-125.690147
7898.437500,-125.034010
7902.343750,-124.118675
7906.250000,-121.931541
7910.156250,-127.676893
7914.062500,-130.060811
7917.968750,-129.013038
7921.875000,-126.680324
7925.781250,-124.025609
7929.687500,-146.019116
7933.593750,-127.080926
7937.500000,-125.582993
7941.406250,-132.106150
7945.312500,-127.223351
7949.218750,-129.829792
7953.125000,-136.948243
7957.031250,-130.717269
7960.937500,-132.982930
7964.843750,-138.820822
7968.750000,-141.991712
7972.656250,-146.353037
7976.562500,-143.933693
7980.468750,-148.575049
7984.375000,-149.281282
7988.281250,-147.741882
7992.187500,-148.483029
7996.093750,-153.730533
