-24000.000000,-192.925099
-23988.281250,-115.531352
-23976.562500,-113.461590
-23964.843750,-110.423880
-23953.125000,-101.886505
-23941.406250,-108.425264
-23929.687500,-101.665368
-23917.968750,-102.357119
-23906.250000,-104.883291
-23894.531250,-101.449805
-23882.812500,-98.165520
-23871.093750,-95.202278
-23859.375000,-94.473733
-23847.656250,-92.140828
-23835.937500,-89.823009
-23824.218750,-95.334274
-23812.500000,-103.468686
-23800.781250,-97.445956
-23789.062500,-88.000630
-23777.343750,-86.816661
-23765.625000,-90.737797
-23753.906250,-93.332482
-23742.187500,-89.022257
-23730.468750,-89.921411
-23718.750000,-96.212883
-23707.031250,-98.278867
-23695.312500,-89.037227
-23683.593750,-86.586999
-23671.875000,-79.643915
-23660.156250,-79.896687
-23648.437500,-80.069402
-23636.718750,-82.753559
-23625.000000,-108.050791
-23613.281250,-82.952641
-23601.562500,-80.959580
-23589.843750,-82.827927
-23578.125000,-89.964589
-23566.406250,-90.511743
-23554.687500,-82.455972
-23542.968750,-82.073553
-23531.250000,-87.241621
-23519.531250,-84.608987
-23507.812500,-90.285366
-23496.093750,-91.148187
-23484.375000,-85.527693
-23472.656250,-82.573275
-23460.937500,-87.472961
-23449.218750,-82.949560
-23437.500000,-81.431699
-23425.781250,-91.803969
-23414.062500,-80.272950
-23402.343750,-78.930252
-23390.625000,-81.236601
-23378.906250,-81.087093
-23367.187500,-77.284273
-23355.468750,-74.742674
-23343.750000,-78.149912
-23332.031250,-78.372133
-23320.312500,-89.973850
-23308.593750,-83.285418
-23296.875000,-86.724558
-23285.156250,-80.762621
-23273.437500,-79.880810
-23261.718750,-78.322163
-23250.000000,-80.509044
-23238.281250,-90.865760
-23226.562500,-94.072693
-23214.843750,-75.994607
-23203.125000,-72.244802
-23191.406250,-75.128993
-23179.687500,-83.520608
-23167.968750,-87.578965
-23156.250000,-80.581494
-23144.531250,-77.085539
-23132.812500,-79.495036
-23121.093750,-90.542203
-23109.375000,-75.516585
-23097.656250,-73.881171
-23085.937500,-74.906281
-23074.218750,-76.848861
-23062.500000,-79.493641
-23050.781250,-75.468884
-23039.062500,-76.576891
-23027.343750,-84.342997
-23015.625000,-107.187952
-23003.906250,-75.378326
-22992.187500,-73.617551
-22980.468750,-89.874469
-22968.750000,-84.875236
-22957.031250,-80.729064
-22945.312500,-80.429679
-22933.593750,-74.655819
-22921.875000,-78.978549
-22910.156250,-78.548340
-22898.437500,-77.586962
-22886.718750,-79.426859
-22875.000000,-74.006074
-22863.281250,-72.564102
-22851.562500,-70.312250
-22839.843750,-67.641335
-22828.125000,-69.042392
-22816.406250,-75.921392
-22804.687500,-82.763540
-22792.968750,-71.729027
-22781.250000,-68.609879
-22769.531250,-70.145579
-22757.812500,-74.078140
-22746.093750,-77.232450
-22734.375000,-70.250817
-22722.656250,-69.440077
-22710.937500,-76.523860
-22699.218750,-79.429589
-22687.500000,-94.429593
-22675.781250,-76.131398
-22664.062500,-75.889424
-22652.343750,-75.469927
-22640.625000,-71.647863
-22628.906250,-75.769990
-22617.187500,-75.100850
-22605.468750,-79.022077
-22593.750000,-93.345534
-22582.031250,-78.460402
-22570.312500,-77.769436
-22558.593750,-80.692459
-22546.875000,-82.973434
-22535.156250,-70.212466
-22523.437500,-66.947392
-22511.718750,-91.711798
-22500.000000,-68.865955
-22488.281250,-68.959762
-22476.562500,-67.795953
-22464.843750,-68.627687
-22453.125000,-72.777839
-22441.406250,-73.338144
-22429.687500,-76.926967
-22417.968750,-82.171641
-22406.250000,-72.016827
-22394.531250,-76.604537
-22382.812500,-70.796985
-22371.093750,-73.720241
-22359.375000,-76.859314
-22347.656250,-69.506499
-22335.937500,-73.882164
-22324.218750,-79.975776
-22312.500000,-76.441222
-22300.781250,-77.664957
-22289.062500,-78.104722
-22277.343750,-79.590425
-22265.625000,-77.148715
-22253.906250,-73.574727
-22242.187500,-71.787346
-22230.468750,-81.422211
-22218.750000,-71.873758
-22207.031250,-77.351029
-22195.312500,-76.968449
-22183.593750,-73.393198
-22171.875000,-77.739369
-22160.156250,-74.125726
-22148.437500,-66.317009
-22136.718750,-65.855414
-22125.000000,-70.636933
-22113.281250,-78.857576
-22101.562500,-77.444614
-22089.843750,-75.882119
-22078.125000,-76.116964
-22066.406250,-75.471384
-22054.687500,-83.557093
-22042.968750,-80.884670
-22031.250000,-78.591592
-22019.531250,-76.897939
-22007.812500,-75.713929
-21996.093750,-76.125322
-21984.375000,-78.539485
-21972.656250,-68.936563
-21960.937500,-73.492950
-21949.218750,-86.730061
-21937.500000,-72.921970
-21925.781250,-69.952874
-21914.062500,-67.158697
-21902.343750,-70.353380
-21890.625000,-94.401891
-21878.906250,-87.821737
-21867.187500,-71.372127
-21855.468750,-69.217444
-21843.750000,-80.026914
-21832.031250,-81.537575
-21820.312500,-85.088483
-21808.593750,-86.474799
-21796.875000,-79.633701
-21785.156250,-75.766719
-21773.437500,-71.659612
-21761.718750,-70.823625
-21750.000000,-65.554174
-21738.281250,-64.599948
-21726.562500,-69.962432
-21714.843750,-69.586762
-21703.125000,-68.390464
-21691.406250,-68.662083
-21679.687500,-71.072427
-21667.968750,-70.137038
-21656.250000,-76.956266
-21644.531250,-76.967172
-21632.812500,-77.991211
-21621.093750,-78.712191
-21609.375000,-85.336343
-21597.656250,-87.300428
-21585.937500,-77.007700
-21574.218750,-86.114947
-21562.500000,-79.580081
-21550.781250,-84.724418
-21539.062500,-83.906485
-21527.343750,-76.023922
-21515.625000,-75.120329
-21503.906250,-72.901493
-21492.187500,-70.287903
-21480.468750,-70.422098
-21468.750000,-65.971180
-21457.031250,-66.562978
-21445.312500,-73.456884
-21433.593750,-73.931715
-21421.875000,-78.646589
-21410.156250,-74.421276
-21398.437500,-68.051887
-21386.718750,-73.381328
-21375.000000,-79.275993
-21363.281250,-81.776002
-21351.562500,-74.854947
-21339.843750,-68.817758
-21328.125000,-71.895592
-21316.406250,-72.515138
-21304.687500,-77.211311
-21292.968750,-81.987557
-21281.250000,-71.130458
-21269.531250,-67.786120
-21257.812500,-69.678216
-21246.093750,-77.744225
-21234.375000,-72.757585
-21222.656250,-85.281213
-21210.937500,-75.893928
-21199.218750,-78.177405
-21187.500000,-79.460371
-21175.781250,-75.521557
-21164.062500,-72.348421
-21152.343750,-72.922943
-21140.625000,-71.231168
-21128.906250,-74.307765
-21117.187500,-75.880984
-21105.468750,-74.157629
-21093.750000,-78.486183
-21082.031250,-76.759342
-21070.312500,-73.247355
-21058.593750,-79.946266
-21046.875000,-72.278474
-21035.156250,-72.224644
-21023.437500,-72.034820
-21011.718750,-69.017451
-21000.000000,-69.451010
-20988.281250,-70.444674
-20976.562500,-78.402724
-20964.843750,-77.182593
-20953.125000,-78.048211
-20941.406250,-93.277633
-20929.687500,-78.686314
-20917.968750,-76.106122
-20906.250000,-70.809564
-20894.531250,-70.318583
-20882.812500,-107.478108
-20871.093750,-67.781962
-20859.375000,-69.609500
-20847.656250,-79.948891
-20835.937500,-72.738861
-20824.218750,-69.452977
-20812.500000,-91.239031
-20800.781250,-75.302270
-20789.062500,-74.463476
-20777.343750,-67.898506
-20765.625000,-69.385304
-20753.906250,-71.130791
-20742.187500,-70.758156
-20730.468750,-74.495152
-20718.750000,-79.016553
-20707.031250,-70.689604
-20695.312500,-66.950124
-20683.593750,-68.201415
-20671.875000,-77.154864
-20660.156250,-70.109260
-20648.437500,-75.980496
-20636.718750,-79.586730
-20625.000000,-81.343961
-20613.281250,-75.095144
-20601.562500,-72.345812
-20589.843750,-77.097243
-20578.125000,-97.303451
-20566.406250,-81.413380
-20554.687500,-77.549574
-20542.968750,-75.741034
-20531.250000,-72.525906
-20519.531250,-75.481636
-20507.812500,-71.585908
-20496.093750,-72.397809
-20484.375000,-75.581225
-20472.656250,-77.814155
-20460.937500,-74.485897
-20449.218750,-79.157605
-20437.500000,-86.270990
-20425.781250,-75.526331
-20414.062500,-71.725522
-20402.343750,-79.027725
-20390.625000,-69.348238
-20378.906250,-75.798584
-20367.187500,-81.334518
-20355.468750,-80.652626
-20343.750000,-69.564213
-20332.031250,-66.279634
-20320.312500,-67.557183
-20308.593750,-73.267230
-20296.875000,-70.736909
-20285.156250,-66.503630
-20273.437500,-70.660694
-20261.718750,-91.565367
-20250.000000,-75.831978
-20238.281250,-76.247187
-20226.562500,-72.065556
-20214.843750,-68.962392
-20203.125000,-86.064184
-20191.406250,-75.328617
-20179.687500,-74.549292
-20167.968750,-82.147918
-20156.250000,-73.878791
-20144.531250,-81.420050
-20132.812500,-76.159040
-20121.093750,-73.569835
-20109.375000,-73.695329
-20097.656250,-74.034202
-20085.937500,-79.590897
-20074.218750,-70.606478
-20062.500000,-71.960464
-20050.781250,-75.137651
-20039.062500,-73.294694
-20027.343750,-78.007347
-20015.625000,-82.796939
-20003.906250,-80.649310
-19992.187500,-86.813892
-19980.468750,-73.918001
-19968.750000,-72.186957
-19957.031250,-77.143774
-19945.312500,-76.396895
-19933.593750,-73.191374
-19921.875000,-76.546073
-19910.156250,-76.942980
-19898.437500,-75.032137
-19886.718750,-76.233630
-19875.000000,-71.772445
-19863.281250,-72.994322
-19851.562500,-75.283273
-19839.843750,-79.491692
-19828.125000,-84.287562
-19816.406250,-83.184631
-19804.687500,-85.598606
-19792.968750,-82.108193
-19781.250000,-78.914752
-19769.531250,-77.578219
-19757.812500,-77.697140
-19746.093750,-89.666675
-19734.375000,-80.155760
-19722.656250,-83.968962
-19710.937500,-79.700835
-19699.218750,-84.286348
-19687.500000,-83.715939
-19675.781250,-78.193697
-19664.062500,-81.523018
-19652.343750,-82.889404
-19640.625000,-85.098486
-19628.906250,-80.603422
-19617.187500,-78.928322
-19605.468750,-80.424035
-19593.750000,-83.498334
-19582.031250,-81.576461
-19570.312500,-81.537249
-19558.593750,-77.337026
-19546.875000,-77.859849
-19535.156250,-88.140727
-19523.437500,-88.325248
-19511.718750,-88.682500
-19500.000000,-87.731586
-19488.281250,-79.612732
-19476.562500,-78.580099
-19464.843750,-80.436347
-19453.125000,-79.824906
-19441.406250,-80.899697
-19429.687500,-92.279731
-19417.968750,-87.667538
-19406.250000,-90.280008
-19394.531250,-100.377169
-19382.812500,-86.775552
-19371.093750,-85.215074
-19359.375000,-89.169064
-19347.656250,-102.523103
-19335.937500,-95.388072
-19324.218750,-95.269321
-19312.500000,-90.878475
-19300.781250,-87.993015
-19289.062500,-96.312313
-19277.343750,-100.014941
-19265.625000,-101.841681
-19253.906250,-105.330172
-19242.187500,-106.450929
-19230.468750,-107.999293
-19218.750000,-109.496952
-19207.031250,-124.706900
-19195.312500,-124.491171
-19183.593750,-111.901507
-19171.875000,-109.964195
-19160.156250,-105.987196
-19148.437500,-100.749338
-19136.718750,-106.775149
-19125.000000,-93.114264
-19113.281250,-91.036703
-19101.562500,-89.755277
-19089.843750,-90.231897
-19078.125000,-90.367982
-19066.406250,-94.089368
-19054.687500,-114.326143
-19042.968750,-101.622748
-19031.250000,-90.325251
-19019.531250,-92.491524
-19007.812500,-94.239411
-18996.093750,-97.632689
-18984.375000,-86.548494
-18972.656250,-84.640536
-18960.937500,-87.630403
-18949.218750,-94.331286
-18937.500000,-91.874182
-18925.781250,-88.958121
-18914.062500,-83.971045
-18902.343750,-80.536453
-18890.625000,-86.570109
-18878.906250,-81.393945
-18867.187500,-81.743112
-18855.468750,-94.500049
-18843.750000,-86.673249
-18832.031250,-85.952809
-18820.312500,-78.012186
-18808.593750,-79.814318
-18796.875000,-80.676285
-18785.156250,-78.973496
-18773.437500,-81.053190
-18761.718750,-90.764813
-18750.000000,-75.885729
-18738.281250,-71.208457
-18726.562500,-76.698748
-18714.843750,-93.205166
-18703.125000,-73.936281
-18691.406250,-74.259607
-18679.687500,-79.153927
-18667.968750,-80.536001
-18656.250000,-79.371834
-18644.531250,-83.486836
-18632.812500,-87.436083
-18621.093750,-83.641422
-18609.375000,-76.812201
-18597.656250,-76.745193
-18585.937500,-81.332450
-18574.218750,-82.719138
-18562.500000,-90.646146
-18550.781250,-86.928218
-18539.062500,-75.978240
-18527.343750,-71.590720
-18515.625000,-78.831317
-18503.906250,-78.739560
-18492.187500,-75.018494
-18480.468750,-76.809297
-18468.750000,-71.915832
-18457.031250,-72.874695
-18445.312500,-81.222670
-18433.593750,-80.125676
-18421.875000,-75.279352
-18410.156250,-80.251754
-18398.437500,-84.085252
-18386.718750,-83.640341
-18375.000000,-78.547651
-18363.281250,-83.804048
-18351.562500,-74.057093
-18339.843750,-76.188913
-18328.125000,-78.307473
-18316.406250,-70.702621
-18304.687500,-69.946131
-18292.968750,-70.358835
-18281.250000,-70.384300
-18269.531250,-79.037145
-18257.812500,-76.634107
-18246.093750,-76.033882
-18234.375000,-73.071994
-18222.656250,-67.021334
-18210.937500,-71.868181
-18199.218750,-83.619927
-18187.500000,-74.996060
-18175.781250,-71.820178
-18164.062500,-72.378089
-18152.343750,-72.088600
-18140.625000,-73.574417
-18128.906250,-84.912334
-18117.187500,-75.334305
-18105.468750,-70.157328
-18093.750000,-71.465859
-18082.031250,-73.921429
-18070.312500,-89.254792
-18058.593750,-85.007335
-18046.875000,-77.067751
-18035.156250,-77.114847
-18023.437500,-74.588436
-18011.718750,-76.320751
-18000.000000,-75.504657
-17988.281250,-80.742678
-17976.562500,-84.498957
-17964.843750,-79.097537
-17953.125000,-73.625995
-17941.406250,-75.729370
-17929.687500,-78.840836
-17917.968750,-75.789595
-17906.250000,-71.596868
-17894.531250,-67.560308
-17882.812500,-66.170122
-17871.093750,-69.624777
-17859.375000,-73.076068
-17847.656250,-71.804866
-17835.937500,-67.051665
-17824.218750,-67.827110
-17812.500000,-71.420851
-17800.781250,-66.666912
-17789.062500,-68.555746
-17777.343750,-76.310181
-17765.625000,-70.528350
-17753.906250,-69.672394
-17742.187500,-66.286374
-17730.468750,-82.922952
-17718.750000,-62.587617
-17707.031250,-66.154147
-17695.312500,-75.182319
-17683.593750,-85.390678
-17671.875000,-78.209650
-17660.156250,-73.234026
-17648.437500,-79.050686
-17636.718750,-69.692722
-17625.000000,-70.373619
-17613.281250,-71.500050
-17601.562500,-71.810270
-17589.843750,-67.795959
-17578.125000,-73.620341
-17566.406250,-78.451760
-17554.687500,-76.782751
-17542.968750,-71.159094
-17531.250000,-63.599283
-17519.531250,-62.472555
-17507.812500,-68.602946
-17496.093750,-67.983947
-17484.375000,-66.477489
-17472.656250,-68.937170
-17460.937500,-69.691794
-17449.218750,-65.459957
-17437.500000,-60.280806
-17425.781250,-61.042661
-17414.062500,-67.545401
-17402.343750,-72.804361
-17390.625000,-68.860340
-17378.906250,-68.973246
-17367.187500,-77.331351
-17355.468750,-76.704270
-17343.750000,-75.830645
-17332.031250,-75.587450
-17320.312500,-69.907039
-17308.593750,-71.757688
-17296.875000,-68.279706
-17285.156250,-74.420069
-17273.437500,-81.869401
-17261.718750,-85.215508
-17250.000000,-77.759289
-17238.281250,-68.967830
-17226.562500,-77.820094
-17214.843750,-67.231321
-17203.125000,-67.256684
-17191.406250,-74.904364
-17179.687500,-62.581923
-17167.968750,-63.245688
-17156.250000,-68.298836
-17144.531250,-69.090174
-17132.812500,-73.169090
-17121.093750,-68.810072
-17109.375000,-65.799006
-17097.656250,-66.643215
-17085.937500,-71.543485
-17074.218750,-67.001266
-17062.500000,-63.394404
-17050.781250,-71.883568
-17039.062500,-83.165069
-17027.343750,-70.585230
-17015.625000,-68.480045
-17003.906250,-87.215407
-16992.187500,-65.012841
-16980.468750,-60.968463
-16968.750000,-64.938666
-16957.031250,-72.066566
-16945.312500,-69.030049
-16933.593750,-65.861174
-16921.875000,-66.265845
-16910.156250,-66.995235
-16898.437500,-70.865960
-16886.718750,-75.025800
-16875.000000,-71.037932
-16863.281250,-63.619232
-16851.562500,-68.753870
-16839.843750,-70.850378
-16828.125000,-68.475234
-16816.406250,-74.730756
-16804.687500,-68.544719
-16792.968750,-71.388235
-16781.250000,-72.469596
-16769.531250,-75.908850
-16757.812500,-63.668856
-16746.093750,-60.844635
-16734.375000,-63.436055
-16722.656250,-79.667128
-16710.937500,-70.400115
-16699.218750,-71.022870
-16687.500000,-75.814609
-16675.781250,-73.822402
-16664.062500,-67.957267
-16652.343750,-59.773017
-16640.625000,-62.736748
-16628.906250,-68.998813
-16617.187500,-67.852056
-16605.468750,-59.580769
-16593.750000,-57.866192
-16582.031250,-59.667490
-16570.312500,-69.086576
-16558.593750,-67.850788
-16546.875000,-64.103480
-16535.156250,-64.292275
-16523.437500,-73.004109
-16511.718750,-73.703704
-16500.000000,-70.915541
-16488.281250,-71.733258
-16476.562500,-63.184114
-16464.843750,-70.274838
-16453.125000,-67.002098
-16441.406250,-62.107289
-16429.687500,-65.106111
-16417.968750,-68.472272
-16406.250000,-66.953225
-16394.531250,-66.118967
-16382.812500,-68.396722
-16371.093750,-66.154665
-16359.375000,-63.983362
-16347.656250,-66.978890
-16335.937500,-64.030465
-16324.218750,-63.975349
-16312.500000,-72.870113
-16300.781250,-66.037750
-16289.062500,-60.621114
-16277.343750,-66.850776
-16265.625000,-60.105142
-16253.906250,-59.056598
-16242.187500,-60.495227
-16230.468750,-64.296412
-16218.750000,-71.863141
-16207.031250,-67.971364
-16195.312500,-69.538155
-16183.593750,-71.453077
-16171.875000,-67.899610
-16160.156250,-62.101978
-16148.437500,-60.131722
-16136.718750,-65.421614
-16125.000000,-58.565549
-16113.281250,-59.923920
-16101.562500,-66.538909
-16089.843750,-75.695428
-16078.125000,-64.976159
-16066.406250,-57.937061
-16054.687500,-59.975983
-16042.968750,-79.235098
-16031.250000,-64.025803
-16019.531250,-68.996506
-16007.812500,-75.799355
-15996.093750,-69.406358
-15984.375000,-64.623083
-15972.656250,-66.896246
-15960.937500,-63.111414
-15949.218750,-64.793392
-15937.500000,-61.005870
-15925.781250,-60.490712
-15914.062500,-66.219892
-15902.343750,-65.334025
-15890.625000,-68.703389
-15878.906250,-67.367846
-15867.187500,-64.625787
-15855.468750,-61.166951
-15843.750000,-60.373932
-15832.031250,-63.930081
-15820.312500,-70.588480
-15808.593750,-74.330973
-15796.875000,-63.703875
-15785.156250,-59.447642
-15773.437500,-57.835152
-15761.718750,-63.462834
-15750.000000,-67.063518
-15738.281250,-73.953724
-15726.562500,-69.442386
-15714.843750,-64.879822
-15703.125000,-67.920825
-15691.406250,-71.351507
-15679.687500,-73.551316
-15667.968750,-64.265551
-15656.250000,-56.017604
-15644.531250,-55.204200
-15632.812500,-65.369837
-15621.093750,-63.002419
-15609.375000,-65.969939
-15597.656250,-78.804053
-15585.937500,-73.333990
-15574.218750,-65.500908
-15562.500000,-71.801982
-15550.781250,-62.619617
-15539.062500,-64.328038
-15527.343750,-56.600545
-15515.625000,-59.982710
-15503.906250,-66.525607
-15492.187500,-60.431012
-15480.468750,-59.909283
-15468.750000,-58.024974
-15457.031250,-62.109319
-15445.312500,-70.697661
-15433.593750,-69.961298
-15421.875000,-63.500210
-15410.156250,-59.601215
-15398.437500,-65.411329
-15386.718750,-64.103060
-15375.000000,-63.442074
-15363.281250,-64.931495
-15351.562500,-69.354187
-15339.843750,-68.118058
-15328.125000,-69.950710
-15316.406250,-79.998834
-15304.687500,-65.703568
-15292.968750,-62.475271
-15281.250000,-64.551898
-15269.531250,-63.958321
-15257.812500,-68.370824
-15246.093750,-70.916832
-15234.375000,-67.830069
-15222.656250,-69.420733
-15210.937500,-63.512885
-15199.218750,-68.879640
-15187.500000,-70.899428
-15175.781250,-65.050467
-15164.062500,-62.674324
-15152.343750,-60.636314
-15140.625000,-61.308366
-15128.906250,-60.914630
-15117.187500,-60.012760
-15105.468750,-64.060006
-15093.750000,-68.796021
-15082.031250,-61.178821
-15070.312500,-58.947401
-15058.593750,-60.861349
-15046.875000,-61.411449
-15035.156250,-60.763739
-15023.437500,-61.220693
-15011.718750,-71.482683
-15000.000000,-70.182625
-14988.281250,-72.913451
-14976.562500,-63.440472
-14964.843750,-59.454636
-14953.125000,-62.869534
-14941.406250,-68.099684
-14929.687500,-72.983984
-14917.968750,-63.911420
-14906.250000,-65.994154
-14894.531250,-75.328307
-14882.812500,-67.900390
-14871.093750,-61.354174
-14859.375000,-64.447424
-14847.656250,-82.110958
-14835.937500,-70.880603
-14824.218750,-70.114064
-14812.500000,-68.178764
-14800.781250,-67.480732
-14789.062500,-82.121658
-14777.343750,-65.551934
-14765.625000,-63.215435
-14753.906250,-60.412023
-14742.187500,-61.112254
-14730.468750,-68.189020
-14718.750000,-64.288943
-14707.031250,-72.830716
-14695.312500,-70.895233
-14683.593750,-63.292429
-14671.875000,-65.630834
-14660.156250,-68.955207
-14648.437500,-65.406095
-14636.718750,-62.854525
-14625.000000,-81.506840
-14613.281250,-69.196007
-14601.562500,-66.760166
-14589.843750,-65.168863
-14578.125000,-64.564991
-14566.406250,-62.181377
-14554.687500,-65.982982
-14542.968750,-67.224729
-14531.250000,-67.317016
-14519.531250,-58.575593
-14507.812500,-63.066783
-14496.093750,-71.592922
-14484.375000,-66.998135
-14472.656250,-67.390698
-14460.937500,-57.652376
-14449.218750,-56.825309
-14437.500000,-61.328458
-14425.781250,-77.890284
-14414.062500,-70.995294
-14402.343750,-63.013418
-14390.625000,-60.145273
-14378.906250,-62.669714
-14367.187500,-63.954439
-14355.468750,-79.789229
-14343.750000,-64.983387
-14332.031250,-66.101511
-14320.312500,-73.650789
-14308.593750,-65.192095
-14296.875000,-68.777298
-14285.156250,-69.972746
-14273.437500,-62.664749
-14261.718750,-58.817584
-14250.000000,-62.743191
-14238.281250,-63.090208
-14226.562500,-62.764140
-14214.843750,-65.970927
-14203.125000,-79.698141
-14191.406250,-73.098474
-14179.687500,-65.238046
-14167.968750,-63.035769
-14156.250000,-69.808642
-14144.531250,-70.647501
-14132.812500,-62.691238
-14121.093750,-61.684056
-14109.375000,-65.564208
-14097.656250,-74.824935
-14085.937500,-78.132263
-14074.218750,-65.106929
-14062.500000,-64.500823
-14050.781250,-71.572729
-14039.062500,-67.486114
-14027.343750,-74.733740
-14015.625000,-66.290754
-14003.906250,-63.993166
-13992.187500,-65.979578
-13980.468750,-66.894447
-13968.750000,-65.422269
-13957.031250,-68.275952
-13945.312500,-64.120066
-13933.593750,-65.719053
-13921.875000,-71.716686
-13910.156250,-90.848678
-13898.437500,-69.318368
-13886.718750,-73.775605
-13875.000000,-62.441711
-13863.281250,-68.347000
-13851.562500,-65.171716
-13839.843750,-75.259395
-13828.125000,-68.576310
-13816.406250,-70.988223
-13804.687500,-65.907796
-13792.968750,-67.835768
-13781.250000,-68.189580
-13769.531250,-65.670762
-13757.812500,-69.184930
-13746.093750,-79.099400
-13734.375000,-76.337250
-13722.656250,-79.656017
-13710.937500,-67.052396
-13699.218750,-63.846329
-13687.500000,-64.988626
-13675.781250,-67.643621
-13664.062500,-63.502308
-13652.343750,-64.666080
-13640.625000,-69.010809
-13628.906250,-66.977897
-13617.187500,-65.550092
-13605.468750,-64.297723
-13593.750000,-70.937608
-13582.031250,-73.037805
-13570.312500,-72.073996
-13558.593750,-72.111634
-13546.875000,-71.816098
-13535.156250,-66.034219
-13523.437500,-66.892432
-13511.718750,-65.343841
-13500.000000,-63.708163
-13488.281250,-65.949515
-13476.562500,-63.260903
-13464.843750,-60.721979
-13453.125000,-67.514886
-13441.406250,-68.912597
-13429.687500,-63.347542
-13417.968750,-62.418542
-13406.250000,-68.364917
-13394.531250,-64.903360
-13382.812500,-73.291487
-13371.093750,-68.559306
-13359.375000,-77.489297
-13347.656250,-66.830628
-13335.937500,-64.029260
-13324.218750,-67.045712
-13312.500000,-69.851585
-13300.781250,-67.880513
-13289.062500,-65.104642
-13277.343750,-66.116168
-13265.625000,-74.047597
-13253.906250,-70.837673
-13242.187500,-64.556236
-13230.468750,-70.434183
-13218.750000,-68.495150
-13207.031250,-68.453741
-13195.312500,-74.373015
-13183.593750,-71.596716
-13171.875000,-70.478229
-13160.156250,-70.182118
-13148.437500,-71.376324
-13136.718750,-75.154443
-13125.000000,-73.361743
-13113.281250,-75.763668
-13101.562500,-82.473165
-13089.843750,-75.148910
-13078.125000,-74.146945
-13066.406250,-74.830114
-13054.687500,-77.927035
-13042.968750,-66.684199
-13031.250000,-66.336009
-13019.531250,-73.439801
-13007.812500,-66.799996
-12996.093750,-64.799506
-12984.375000,-68.291430
-12972.656250,-77.152481
-12960.937500,-69.685939
-12949.218750,-69.280827
-12937.500000,-75.760392
-12925.781250,-72.434606
-12914.062500,-74.843318
-12902.343750,-77.768388
-12890.625000,-73.693858
-12878.906250,-75.265062
-12867.187500,-76.568346
-12855.468750,-78.398212
-12843.750000,-77.415339
-12832.031250,-89.528166
-12820.312500,-68.524802
-12808.593750,-67.377607
-12796.875000,-72.509138
-12785.156250,-78.009312
-12773.437500,-73.643222
-12761.718750,-68.765867
-12750.000000,-69.765423
-12738.281250,-71.395542
-12726.562500,-82.608278
-12714.843750,-79.621327
-12703.125000,-79.280166
-12691.406250,-83.342180
-12679.687500,-79.564721
-12667.968750,-83.524054
-12656.250000,-75.365629
-12644.531250,-75.102054
-12632.812500,-79.326536
-12621.093750,-75.202838
-12609.375000,-79.308022
-12597.656250,-82.450346
-12585.937500,-73.800341
-12574.218750,-73.757647
-12562.500000,-74.923916
-12550.781250,-73.057603
-12539.062500,-75.094511
-12527.343750,-75.979065
-12515.625000,-78.802426
-12503.906250,-81.538942
-12492.187500,-78.145094
-12480.468750,-78.171707
-12468.750000,-85.882387
-12457.031250,-97.328338
-12445.312500,-95.043185
-12433.593750,-101.485317
-12421.875000,-92.647178
-12410.156250,-110.415995
-12398.437500,-83.843975
-12386.718750,-77.861638
-12375.000000,-78.997289
-12363.281250,-84.839545
-12351.562500,-86.182043
-12339.843750,-80.685379
-12328.125000,-90.701684
-12316.406250,-98.533853
-12304.687500,-81.706576
-12292.968750,-83.566095
-12281.250000,-102.066962
-12269.531250,-84.009805
-12257.812500,-84.279895
-12246.093750,-86.181858
-12234.375000,-93.941972
-12222.656250,-86.848398
-12210.937500,-88.076505
-12199.218750,-80.516781
-12187.500000,-85.116396
-12175.781250,-88.629629
-12164.062500,-88.231564
-12152.343750,-92.025684
-12140.625000,-98.037397
-12128.906250,-87.699586
-12117.187500,-85.614130
-12105.468750,-86.743815
-12093.750000,-93.572179
-12082.031250,-116.310202
-12070.312500,-94.294990
-12058.593750,-93.647769
-12046.875000,-100.252131
-12035.156250,-116.629288
-12023.437500,-108.723868
-12011.718750,-112.068192
-12000.000000,-179.829587
-11988.281250,-112.282865
-11976.562500,-115.000108
-11964.843750,-120.052593
-11953.125000,-101.987446
-11941.406250,-94.723070
-11929.687500,-99.802257
-11917.968750,-105.169827
-11906.250000,-100.949950
-11894.531250,-99.721475
-11882.812500,-95.211302
-11871.093750,-92.707032
-11859.375000,-111.454216
-11847.656250,-87.334107
-11835.937500,-83.723317
-11824.218750,-94.666853
-11812.500000,-82.286388
-11800.781250,-86.780109
-11789.062500,-91.929195
-11777.343750,-87.175220
-11765.625000,-94.404269
-11753.906250,-90.868626
-11742.187500,-82.653091
-11730.468750,-83.633776
-11718.750000,-85.741431
-11707.031250,-90.182033
-11695.312500,-96.288368
-11683.593750,-91.382358
-11671.875000,-96.632404
-11660.156250,-84.914726
-11648.437500,-78.046347
-11636.718750,-77.932599
-11625.000000,-82.773420
-11613.281250,-97.389484
-11601.562500,-89.920389
-11589.843750,-90.816728
-11578.125000,-91.618513
-11566.406250,-89.834483
-11554.687500,-88.852275
-11542.968750,-81.273976
-11531.250000,-79.279106
-11519.531250,-85.447743
-11507.812500,-87.126679
-11496.093750,-79.880454
-11484.375000,-79.566218
-11472.656250,-83.488282
-11460.937500,-88.947465
-11449.218750,-82.629840
-11437.500000,-84.153558
-11425.781250,-76.089739
-11414.062500,-80.341071
-11402.343750,-84.205486
-11390.625000,-89.767788
-11378.906250,-82.422484
-11367.187500,-81.133791
-11355.468750,-90.773929
-11343.750000,-81.706985
-11332.031250,-77.500286
-11320.312500,-76.209820
-11308.593750,-83.377056
-11296.875000,-91.618431
-11285.156250,-79.356577
-11273.437500,-86.608932
-11261.718750,-79.663300
-11250.000000,-75.143871
-11238.281250,-72.510933
-11226.562500,-74.984356
-11214.843750,-80.890104
-11203.125000,-80.425357
-11191.406250,-78.829804
-11179.687500,-73.947115
-11167.968750,-72.888449
-11156.250000,-83.356224
-11144.531250,-81.737576
-11132.812500,-77.560370
-11121.093750,-81.551204
-11109.375000,-76.167308
-11097.656250,-85.087085
-11085.937500,-76.180004
-11074.218750,-74.686102
-11062.500000,-74.469815
-11050.781250,-78.463203
-11039.062500,-75.285461
-11027.343750,-71.474475
-11015.625000,-71.744955
-11003.906250,-75.503810
-10992.187500,-91.094940
-10980.468750,-82.486386
-10968.750000,-80.381872
-10957.031250,-73.797650
-10945.312500,-76.191280
-10933.593750,-74.266621
-10921.875000,-71.280913
-10910.156250,-72.027084
-10898.437500,-79.152301
-10886.718750,-88.711912
-10875.000000,-80.625775
-10863.281250,-76.125136
-10851.562500,-78.308081
-10839.843750,-83.683018
-10828.125000,-77.614353
-10816.406250,-81.971831
-10804.687500,-82.443750
-10792.968750,-78.164281
-10781.250000,-79.150128
-10769.531250,-71.398532
-10757.812500,-71.675229
-10746.093750,-73.199307
-10734.375000,-83.276982
-10722.656250,-77.733731
-10710.937500,-78.611594
-10699.218750,-82.453687
-10687.500000,-85.186732
-10675.781250,-75.661001
-10664.062500,-84.639170
-10652.343750,-77.324843
-10640.625000,-76.154253
-10628.906250,-78.656229
-10617.187500,-78.474707
-10605.468750,-84.230370
-10593.750000,-78.997115
-10582.031250,-78.366443
-10570.312500,-82.352964
-10558.593750,-74.965232
-10546.875000,-72.459965
-10535.156250,-76.363264
-10523.437500,-79.464785
-10511.718750,-81.872079
-10500.000000,-84.712108
-10488.281250,-90.676654
-10476.562500,-80.994480
-10464.843750,-81.023217
-10453.125000,-83.235983
-10441.406250,-73.611091
-10429.687500,-73.302510
-10417.968750,-79.760360
-10406.250000,-72.003011
-10394.531250,-76.476713
-10382.812500,-77.312816
-10371.093750,-82.197031
-10359.375000,-81.483417
-10347.656250,-86.378013
-10335.937500,-78.280767
-10324.218750,-76.701495
-10312.500000,-81.974866
-10300.781250,-80.015374
-10289.062500,-79.432542
-10277.343750,-78.961043
-10265.625000,-82.109998
-10253.906250,-81.784241
-10242.187500,-75.783249
-10230.468750,-82.365950
-10218.750000,-75.873948
-10207.031250,-73.650401
-10195.312500,-87.123216
-10183.593750,-74.097675
-10171.875000,-74.352501
-10160.156250,-79.086293
-10148.437500,-78.404066
-10136.718750,-75.834926
-10125.000000,-79.128762
-10113.281250,-84.059234
-10101.562500,-85.010128
-10089.843750,-93.442830
-10078.125000,-93.661236
-10066.406250,-84.256670
-10054.687500,-77.771782
-10042.968750,-84.097933
-10031.250000,-87.089286
-10019.531250,-83.097241
-10007.812500,-91.724844
-9996.093750,-77.289532
-9984.375000,-71.357612
-9972.656250,-78.501668
-9960.937500,-87.007137
-9949.218750,-81.099368
-9937.500000,-86.016207
-9925.781250,-84.812071
-9914.062500,-77.041795
-9902.343750,-78.150518
-9890.625000,-88.735383
-9878.906250,-95.785016
-9867.187500,-84.314482
-9855.468750,-81.506022
-9843.750000,-105.471164
-9832.031250,-87.263857
-9820.312500,-89.519455
-9808.593750,-89.380283
-9796.875000,-95.250737
-9785.156250,-82.577349
-9773.437500,-83.459748
-9761.718750,-90.027886
-9750.000000,-87.021713
-9738.281250,-80.937076
-9726.562500,-89.066082
-9714.843750,-100.603253
-9703.125000,-93.891609
-9691.406250,-99.375841
-9679.687500,-96.830738
-9667.968750,-97.703394
-9656.250000,-95.891881
-9644.531250,-96.108930
-9632.812500,-101.867775
-9621.093750,-102.884622
-9609.375000,-110.952058
-9597.656250,-133.957197
-9585.937500,-109.127048
-9574.218750,-105.101971
-9562.500000,-97.816397
-9550.781250,-101.077648
-9539.062500,-99.176743
-9527.343750,-90.895976
-9515.625000,-87.334749
-9503.906250,-87.278980
-9492.187500,-88.936129
-9480.468750,-92.189552
-9468.750000,-88.213535
-9457.031250,-82.677319
-9445.312500,-86.225406
-9433.593750,-82.426998
-9421.875000,-90.760848
-9410.156250,-85.723237
-9398.437500,-79.837327
-9386.718750,-78.571339
-9375.000000,-81.407166
-9363.281250,-87.796562
-9351.562500,-91.459634
-9339.843750,-82.380197
-9328.125000,-78.743210
-9316.406250,-78.280223
-9304.687500,-78.628791
-9292.968750,-79.251715
-9281.250000,-85.592694
-9269.531250,-75.085686
-9257.812500,-72.384117
-9246.093750,-73.855602
-9234.375000,-85.979367
-9222.656250,-72.795608
-9210.937500,-71.790839
-9199.218750,-76.345515
-9187.500000,-78.473539
-9175.781250,-75.302365
-9164.062500,-93.256299
-9152.343750,-78.388570
-9140.625000,-71.965164
-9128.906250,-70.051214
-9117.187500,-69.823691
-9105.468750,-77.063025
-9093.750000,-78.397907
-9082.031250,-74.281394
-9070.312500,-66.719302
-9058.593750,-67.767732
-9046.875000,-75.464359
-9035.156250,-73.512124
-9023.437500,-83.812257
-9011.718750,-74.517165
-9000.000000,-71.623960
-8988.281250,-80.425399
-8976.562500,-88.153187
-8964.843750,-72.841186
-8953.125000,-65.964620
-8941.406250,-63.717627
-8929.687500,-66.197498
-8917.968750,-78.089246
-8906.250000,-76.257885
-8894.531250,-70.510146
-8882.812500,-83.566565
-8871.093750,-73.724693
-8859.375000,-69.348988
-8847.656250,-74.296582
-8835.937500,-70.533842
-8824.218750,-76.466601
-8812.500000,-70.246240
-8800.781250,-75.608592
-8789.062500,-74.686177
-8777.343750,-72.295878
-8765.625000,-70.048751
-8753.906250,-72.392332
-8742.187500,-71.028500
-8730.468750,-79.252491
-8718.750000,-71.757886
-8707.031250,-64.594505
-8695.312500,-64.977422
-8683.593750,-72.004460
-8671.875000,-73.998209
-8660.156250,-67.469132
-8648.437500,-62.560320
-8636.718750,-69.412838
-8625.000000,-65.302211
-8613.281250,-70.316658
-8601.562500,-71.876575
-8589.843750,-72.640430
-8578.125000,-73.504353
-8566.406250,-81.210414
-8554.687500,-75.517355
-8542.968750,-91.133328
-8531.250000,-67.800154
-8519.531250,-69.422861
-8507.812500,-67.280973
-8496.093750,-58.964347
-8484.375000,-58.890631
-8472.656250,-60.509268
-8460.937500,-70.436906
-8449.218750,-67.324636
-8437.500000,-61.930261
-8425.781250,-63.184965
-8414.062500,-69.144816
-8402.343750,-74.314861
-8390.625000,-66.853254
-8378.906250,-72.920433
-8367.187500,-65.537937
-8355.468750,-67.287998
-8343.750000,-62.503341
-8332.031250,-66.008325
-8320.312500,-71.490285
-8308.593750,-69.321463
-8296.875000,-62.091658
-8285.156250,-62.517464
-8273.437500,-64.963134
-8261.718750,-64.869810
-8250.000000,-62.465961
-8238.281250,-65.462377
-8226.562500,-73.703743
-8214.843750,-74.683231
-8203.125000,-69.377413
-8191.406250,-62.552952
-8179.687500,-65.681143
-8167.968750,-69.922233
-8156.250000,-65.041771
-8144.531250,-64.729011
-8132.812500,-67.209684
-8121.093750,-64.685026
-8109.375000,-61.420069
-8097.656250,-66.290287
-8085.937500,-70.909950
-8074.218750,-64.358695
-8062.500000,-64.960722
-8050.781250,-72.151247
-8039.062500,-63.320005
-8027.343750,-60.610969
-8015.625000,-66.610068
-8003.906250,-71.346329
-7992.187500,-67.568167
-7980.468750,-60.425790
-7968.750000,-66.375063
-7957.031250,-58.225020
-7945.312500,-59.018752
-7933.593750,-63.304086
-7921.875000,-61.465016
-7910.156250,-68.929569
-7898.437500,-60.709076
-7886.718750,-62.713833
-7875.000000,-64.972468
-7863.281250,-63.522830
-7851.562500,-58.554821
-7839.843750,-66.071919
-7828.125000,-59.625578
-7816.406250,-60.363496
-7804.687500,-66.816434
-7792.968750,-61.351914
-7781.250000,-59.519199
-7769.531250,-59.039599
-7757.812500,-59.034154
-7746.093750,-57.499193
-7734.375000,-56.266643
-7722.656250,-59.703261
-7710.937500,-63.455473
-7699.218750,-68.674076
-7687.500000,-62.918253
-7675.781250,-56.663476
-7664.062500,-54.335946
-7652.343750,-53.229349
-7640.625000,-56.975550
-7628.906250,-68.240094
-7617.187500,-69.121121
-7605.468750,-72.868657
-7593.750000,-58.812955
-7582.031250,-61.090477
-7570.312500,-72.273801
-7558.593750,-63.192508
-7546.875000,-69.160493
-7535.156250,-72.241819
-7523.437500,-52.310122
-7511.718750,-53.988346
-7500.000000,-72.487792
-7488.281250,-61.775197
-7476.562500,-57.943938
-7464.843750,-56.579209
-7453.125000,-54.596090
-7441.406250,-53.503050
-7429.687500,-56.172398
-7417.968750,-55.962847
-7406.250000,-61.942906
-7394.531250,-53.677224
-7382.812500,-53.459446
-7371.093750,-63.554916
-7359.375000,-57.875713
-7347.656250,-55.438458
-7335.937500,-71.707678
-7324.218750,-58.748167
-7312.500000,-63.394607
-7300.781250,-64.343636
-7289.062500,-56.889239
-7277.343750,-53.806984
-7265.625000,-54.870445
-7253.906250,-55.090876
-7242.187500,-66.185072
-7230.468750,-57.037274
-7218.750000,-49.904110
-7207.031250,-54.642718
-7195.312500,-53.837879
-7183.593750,-74.748219
-7171.875000,-55.663027
-7160.156250,-63.471594
-7148.437500,-66.515445
-7136.718750,-59.573097
-7125.000000,-53.162976
-7113.281250,-54.332603
-7101.562500,-56.742684
-7089.843750,-54.744576
-7078.125000,-63.436311
-7066.406250,-71.353820
-7054.687500,-53.968388
-7042.968750,-49.948068
-7031.250000,-51.932299
-7019.531250,-59.810781
-7007.812500,-52.148191
-6996.093750,-53.483406
-6984.375000,-82.294907
-6972.656250,-58.565721
-6960.937500,-55.690145
-6949.218750,-57.055963
-6937.500000,-53.514424
-6925.781250,-53.029668
-6914.062500,-52.844098
-6902.343750,-50.376313
-6890.625000,-53.866639
-6878.906250,-52.338683
-6867.187500,-60.127554
-6855.468750,-56.722966
-6843.750000,-51.722991
-6832.031250,-50.648374
-6820.312500,-54.206696
-6808.593750,-56.399669
-6796.875000,-61.495837
-6785.156250,-52.881843
-6773.437500,-46.842508
-6761.718750,-46.367063
-6750.000000,-49.115569
-6738.281250,-53.454950
-6726.562500,-54.988033
-6714.843750,-52.259459
-6703.125000,-50.633126
-6691.406250,-52.299380
-6679.687500,-62.585900
-6667.968750,-53.634222
-6656.250000,-52.526947
-6644.531250,-53.082899
-6632.812500,-47.608114
-6621.093750,-50.434519
-6609.375000,-58.903416
-6597.656250,-53.545620
-6585.937500,-54.171534
-6574.218750,-53.906429
-6562.500000,-55.068375
-6550.781250,-54.709328
-6539.062500,-54.296205
-6527.343750,-47.828867
-6515.625000,-54.398287
-6503.906250,-53.646730
-6492.187500,-46.325296
-6480.468750,-42.789056
-6468.750000,-43.227402
-6457.031250,-48.948806
-6445.312500,-53.406562
-6433.593750,-50.588265
-6421.875000,-46.822679
-6410.156250,-46.357852
-6398.437500,-57.136124
-6386.718750,-64.609950
-6375.000000,-64.599653
-6363.281250,-58.991120
-6351.562500,-70.731928
-6339.843750,-54.056421
-6328.125000,-50.481674
-6316.406250,-49.328610
-6304.687500,-51.861175
-6292.968750,-56.033189
-6281.250000,-69.991996
-6269.531250,-51.348960
-6257.812500,-48.540215
-6246.093750,-50.583869
-6234.375000,-53.770074
-6222.656250,-56.136341
-6210.937500,-54.113325
-6199.218750,-54.522874
-6187.500000,-48.236566
-6175.781250,-51.199968
-6164.062500,-64.534147
-6152.343750,-58.361394
-6140.625000,-57.099775
-6128.906250,-47.754319
-6117.187500,-53.274620
-6105.468750,-55.423628
-6093.750000,-46.859921
-6082.031250,-45.297632
-6070.312500,-48.769168
-6058.593750,-53.953667
-6046.875000,-66.119449
-6035.156250,-55.284842
-6023.437500,-57.534975
-6011.718750,-54.691240
-6000.000000,-49.114055
-5988.281250,-50.566462
-5976.562500,-68.595053
-5964.843750,-56.616473
-5953.125000,-44.493937
-5941.406250,-44.453338
-5929.687500,-58.776681
-5917.968750,-45.516181
-5906.250000,-47.341083
-5894.531250,-51.585987
-5882.812500,-52.897863
-5871.093750,-50.217417
-5859.375000,-48.422100
-5847.656250,-47.148797
-5835.937500,-51.047378
-5824.218750,-43.975979
-5812.500000,-41.491797
-5800.781250,-42.600253
-5789.062500,-46.467191
-5777.343750,-55.234971
-5765.625000,-49.876674
-5753.906250,-46.612923
-5742.187500,-43.841102
-5730.468750,-45.849596
-5718.750000,-48.131536
-5707.031250,-52.399745
-5695.312500,-46.793149
-5683.593750,-44.922861
-5671.875000,-50.417217
-5660.156250,-43.843259
-5648.437500,-42.103019
-5636.718750,-45.822545
-5625.000000,-55.910343
-5613.281250,-51.437092
-5601.562500,-51.952618
-5589.843750,-68.709654
-5578.125000,-54.154521
-5566.406250,-56.478157
-5554.687500,-49.432178
-5542.968750,-45.274728
-5531.250000,-50.611468
-5519.531250,-46.512786
-5507.812500,-42.617895
-5496.093750,-43.372143
-5484.375000,-44.057069
-5472.656250,-49.439930
-5460.937500,-48.552722
-5449.218750,-47.108226
-5437.500000,-47.872736
-5425.781250,-53.977741
-5414.062500,-76.040606
-5402.343750,-46.789545
-5390.625000,-45.946696
-5378.906250,-57.375975
-5367.187500,-52.393723
-5355.468750,-53.291208
-5343.750000,-46.638620
-5332.031250,-59.923283
-5320.312500,-45.580902
-5308.593750,-60.187656
-5296.875000,-47.640349
-5285.156250,-46.605796
-5273.437500,-57.317925
-5261.718750,-55.986797
-5250.000000,-53.696868
-5238.281250,-55.123988
-5226.562500,-56.329137
-5214.843750,-48.944153
-5203.125000,-46.795793
-5191.406250,-44.569505
-5179.687500,-52.408742
-5167.968750,-45.636063
-5156.250000,-46.468903
-5144.531250,-50.359356
-5132.812500,-51.643878
-5121.093750,-54.911243
-5109.375000,-51.521757
-5097.656250,-49.742533
-5085.937500,-50.785715
-5074.218750,-53.287694
-5062.500000,-50.629901
-5050.781250,-58.354108
-5039.062500,-51.079165
-5027.343750,-52.681310
-5015.625000,-49.056297
-5003.906250,-41.959703
-4992.187500,-42.603755
-4980.468750,-44.917048
-4968.750000,-41.589022
-4957.031250,-44.878251
-4945.312500,-45.490351
-4933.593750,-51.159031
-4921.875000,-55.575365
-4910.156250,-57.986011
-4898.437500,-64.799612
-4886.718750,-50.112156
-4875.000000,-53.585359
-4863.281250,-49.513605
-4851.562500,-47.404117
-4839.843750,-47.198005
-4828.125000,-59.618746
-4816.406250,-44.481718
-4804.687500,-46.183199
-4792.968750,-48.217881
-4781.250000,-46.628983
-4769.531250,-53.333996
-4757.812500,-44.899948
-4746.093750,-45.954055
-4734.375000,-49.205842
-4722.656250,-53.379343
-4710.937500,-46.274773
-4699.218750,-50.178055
-4687.500000,-47.093798
-4675.781250,-46.346796
-4664.062500,-51.532778
-4652.343750,-52.573358
-4640.625000,-45.959046
-4628.906250,-45.364523
-4617.187500,-57.115148
-4605.468750,-42.570253
-4593.750000,-40.457046
-4582.031250,-42.996705
-4570.312500,-46.152645
-4558.593750,-46.409231
-4546.875000,-44.494125
-4535.156250,-44.952785
-4523.437500,-42.536667
-4511.718750,-41.892861
-4500.000000,-44.506795
-4488.281250,-48.911700
-4476.562500,-45.836035
-4464.843750,-43.120716
-4453.125000,-47.115488
-4441.406250,-55.730909
-4429.687500,-49.492325
-4417.968750,-45.679423
-4406.250000,-54.726368
-4394.531250,-50.595862
-4382.812500,-46.172284
-4371.093750,-47.755995
-4359.375000,-46.120438
-4347.656250,-57.199337
-4335.937500,-59.019929
-4324.218750,-47.015895
-4312.500000,-46.585940
-4300.781250,-49.298096
-4289.062500,-42.761998
-4277.343750,-46.833509
-4265.625000,-49.700376
-4253.906250,-44.159327
-4242.187500,-48.023130
-4230.468750,-51.466495
-4218.750000,-57.869497
-4207.031250,-41.953590
-4195.312500,-41.580163
-4183.593750,-47.904594
-4171.875000,-47.924495
-4160.156250,-55.763047
-4148.437500,-46.745854
-4136.718750,-44.757298
-4125.000000,-50.926102
-4113.281250,-67.387763
-4101.562500,-47.695070
-4089.843750,-42.209757
-4078.125000,-38.706747
-4066.406250,-36.189272
-4054.687500,-40.513537
-4042.968750,-46.666405
-4031.250000,-43.228835
-4019.531250,-41.336193
-4007.812500,-42.197083
-3996.093750,-40.263033
-3984.375000,-41.198799
-3972.656250,-44.148137
-3960.937500,-42.869762
-3949.218750,-42.692782
-3937.500000,-39.725107
-3925.781250,-42.488769
-3914.062500,-58.932542
-3902.343750,-55.304325
-3890.625000,-59.404984
-3878.906250,-51.936933
-3867.187500,-47.971079
-3855.468750,-54.661483
-3843.750000,-53.321236
-3832.031250,-57.907630
-3820.312500,-42.077448
-3808.593750,-42.686078
-3796.875000,-45.049255
-3785.156250,-45.553822
-3773.437500,-48.102156
-3761.718750,-40.741312
-3750.000000,-41.610134
-3738.281250,-44.258950
-3726.562500,-48.541771
-3714.843750,-39.392723
-3703.125000,-40.900222
-3691.406250,-46.144368
-3679.687500,-42.939325
-3667.968750,-41.550741
-3656.250000,-46.405763
-3644.531250,-47.161364
-3632.812500,-49.407214
-3621.093750,-43.950348
-3609.375000,-44.942143
-3597.656250,-67.315658
-3585.937500,-45.021841
-3574.218750,-44.395230
-3562.500000,-45.374653
-3550.781250,-42.004319
-3539.062500,-50.599822
-3527.343750,-40.409787
-3515.625000,-41.315284
-3503.906250,-47.728563
-3492.187500,-38.444689
-3480.468750,-39.734252
-3468.750000,-49.443998
-3457.031250,-43.211357
-3445.312500,-42.431819
-3433.593750,-56.220782
-3421.875000,-46.151519
-3410.156250,-43.109120
-3398.437500,-39.303682
-3386.718750,-44.834353
-3375.000000,-53.676532
-3363.281250,-43.965772
-3351.562500,-49.899879
-3339.843750,-48.264166
-3328.125000,-56.630450
-3316.406250,-68.437033
-3304.687500,-44.493027
-3292.968750,-43.294924
-3281.250000,-46.269499
-3269.531250,-46.735839
-3257.812500,-46.858896
-3246.093750,-41.256426
-3234.375000,-49.735582
-3222.656250,-46.102870
-3210.937500,-43.255951
-3199.218750,-43.339287
-3187.500000,-44.257032
-3175.781250,-48.544632
-3164.062500,-41.591877
-3152.343750,-40.174854
-3140.625000,-41.470079
-3128.906250,-44.403937
-3117.187500,-47.923072
-3105.468750,-49.815406
-3093.750000,-52.757229
-3082.031250,-45.992665
-3070.312500,-41.057316
-3058.593750,-43.335498
-3046.875000,-49.242073
-3035.156250,-48.847427
-3023.437500,-44.578294
-3011.718750,-41.171564
-3000.000000,-41.026795
-2988.281250,-43.502447
-2976.562500,-46.101877
-2964.843750,-47.648570
-2953.125000,-43.399565
-2941.406250,-42.430146
-2929.687500,-43.410169
-2917.968750,-45.680130
-2906.250000,-83.118015
-2894.531250,-68.447561
-2882.812500,-46.675306
-2871.093750,-38.385839
-2859.375000,-39.958843
-2847.656250,-49.875709
-2835.937500,-55.714729
-2824.218750,-43.698118
-2812.500000,-39.432291
-2800.781250,-41.343363
-2789.062500,-41.862602
-2777.343750,-40.097631
-2765.625000,-42.805123
-2753.906250,-46.230386
-2742.187500,-42.495583
-2730.468750,-42.297460
-2718.750000,-41.390343
-2707.031250,-41.691842
-2695.312500,-43.338225
-2683.593750,-43.813909
-2671.875000,-43.935278
-2660.156250,-41.160248
-2648.437500,-40.495660
-2636.718750,-42.150624
-2625.000000,-48.368533
-2613.281250,-42.696068
-2601.562500,-47.157806
-2589.843750,-51.110377
-2578.125000,-45.258506
-2566.406250,-48.657973
-2554.687500,-54.681943
-2542.968750,-46.901696
-2531.250000,-41.809353
-2519.531250,-41.053242
-2507.812500,-51.078785
-2496.093750,-52.793802
-2484.375000,-47.686086
-2472.656250,-38.879695
-2460.937500,-38.058946
-2449.218750,-40.024930
-2437.500000,-40.557702
-2425.781250,-44.294842
-2414.062500,-47.066317
-2402.343750,-49.694309
-2390.625000,-41.048824
-2378.906250,-39.425226
-2367.187500,-39.720261
-2355.468750,-44.570788
-2343.750000,-43.589193
-2332.031250,-38.953415
-2320.312500,-37.965373
-2308.593750,-41.400972
-2296.875000,-47.097421
-2285.156250,-43.913359
-2273.437500,-47.484826
-2261.718750,-51.768169
-2250.000000,-45.513575
-2238.281250,-52.731291
-2226.562500,-49.869079
-2214.843750,-56.865529
-2203.125000,-48.229897
-2191.406250,-38.181487
-2179.687500,-40.452492
-2167.968750,-42.613320
-2156.250000,-43.158316
-2144.531250,-39.846276
-2132.812500,-38.033076
-2121.093750,-45.700528
-2109.375000,-49.486724
-2097.656250,-41.620357
-2085.937500,-37.635450
-2074.218750,-36.458748
-2062.500000,-40.047289
-2050.781250,-42.290736
-2039.062500,-46.545048
-2027.343750,-43.089641
-2015.625000,-42.845702
-2003.906250,-47.170477
-1992.187500,-42.931171
-1980.468750,-45.840528
-1968.750000,-67.390870
-1957.031250,-47.143087
-1945.312500,-51.828248
-1933.593750,-43.567435
-1921.875000,-45.594915
-1910.156250,-42.645163
-1898.437500,-44.137486
-1886.718750,-43.902280
-1875.000000,-40.640978
-1863.281250,-44.695460
-1851.562500,-57.206500
-1839.843750,-43.492963
-1828.125000,-50.652724
-1816.406250,-37.943831
-1804.687500,-44.311179
-1792.968750,-60.140807
-1781.250000,-41.012980
-1769.531250,-38.578282
-1757.812500,-40.036437
-1746.093750,-47.142125
-1734.375000,-62.211238
-1722.656250,-51.564782
-1710.937500,-42.443530
-1699.218750,-39.030605
-1687.500000,-38.013475
-1675.781250,-40.472040
-1664.062500,-51.621273
-1652.343750,-52.869022
-1640.625000,-48.732183
-1628.906250,-44.093480
-1617.187500,-41.333481
-1605.468750,-46.904650
-1593.750000,-47.222603
-1582.031250,-43.090240
-1570.312500,-38.152631
-1558.593750,-38.085552
-1546.875000,-52.952821
-1535.156250,-41.993684
-1523.437500,-43.870466
-1511.718750,-48.363492
-1500.000000,-51.668918
-1488.281250,-42.212311
-1476.562500,-41.169247
-1464.843750,-48.242248
-1453.125000,-48.535601
-1441.406250,-50.316891
-1429.687500,-50.469034
-1417.968750,-55.428361
-1406.250000,-41.763284
-1394.531250,-41.185941
-1382.812500,-41.094346
-1371.093750,-40.137232
-1359.375000,-42.971899
-1347.656250,-40.061073
-1335.937500,-39.773124
-1324.218750,-46.949318
-1312.500000,-42.420301
-1300.781250,-42.073066
-1289.062500,-39.919475
-1277.343750,-38.702778
-1265.625000,-43.336578
-1253.906250,-37.443811
-1242.187500,-38.296198
-1230.468750,-50.010128
-1218.750000,-43.701606
-1207.031250,-39.708971
-1195.312500,-42.760326
-1183.593750,-48.069384
-1171.875000,-57.755697
-1160.156250,-44.227885
-1148.437500,-47.299148
-1136.718750,-55.882769
-1125.000000,-47.605269
-1113.281250,-42.238351
-1101.562500,-44.067458
-1089.843750,-48.541703
-1078.125000,-50.975635
-1066.406250,-38.231218
-1054.687500,-40.298246
-1042.968750,-43.434778
-1031.250000,-47.645338
-1019.531250,-50.917952
-1007.812500,-42.006739
-996.093750,-40.882389
-984.375000,-52.152416
-972.656250,-41.297159
-960.937500,-43.338468
-949.218750,-43.435456
-937.500000,-35.746359
-925.781250,-42.101583
-914.062500,-48.675370
-902.343750,-55.423334
-890.625000,-53.523858
-878.906250,-45.622750
-867.187500,-41.322427
-855.468750,-48.404259
-843.750000,-45.781912
-832.031250,-46.681670
-820.312500,-43.291060
-808.593750,-46.407711
-796.875000,-46.966064
-785.156250,-46.103628
-773.437500,-40.527441
-761.718750,-45.309047
-750.000000,-48.569959
-738.281250,-46.381525
-726.562500,-40.400664
-714.843750,-40.850466
-703.125000,-48.565411
-691.406250,-57.973474
-679.687500,-51.570109
-667.968750,-46.735210
-656.250000,-47.582110
-644.531250,-49.885063
-632.812500,-51.809360
-621.093750,-45.794288
-609.375000,-45.305309
-597.656250,-45.918474
-585.937500,-54.732052
-574.218750,-54.106421
-562.500000,-45.783498
-550.781250,-45.195482
-539.062500,-55.032541
-527.343750,-46.493923
-515.625000,-41.289873
-503.906250,-44.579051
-492.187500,-42.324064
-480.468750,-35.557053
-468.750000,-41.822644
-457.031250,-46.380856
-445.312500,-46.717268
-433.593750,-45.315565
-421.875000,-41.895952
-410.156250,-44.456734
-398.437500,-49.047862
-386.718750,-42.635354
-375.000000,-39.053676
-363.281250,-35.244230
-351.562500,-36.190254
-339.843750,-44.765088
-328.125000,-49.941635
-316.406250,-43.840869
-304.687500,-45.619255
-292.968750,-44.696996
-281.250000,-38.088593
-269.531250,-35.024258
-257.812500,-40.723136
-246.093750,-47.198854
-234.375000,-49.068067
-222.656250,-47.698189
-210.937500,-40.736158
-199.218750,-40.846141
-187.500000,-45.268389
-175.781250,-38.520102
-164.062500,-44.812323
-152.343750,-46.455620
-140.625000,-50.140625
-128.906250,-48.773984
-117.187500,-56.062584
-105.468750,-56.665028
-93.750000,-49.934990
-82.031250,-46.756232
-70.312500,-38.593790
-58.593750,-38.597318
-46.875000,-40.665417
-35.156250,-45.124003
-23.437500,-46.172856
-11.718750,-40.982302
0.000000,-41.738894
11.718750,-49.740361
23.437500,-52.163031
35.156250,-46.044763
46.875000,-70.030862
58.593750,-50.129789
70.312500,-43.731818
82.031250,-50.865234
93.750000,-43.004282
105.468750,-49.377939
117.187500,-45.929291
128.906250,-44.500133
140.625000,-43.056828
152.343750,-44.739395
164.062500,-38.954082
175.781250,-42.502322
187.500000,-50.074512
199.218750,-44.451280
210.937500,-43.877713
222.656250,-39.059969
234.375000,-37.356318
246.093750,-37.418492
257.812500,-38.523919
269.531250,-48.213658
281.250000,-40.044595
292.968750,-40.935739
304.687500,-45.497438
316.406250,-39.369918
328.125000,-43.938715
339.843750,-45.552979
351.562500,-42.445200
363.281250,-40.800613
375.000000,-40.578686
386.718750,-37.849421
398.437500,-46.012016
410.156250,-36.066629
421.875000,-41.751504
433.593750,-46.056035
445.312500,-39.766476
457.031250,-43.587071
468.750000,-47.436054
480.468750,-35.891797
492.187500,-41.224148
503.906250,-37.756191
515.625000,-39.851371
527.343750,-42.160429
539.062500,-41.977423
550.781250,-47.341048
562.500000,-42.065842
574.218750,-37.267903
585.937500,-37.151697
597.656250,-39.404962
609.375000,-46.439964
621.093750,-46.705134
632.812500,-51.984741
644.531250,-39.180523
656.250000,-39.675789
667.968750,-43.039094
679.687500,-42.316744
691.406250,-44.737354
703.125000,-52.456090
714.843750,-41.001568
726.562500,-36.184400
738.281250,-39.481935
750.000000,-42.932811
761.718750,-42.115787
773.437500,-40.870944
785.156250,-45.701790
796.875000,-45.550047
808.593750,-48.249918
820.312500,-38.726005
832.031250,-37.654804
843.750000,-41.065196
855.468750,-45.838454
867.187500,-44.191477
878.906250,-37.314615
890.625000,-35.786504
902.343750,-44.505950
914.062500,-56.674662
925.781250,-50.965545
937.500000,-43.776221
949.218750,-44.836674
960.937500,-43.498133
972.656250,-39.028590
984.375000,-36.839060
996.093750,-41.421150
1007.812500,-44.715126
1019.531250,-43.233700
1031.250000,-40.153348
1042.968750,-40.895350
1054.687500,-44.279738
1066.406250,-41.189530
1078.125000,-42.560700
1089.843750,-42.952995
1101.562500,-47.662383
1113.281250,-41.863552
1125.000000,-41.564856
1136.718750,-43.169193
1148.437500,-46.004908
1160.156250,-48.159027
1171.875000,-46.630108
1183.593750,-46.470078
1195.312500,-38.487460
1207.031250,-37.303055
1218.750000,-43.032132
1230.468750,-45.890752
1242.187500,-51.492218
1253.906250,-43.172713
1265.625000,-43.654747
1277.343750,-38.880574
1289.062500,-36.686406
1300.781250,-40.073467
1312.500000,-48.067008
1324.218750,-45.862837
1335.937500,-38.886159
1347.656250,-38.279575
1359.375000,-42.207826
1371.093750,-45.297473
1382.812500,-42.602584
1394.531250,-36.581464
1406.250000,-35.147089
1417.968750,-40.594731
1429.687500,-41.685980
1441.406250,-41.621977
1453.125000,-44.043218
1464.843750,-42.490805
1476.562500,-45.027245
1488.281250,-44.859900
1500.000000,-42.711994
1511.718750,-48.178616
1523.437500,-39.898571
1535.156250,-41.867794
1546.875000,-51.878704
1558.593750,-41.873206
1570.312500,-44.174833
1582.031250,-45.106425
1593.750000,-43.316215
1605.468750,-40.717517
1617.187500,-53.576265
1628.906250,-46.497457
1640.625000,-41.975666
1652.343750,-41.164548
1664.062500,-54.086988
1675.781250,-47.638165
1687.500000,-45.734667
1699.218750,-40.570571
1710.937500,-42.039249
1722.656250,-47.737709
1734.375000,-38.278149
1746.093750,-40.246057
1757.812500,-44.693597
1769.531250,-45.926735
1781.250000,-45.632969
1792.968750,-44.984472
1804.687500,-44.160177
1816.406250,-44.218719
1828.125000,-43.892698
1839.843750,-58.294252
1851.562500,-47.893391
1863.281250,-51.513409
1875.000000,-38.970667
1886.718750,-40.013571
1898.437500,-58.689606
1910.156250,-44.320228
1921.875000,-43.762679
1933.593750,-42.951320
1945.312500,-42.901715
1957.031250,-45.691036
1968.750000,-49.241063
1980.468750,-50.841811
1992.187500,-41.175911
2003.906250,-36.624332
2015.625000,-39.951151
2027.343750,-45.134194
2039.062500,-37.042851
2050.781250,-37.715003
2062.500000,-42.510616
2074.218750,-48.359602
2085.937500,-42.833751
2097.656250,-44.555929
2109.375000,-50.354827
2121.093750,-43.454836
2132.812500,-42.736655
2144.531250,-39.651170
2156.250000,-37.212455
2167.968750,-43.125899
2179.687500,-43.118522
2191.406250,-40.116061
2203.125000,-43.201037
2214.843750,-43.119376
2226.562500,-42.150458
2238.281250,-49.602941
2250.000000,-51.866842
2261.718750,-50.184095
2273.437500,-40.674598
2285.156250,-42.640344
2296.875000,-51.156441
2308.593750,-47.572822
2320.312500,-48.216895
2332.031250,-46.673618
2343.750000,-50.076231
2355.468750,-42.823080
2367.187500,-48.139050
2378.906250,-47.906228
2390.625000,-49.555569
2402.343750,-41.497016
2414.062500,-39.288827
2425.781250,-43.329099
2437.500000,-41.820774
2449.218750,-42.018925
2460.937500,-39.680700
2472.656250,-39.365658
2484.375000,-51.465791
2496.093750,-43.114484
2507.812500,-39.969087
2519.531250,-40.530263
2531.250000,-42.406823
2542.968750,-50.333396
2554.687500,-47.033379
2566.406250,-44.144801
2578.125000,-49.244816
2589.843750,-43.397286
2601.562500,-42.465050
2613.281250,-40.539858
2625.000000,-43.938976
2636.718750,-53.689120
2648.437500,-44.156347
2660.156250,-48.566407
2671.875000,-45.598617
2683.593750,-39.533216
2695.312500,-37.818746
2707.031250,-41.863437
2718.750000,-51.736467
2730.468750,-42.000023
2742.187500,-38.728978
2753.906250,-55.586666
2765.625000,-46.463916
2777.343750,-51.339351
2789.062500,-51.484353
2800.781250,-43.283706
2812.500000,-47.498687
2824.218750,-61.004688
2835.937500,-56.115331
2847.656250,-53.751241
2859.375000,-45.367503
2871.093750,-45.492992
2882.812500,-43.668452
2894.531250,-45.726651
2906.250000,-42.477156
2917.968750,-39.661871
2929.687500,-47.019955
2941.406250,-52.343158
2953.125000,-43.066560
2964.843750,-46.032157
2976.562500,-44.620881
2988.281250,-53.027516
3000.000000,-45.477293
3011.718750,-47.683245
3023.437500,-56.856844
3035.156250,-56.594277
3046.875000,-52.143388
3058.593750,-48.835735
3070.312500,-50.751807
3082.031250,-47.754421
3093.750000,-55.348503
3105.468750,-43.394300
3117.187500,-40.508971
3128.906250,-49.010647
3140.625000,-47.331491
3152.343750,-50.020125
3164.062500,-44.103071
3175.781250,-37.105547
3187.500000,-36.566642
3199.218750,-42.461317
3210.937500,-51.975401
3222.656250,-44.554213
3234.375000,-45.759504
3246.093750,-46.443354
3257.812500,-43.858124
3269.531250,-46.165789
3281.250000,-55.238714
3292.968750,-46.533985
3304.687500,-42.344895
3316.406250,-41.363593
3328.125000,-43.019114
3339.843750,-45.882889
3351.562500,-43.326109
3363.281250,-44.306318
3375.000000,-48.130582
3386.718750,-48.058542
3398.437500,-39.798553
3410.156250,-38.714519
3421.875000,-44.187400
3433.593750,-46.436103
3445.312500,-45.260921
3457.031250,-45.871891
3468.750000,-44.753411
3480.468750,-39.847195
3492.187500,-38.195595
3503.906250,-41.502974
3515.625000,-45.749570
3527.343750,-44.145056
3539.062500,-41.547149
3550.781250,-49.686861
3562.500000,-54.715502
3574.218750,-48.492075
3585.937500,-45.591714
3597.656250,-45.582985
3609.375000,-47.672718
3621.093750,-41.634075
3632.812500,-44.581035
3644.531250,-46.469908
3656.250000,-45.273248
3667.968750,-54.001349
3679.687500,-47.743013
3691.406250,-42.489358
3703.125000,-40.936460
3714.843750,-44.906055
3726.562500,-47.888995
3738.281250,-46.301074
3750.000000,-47.412590
3761.718750,-47.889926
3773.437500,-66.829697
3785.156250,-45.426211
3796.875000,-44.003716
3808.593750,-50.019371
3820.312500,-60.367129
3832.031250,-55.136503
3843.750000,-49.872547
3855.468750,-54.916408
3867.187500,-48.275444
3878.906250,-50.350654
3890.625000,-50.357943
3902.343750,-47.029498
3914.062500,-54.260601
3925.781250,-42.653081
3937.500000,-40.796011
3949.218750,-46.167567
3960.937500,-54.104544
3972.656250,-43.617897
3984.375000,-41.515502
3996.093750,-43.935633
4007.812500,-44.475953
4019.531250,-43.746230
4031.250000,-40.845700
4042.968750,-44.973034
4054.687500,-43.772725
4066.406250,-39.006181
4078.125000,-41.018197
4089.843750,-49.026097
4101.562500,-56.720733
4113.281250,-46.223183
4125.000000,-57.270043
4136.718750,-64.120782
4148.437500,-54.215568
4160.156250,-53.727383
4171.875000,-50.139396
4183.593750,-52.414445
4195.312500,-44.086792
4207.031250,-41.614823
4218.750000,-47.705554
4230.468750,-58.035149
4242.187500,-42.670256
4253.906250,-42.039583
4265.625000,-45.918461
4277.343750,-48.412912
4289.062500,-52.036282
4300.781250,-45.214670
4312.500000,-54.788486
4324.218750,-41.528414
4335.937500,-39.943019
4347.656250,-42.919073
4359.375000,-43.912389
4371.093750,-44.405076
4382.812500,-64.719038
4394.531250,-53.010591
4406.250000,-50.196595
4417.968750,-48.098981
4429.687500,-61.745829
4441.406250,-50.351399
4453.125000,-44.871354
4464.843750,-42.756904
4476.562500,-45.184970
4488.281250,-59.157832
4500.000000,-46.112434
4511.718750,-44.236967
4523.437500,-49.735322
4535.156250,-48.077436
4546.875000,-43.364673
4558.593750,-46.889868
4570.312500,-54.625137
4582.031250,-51.935168
4593.750000,-40.240372
4605.468750,-42.401083
4617.187500,-53.148407
4628.906250,-56.839673
4640.625000,-48.369312
4652.343750,-52.871297
4664.062500,-51.791857
4675.781250,-51.611151
4687.500000,-52.765815
4699.218750,-49.781120
4710.937500,-49.932561
4722.656250,-54.421883
4734.375000,-47.178906
4746.093750,-55.033880
4757.812500,-49.944585
4769.531250,-51.642845
4781.250000,-51.416881
4792.968750,-45.192076
4804.687500,-52.079927
4816.406250,-62.109919
4828.125000,-56.462091
4839.843750,-70.670808
4851.562500,-51.595100
4863.281250,-55.410641
4875.000000,-47.077272
4886.718750,-49.823289
4898.437500,-47.666379
4910.156250,-45.145947
4921.875000,-43.528787
4933.593750,-43.839432
4945.312500,-44.407566
4957.031250,-43.109638
4968.750000,-50.174872
4980.468750,-54.400573
4992.187500,-63.729133
5003.906250,-45.110362
5015.625000,-45.137098
5027.343750,-47.203450
5039.062500,-44.195309
5050.781250,-46.167552
5062.500000,-77.241121
5074.218750,-52.493833
5085.937500,-50.536077
5097.656250,-46.123123
5109.375000,-50.455326
5121.093750,-52.384668
5132.812500,-48.413177
5144.531250,-50.419225
5156.250000,-54.524770
5167.968750,-46.913351
5179.687500,-48.171995
5191.406250,-46.327340
5203.125000,-48.209071
5214.843750,-50.162018
5226.562500,-46.253820
5238.281250,-50.749816
5250.000000,-53.193649
5261.718750,-52.427160
5273.437500,-48.763878
5285.156250,-46.351010
5296.875000,-50.366323
5308.593750,-46.749998
5320.312500,-43.939127
5332.031250,-46.288063
5343.750000,-51.555682
5355.468750,-53.005816
5367.187500,-56.769709
5378.906250,-51.835445
5390.625000,-54.972085
5402.343750,-47.037525
5414.062500,-43.594291
5425.781250,-50.085168
5437.500000,-49.080574
5449.218750,-46.439454
5460.937500,-53.377056
5472.656250,-47.294855
5484.375000,-45.487671
5496.093750,-45.142698
5507.812500,-57.615174
5519.531250,-47.243623
5531.250000,-50.662203
5542.968750,-50.952470
5554.687500,-51.826396
5566.406250,-53.540827
5578.125000,-54.183261
5589.843750,-51.517347
5601.562500,-51.783120
5613.281250,-56.054800
5625.000000,-47.090732
5636.718750,-48.302806
5648.437500,-45.094742
5660.156250,-46.211158
5671.875000,-54.285474
5683.593750,-58.736115
5695.312500,-48.410273
5707.031250,-44.587729
5718.750000,-50.147314
5730.468750,-47.664233
5742.187500,-45.109520
5753.906250,-48.797033
5765.625000,-50.699030
5777.343750,-48.893264
5789.062500,-53.516172
5800.781250,-52.024054
5812.500000,-53.737041
5824.218750,-68.294129
5835.937500,-59.221874
5847.656250,-56.104996
5859.375000,-54.141260
5871.093750,-52.105860
5882.812500,-61.079541
5894.531250,-72.008678
5906.250000,-68.970558
5917.968750,-50.912845
5929.687500,-42.218617
5941.406250,-40.825316
5953.125000,-43.377586
5964.843750,-46.315563
5976.562500,-50.210363
5988.281250,-47.498395
6000.000000,-46.471090
6011.718750,-44.844417
6023.437500,-48.563025
6035.156250,-61.293732
6046.875000,-61.820483
6058.593750,-55.391700
6070.312500,-51.229695
6082.031250,-68.462188
6093.750000,-47.679570
6105.468750,-44.189130
6117.187500,-50.221065
6128.906250,-54.739680
6140.625000,-51.404039
6152.343750,-53.016302
6164.062500,-59.251369
6175.781250,-48.130555
6187.500000,-46.404998
6199.218750,-46.678656
6210.937500,-52.333664
6222.656250,-74.733309
6234.375000,-51.716676
6246.093750,-51.516193
6257.812500,-60.558668
6269.531250,-62.449470
6281.250000,-60.637126
6292.968750,-51.089195
6304.687500,-49.926111
6316.406250,-49.137667
6328.125000,-49.387622
6339.843750,-52.741019
6351.562500,-57.595511
6363.281250,-57.676017
6375.000000,-56.432439
6386.718750,-58.801554
6398.437500,-52.936314
6410.156250,-51.057365
6421.875000,-49.869012
6433.593750,-49.130518
6445.312500,-51.624106
6457.031250,-54.734572
6468.750000,-48.305828
6480.468750,-47.159408
6492.187500,-65.935942
6503.906250,-50.447321
6515.625000,-54.051708
6527.343750,-54.044332
6539.062500,-50.607532
6550.781250,-49.137775
6562.500000,-54.362757
6574.218750,-58.060387
6585.937500,-58.705379
6597.656250,-54.125906
6609.375000,-55.441784
6621.093750,-49.970694
6632.812500,-50.114770
6644.531250,-71.389594
6656.250000,-50.183179
6667.968750,-48.511552
6679.687500,-55.087642
6691.406250,-46.048366
6703.125000,-50.794176
6714.843750,-54.746318
6726.562500,-54.703342
6738.281250,-55.048156
6750.000000,-57.523820
6761.718750,-57.021540
6773.437500,-57.490922
6785.156250,-65.330398
6796.875000,-51.505172
6808.593750,-52.714251
6820.312500,-58.505276
6832.031250,-59.003837
6843.750000,-59.588620
6855.468750,-56.246488
6867.187500,-51.762773
6878.906250,-57.823917
6890.625000,-60.462636
6902.343750,-54.757599
6914.062500,-55.839949
6925.781250,-59.127609
6937.500000,-70.696275
6949.218750,-55.523629
6960.937500,-51.235644
6972.656250,-50.287377
6984.375000,-50.794279
6996.093750,-59.129859
7007.812500,-56.650419
7019.531250,-60.982686
7031.250000,-76.564957
7042.968750,-59.499173
7054.687500,-60.372672
7066.406250,-81.092373
7078.125000,-57.576191
7089.843750,-55.262917
7101.562500,-58.682115
7113.281250,-53.217494
7125.000000,-59.864833
7136.718750,-55.450098
7148.437500,-59.987299
7160.156250,-56.415423
7171.875000,-55.430587
7183.593750,-59.366280
7195.312500,-56.463995
7207.031250,-53.673050
7218.750000,-55.501333
7230.468750,-50.889500
7242.187500,-50.321043
7253.906250,-56.582033
7265.625000,-58.272787
7277.343750,-62.335978
7289.062500,-55.391752
7300.781250,-64.142943
7312.500000,-67.212360
7324.218750,-59.761792
7335.937500,-61.475619
7347.656250,-77.644172
7359.375000,-59.245459
7371.093750,-58.689962
7382.812500,-62.590679
7394.531250,-57.976682
7406.250000,-60.321849
7417.968750,-59.174850
7429.687500,-55.332140
7441.406250,-65.050369
7453.125000,-55.631314
7464.843750,-62.247134
7476.562500,-55.465075
7488.281250,-66.216341
7500.000000,-54.216156
7511.718750,-61.552559
7523.437500,-65.078887
7535.156250,-69.925321
7546.875000,-64.513664
7558.593750,-63.770245
7570.312500,-61.564108
7582.031250,-60.576499
7593.750000,-57.966181
7605.468750,-56.482648
7617.187500,-57.667292
7628.906250,-61.499636
7640.625000,-69.871457
7652.343750,-61.288723
7664.062500,-60.259522
7675.781250,-56.957330
7687.500000,-57.598962
7699.218750,-61.682837
7710.937500,-60.818714
7722.656250,-59.104284
7734.375000,-57.791515
7746.093750,-54.063193
7757.812500,-52.626295
7769.531250,-57.144747
7781.250000,-56.069283
7792.968750,-53.254852
7804.687500,-56.163942
7816.406250,-64.660884
7828.125000,-61.359076
7839.843750,-61.779051
7851.562500,-66.784022
7863.281250,-61.104238
7875.000000,-60.340224
7886.718750,-68.007781
7898.437500,-63.810569
7910.156250,-61.638267
7921.875000,-77.680563
7933.593750,-65.100347
7945.312500,-65.316548
7957.031250,-58.962517
7968.750000,-61.057535
7980.468750,-60.339718
7992.187500,-64.597430
8003.906250,-61.582087
8015.625000,-60.873361
8027.343750,-61.290111
8039.062500,-58.236077
8050.781250,-60.332352
8062.500000,-65.254051
8074.218750,-57.115578
8085.937500,-59.047141
8097.656250,-65.654684
8109.375000,-70.452811
8121.093750,-73.090045
8132.812500,-68.283915
8144.531250,-73.322192
8156.250000,-62.205521
8167.968750,-57.595174
8179.687500,-58.279148
8191.406250,-60.829368
8203.125000,-61.445702
8214.843750,-69.059508
8226.562500,-67.352217
8238.281250,-61.130746
8250.000000,-57.637906
8261.718750,-58.454216
8273.437500,-74.927436
8285.156250,-60.127813
8296.875000,-67.681074
8308.593750,-67.964808
8320.312500,-63.743955
8332.031250,-61.169506
8343.750000,-59.694345
8355.468750,-62.788126
8367.187500,-67.321961
8378.906250,-58.747669
8390.625000,-64.103866
8402.343750,-69.794225
8414.062500,-73.981310
8425.781250,-70.477560
8437.500000,-66.896815
8449.218750,-61.272561
8460.937500,-59.719389
8472.656250,-61.037346
8484.375000,-72.254918
8496.093750,-64.986210
8507.812500,-75.545630
8519.531250,-65.650173
8531.250000,-62.276325
8542.968750,-67.119991
8554.687500,-75.222152
8566.406250,-69.164546
8578.125000,-66.410796
8589.843750,-61.043258
8601.562500,-60.557389
8613.281250,-68.873718
8625.000000,-70.429897
8636.718750,-68.176280
8648.437500,-63.354550
8660.156250,-68.206199
8671.875000,-78.677387
8683.593750,-73.554572
8695.312500,-74.348605
8707.031250,-71.096793
8718.750000,-89.230157
8730.468750,-67.592069
8742.187500,-63.920553
8753.906250,-67.300700
8765.625000,-72.313977
8777.343750,-64.115334
8789.062500,-63.114605
8800.781250,-63.906893
8812.500000,-74.151408
8824.218750,-81.231875
8835.937500,-70.051442
8847.656250,-65.541987
8859.375000,-72.268625
8871.093750,-64.848454
8882.812500,-64.756207
8894.531250,-69.199305
8906.250000,-67.922305
8917.968750,-69.723468
8929.687500,-69.557136
8941.406250,-70.806564
8953.125000,-70.436401
8964.843750,-70.308262
8976.562500,-64.078666
8988.281250,-64.842111
9000.000000,-69.133984
9011.718750,-77.647291
9023.437500,-76.798236
9035.156250,-72.690540
9046.875000,-70.737157
9058.593750,-75.669550
9070.312500,-79.164871
9082.031250,-76.143208
9093.750000,-76.624388
9105.468750,-74.242306
9117.187500,-75.780852
9128.906250,-84.329279
9140.625000,-77.986528
9152.343750,-80.295862
9164.062500,-76.427840
9175.781250,-78.707182
9187.500000,-80.003010
9199.218750,-76.763461
9210.937500,-81.866559
9222.656250,-79.204821
9234.375000,-78.871058
9246.093750,-83.688826
9257.812500,-80.578461
9269.531250,-80.985793
9281.250000,-81.537076
9292.968750,-75.479417
9304.687500,-84.627411
9316.406250,-89.904995
9328.125000,-80.192520
9339.843750,-78.579125
9351.562500,-78.402408
9363.281250,-82.490713
9375.000000,-84.523254
9386.718750,-80.744561
9398.437500,-84.673623
9410.156250,-86.538248
9421.875000,-88.852752
9433.593750,-86.461192
9445.312500,-85.804092
9457.031250,-84.354783
9468.750000,-85.661481
9480.468750,-91.430483
9492.187500,-94.078058
9503.906250,-103.214255
9515.625000,-100.835449
9527.343750,-97.512237
9539.062500,-94.371676
9550.781250,-97.546080
9562.500000,-109.492308
9574.218750,-109.272083
9585.937500,-108.842057
9597.656250,-130.567894
9609.375000,-121.730272
9621.093750,-104.187152
9632.812500,-101.164088
9644.531250,-105.541507
9656.250000,-95.983450
9667.968750,-98.637253
9679.687500,-90.943043
9691.406250,-90.029657
9703.125000,-107.817768
9714.843750,-87.783886
9726.562500,-88.701214
9738.281250,-90.657454
9750.000000,-93.056376
9761.718750,-89.091728
9773.437500,-91.932598
9785.156250,-87.702529
9796.875000,-88.863039
9808.593750,-92.070926
9820.312500,-90.220478
9832.031250,-90.584871
9843.750000,-89.134737
9855.468750,-95.600125
9867.187500,-95.767939
9878.906250,-86.177312
9890.625000,-82.386424
9902.343750,-78.822828
9914.062500,-75.550901
9925.781250,-78.585501
9937.500000,-96.402618
9949.218750,-81.918344
9960.937500,-79.242846
9972.656250,-83.232848
9984.375000,-79.229937
9996.093750,-78.991357
10007.812500,-84.137686
10019.531250,-86.599037
10031.250000,-93.619565
10042.968750,-85.098746
10054.687500,-78.983539
10066.406250,-74.433087
10078.125000,-73.607813
10089.843750,-77.821805
10101.562500,-80.563020
10113.281250,-82.003175
10125.000000,-77.828570
10136.718750,-81.803594
10148.437500,-86.862812
10160.156250,-77.548442
10171.875000,-76.058440
10183.593750,-72.705219
10195.312500,-74.749142
10207.031250,-83.532465
10218.750000,-79.292422
10230.468750,-88.194900
10242.187500,-74.141162
10253.906250,-69.208495
10265.625000,-75.593189
10277.343750,-80.443176
10289.062500,-74.531343
10300.781250,-72.308595
10312.500000,-72.719059
10324.218750,-72.523886
10335.937500,-75.422388
10347.656250,-76.218455
10359.375000,-74.386573
10371.093750,-75.840692
10382.812500,-81.223007
10394.531250,-84.284303
10406.250000,-75.916238
10417.968750,-77.195704
10429.687500,-87.960563
10441.406250,-76.498513
10453.125000,-80.398966
10464.843750,-86.097619
10476.562500,-82.353488
10488.281250,-73.997817
10500.000000,-71.051606
10511.718750,-73.825184
10523.437500,-70.466932
10535.156250,-68.694718
10546.875000,-71.371628
10558.593750,-71.539405
10570.312500,-74.326414
10582.031250,-78.626739
10593.750000,-73.508867
10605.468750,-70.751450
10617.187500,-72.569446
10628.906250,-75.668093
10640.625000,-77.764869
10652.343750,-84.013601
10664.062500,-84.409661
10675.781250,-78.995940
10687.500000,-77.689420
10699.218750,-81.144847
10710.937500,-74.929855
10722.656250,-72.935056
10734.375000,-76.691067
10746.093750,-73.763819
10757.812500,-75.020220
10769.531250,-76.585205
10781.250000,-76.413440
10792.968750,-73.672345
10804.687500,-74.791642
10816.406250,-71.458424
10828.125000,-73.809807
10839.843750,-79.299184
10851.562500,-91.009078
10863.281250,-82.197958
10875.000000,-76.164495
10886.718750,-74.972291
10898.437500,-75.522530
10910.156250,-78.491324
10921.875000,-91.689641
10933.593750,-79.531856
10945.312500,-80.412111
10957.031250,-77.014491
10968.750000,-78.191825
10980.468750,-76.363848
10992.187500,-78.020893
11003.906250,-73.437529
11015.625000,-72.635489
11027.343750,-86.108908
11039.062500,-75.649717
11050.781250,-80.850066
11062.500000,-80.130082
11074.218750,-78.511437
11085.937500,-83.464210
11097.656250,-75.818963
11109.375000,-74.039322
11121.093750,-80.693383
11132.812500,-78.590671
11144.531250,-74.660019
11156.250000,-76.674265
11167.968750,-89.431043
11179.687500,-84.391629
11191.406250,-85.244703
11203.125000,-82.142048
11214.843750,-92.465633
11226.562500,-78.722082
11238.281250,-78.293509
11250.000000,-78.022925
11261.718750,-77.929917
11273.437500,-79.792445
11285.156250,-77.423862
11296.875000,-78.000149
11308.593750,-84.171913
11320.312500,-73.257330
11332.031250,-80.213169
11343.750000,-83.665817
11355.468750,-78.929913
11367.187500,-76.724453
11378.906250,-85.285275
11390.625000,-77.083818
11402.343750,-80.408888
11414.062500,-75.207877
11425.781250,-73.196446
11437.500000,-74.989879
11449.218750,-74.718418
11460.937500,-73.791362
11472.656250,-79.231943
11484.375000,-74.222412
11496.093750,-74.644793
11507.812500,-80.756988
11519.531250,-82.982939
11531.250000,-80.126184
11542.968750,-77.131820
11554.687500,-79.986294
11566.406250,-81.591848
11578.125000,-80.162638
11589.843750,-80.654262
11601.562500,-84.063878
11613.281250,-86.140166
11625.000000,-87.775720
11636.718750,-87.778066
11648.437500,-82.566323
11660.156250,-92.975711
11671.875000,-82.475405
11683.593750,-82.433787
11695.312500,-83.236167
11707.031250,-87.415628
11718.750000,-88.139049
11730.468750,-86.204093
11742.187500,-78.390369
11753.906250,-80.957577
11765.625000,-87.217625
11777.343750,-89.653185
11789.062500,-79.642261
11800.781250,-80.864481
11812.500000,-91.820271
11824.218750,-100.233528
11835.937500,-94.440587
11847.656250,-85.823283
11859.375000,-88.910991
11871.093750,-88.397568
11882.812500,-86.810030
11894.531250,-98.066992
11906.250000,-96.363441
11917.968750,-95.854635
11929.687500,-107.490338
11941.406250,-104.417806
11953.125000,-100.031999
11964.843750,-111.176655
11976.562500,-112.071639
11988.281250,-137.399513
12000.000000,-186.630191
12011.718750,-111.558307
12023.437500,-107.131695
12035.156250,-98.805279
12046.875000,-92.747543
12058.593750,-91.915867
12070.312500,-107.975315
12082.031250,-92.527894
12093.750000,-90.733634
12105.468750,-91.364079
12117.187500,-89.971914
12128.906250,-89.946831
12140.625000,-87.140375
12152.343750,-88.185772
12164.062500,-94.318113
12175.781250,-86.764539
12187.500000,-83.546810
12199.218750,-87.390237
12210.937500,-81.984200
12222.656250,-79.146452
12234.375000,-83.193855
12246.093750,-83.378939
12257.812500,-78.753129
12269.531250,-83.171865
12281.250000,-88.796718
12292.968750,-82.831423
12304.687500,-82.976473
12316.406250,-85.236313
12328.125000,-84.516040
12339.843750,-87.486946
12351.562500,-91.601566
12363.281250,-85.257327
12375.000000,-81.494315
12386.718750,-87.345456
12398.437500,-83.168468
12410.156250,-78.624460
12421.875000,-80.924835
12433.593750,-76.713171
12445.312500,-76.700683
12457.031250,-85.131765
12468.750000,-80.247645
12480.468750,-79.898597
12492.187500,-68.743293
12503.906250,-70.853803
12515.625000,-74.230286
12527.343750,-83.330847
12539.062500,-75.697213
12550.781250,-84.165362
12562.500000,-74.558196
12574.218750,-73.876043
12585.937500,-83.509407
12597.656250,-80.771650
12609.375000,-80.205800
12621.093750,-79.074328
12632.812500,-72.278626
12644.531250,-75.135061
12656.250000,-78.088498
12667.968750,-79.272915
12679.687500,-76.728783
12691.406250,-83.034958
12703.125000,-71.399474
12714.843750,-73.742254
12726.562500,-72.492773
12738.281250,-68.292283
12750.000000,-71.252000
12761.718750,-74.549418
12773.437500,-75.632458
12785.156250,-90.613669
12796.875000,-79.174599
12808.593750,-75.873813
12820.312500,-78.491657
12832.031250,-74.915618
12843.750000,-76.075088
12855.468750,-77.352962
12867.187500,-68.899967
12878.906250,-69.281426
12890.625000,-73.043801
12902.343750,-75.999519
12914.062500,-81.061510
12925.781250,-74.671181
12937.500000,-66.062169
12949.218750,-68.731229
12960.937500,-76.204796
12972.656250,-73.504489
12984.375000,-70.002327
12996.093750,-68.839551
13007.812500,-69.636784
13019.531250,-69.227060
13031.250000,-66.173356
13042.968750,-76.094255
13054.687500,-76.679673
13066.406250,-82.013599
13078.125000,-74.395237
13089.843750,-79.741428
13101.562500,-76.140072
13113.281250,-72.676998
13125.000000,-64.447975
13136.718750,-66.013834
13148.437500,-71.697717
13160.156250,-74.224746
13171.875000,-72.767427
13183.593750,-70.778390
13195.312500,-66.203240
13207.031250,-65.318184
13218.750000,-75.481349
13230.468750,-76.081622
13242.187500,-77.808780
13253.906250,-77.807030
13265.625000,-67.584104
13277.343750,-70.390548
13289.062500,-72.416722
13300.781250,-65.532959
13312.500000,-67.909529
13324.218750,-79.748169
13335.937500,-71.101814
13347.656250,-66.354969
13359.375000,-64.274771
13371.093750,-65.042178
13382.812500,-71.088565
13394.531250,-66.842500
13406.250000,-64.200626
13417.968750,-63.519810
13429.687500,-60.780331
13441.406250,-61.341492
13453.125000,-62.891154
13464.843750,-61.364318
13476.562500,-63.282338
13488.281250,-68.825526
13500.000000,-64.342639
13511.718750,-67.136352
13523.437500,-66.555663
13535.156250,-66.816892
13546.875000,-70.618196
13558.593750,-79.373450
13570.312500,-65.770190
13582.031250,-67.388359
13593.750000,-70.427004
13605.468750,-68.698467
13617.187500,-70.323203
13628.906250,-71.768604
13640.625000,-75.295231
13652.343750,-67.468514
13664.062500,-63.674320
13675.781250,-62.577456
13687.500000,-60.056010
13699.218750,-63.070187
13710.937500,-77.819111
13722.656250,-80.845219
13734.375000,-73.507957
13746.093750,-66.958465
13757.812500,-70.460629
13769.531250,-63.327386
13781.250000,-66.070964
13792.968750,-63.874190
13804.687500,-64.386122
13816.406250,-70.758774
13828.125000,-67.077062
13839.843750,-65.592014
13851.562500,-64.787747
13863.281250,-63.081157
13875.000000,-71.570297
13886.718750,-71.396187
13898.437500,-73.749186
13910.156250,-72.231511
13921.875000,-66.363652
13933.593750,-68.582539
13945.312500,-70.465894
13957.031250,-60.778784
13968.750000,-60.540766
13980.468750,-63.666076
13992.187500,-71.904324
14003.906250,-65.411787
14015.625000,-70.679017
14027.343750,-72.107605
14039.062500,-64.261885
14050.781250,-62.477153
14062.500000,-68.066151
14074.218750,-76.708688
14085.937500,-70.393878
14097.656250,-77.972748
14109.375000,-75.937159
14121.093750,-85.301893
14132.812500,-72.028829
14144.531250,-65.313708
14156.250000,-68.062019
14167.968750,-70.435413
14179.687500,-63.865285
14191.406250,-63.146458
14203.125000,-67.458684
14214.843750,-73.519944
14226.562500,-65.561570
14238.281250,-61.637213
14250.000000,-65.772016
14261.718750,-68.813636
14273.437500,-65.541190
14285.156250,-67.003311
14296.875000,-65.179354
14308.593750,-60.738654
14320.312500,-62.187968
14332.031250,-64.780100
14343.750000,-72.358093
14355.468750,-67.820433
14367.187500,-63.816409
14378.906250,-68.733084
14390.625000,-72.181199
14402.343750,-63.192126
14414.062500,-64.236846
14425.781250,-60.886967
14437.500000,-58.150365
14449.218750,-59.390780
14460.937500,-58.894767
14472.656250,-56.306123
14484.375000,-56.299875
14496.093750,-62.235529
14507.812500,-74.905832
14519.531250,-74.346316
14531.250000,-80.709520
14542.968750,-67.891469
14554.687500,-61.147477
14566.406250,-65.707074
14578.125000,-66.524565
14589.843750,-72.962188
14601.562500,-65.787362
14613.281250,-63.879800
14625.000000,-62.862851
14636.718750,-61.694625
14648.437500,-60.188159
14660.156250,-62.604345
14671.875000,-70.542939
14683.593750,-71.401050
14695.312500,-70.009924
14707.031250,-92.032625
14718.750000,-81.321026
14730.468750,-66.290108
14742.187500,-66.247347
14753.906250,-60.139170
14765.625000,-61.797645
14777.343750,-67.124325
14789.062500,-69.899788
14800.781250,-73.994583
14812.500000,-69.199825
14824.218750,-61.506230
14835.937500,-67.357754
14847.656250,-66.435525
14859.375000,-64.230499
14871.093750,-65.897955
14882.812500,-72.864101
14894.531250,-66.259986
14906.250000,-62.883015
14917.968750,-66.536734
14929.687500,-66.876592
14941.406250,-72.563680
14953.125000,-64.664993
14964.843750,-66.632397
14976.562500,-70.242675
14988.281250,-62.435536
15000.000000,-62.323559
15011.718750,-60.904099
15023.437500,-59.468225
15035.156250,-64.924372
15046.875000,-67.727267
15058.593750,-60.870126
15070.312500,-59.086031
15082.031250,-62.356374
15093.750000,-69.038327
15105.468750,-62.327750
15117.187500,-65.516410
15128.906250,-77.438810
15140.625000,-64.274419
15152.343750,-61.847182
15164.062500,-59.757818
15175.781250,-57.101434
15187.500000,-58.620756
15199.218750,-63.725431
15210.937500,-73.081342
15222.656250,-77.039100
15234.375000,-82.048506
15246.093750,-68.985307
15257.812500,-61.323411
15269.531250,-64.120152
15281.250000,-64.959853
15292.968750,-70.060086
15304.687500,-81.880414
15316.406250,-64.318578
15328.125000,-62.704816
15339.843750,-61.818704
15351.562500,-61.503539
15363.281250,-59.393518
15375.000000,-59.004068
15386.718750,-69.665111
15398.437500,-58.712316
15410.156250,-58.010612
15421.875000,-67.664719
15433.593750,-67.971524
15445.312500,-63.131861
15457.031250,-65.004873
15468.750000,-57.672734
15480.468750,-55.302722
15492.187500,-63.924342
15503.906250,-65.930198
15515.625000,-70.100745
15527.343750,-57.773796
15539.062500,-59.877152
15550.781250,-72.523889
15562.500000,-65.348253
15574.218750,-59.728550
15585.937500,-60.633573
15597.656250,-63.137267
15609.375000,-62.252667
15621.093750,-65.398664
15632.812500,-65.757059
15644.531250,-63.378762
15656.250000,-62.315590
15667.968750,-68.402533
15679.687500,-80.455161
15691.406250,-66.635780
15703.125000,-59.298353
15714.843750,-60.964735
15726.562500,-63.921999
15738.281250,-63.137821
15750.000000,-67.073152
15761.718750,-56.625211
15773.437500,-58.393857
15785.156250,-67.944309
15796.875000,-61.598456
15808.593750,-65.814332
15820.312500,-65.752704
15832.031250,-65.861950
15843.750000,-63.702528
15855.468750,-68.192897
15867.187500,-64.283445
15878.906250,-61.511665
15890.625000,-64.310625
15902.343750,-61.403798
15914.062500,-58.972584
15925.781250,-62.113214
15937.500000,-68.775884
15949.218750,-63.456797
15960.937500,-66.535434
15972.656250,-65.713698
15984.375000,-61.442030
15996.093750,-58.968830
16007.812500,-65.974848
16019.531250,-63.399598
16031.250000,-65.570482
16042.968750,-59.416914
16054.687500,-60.797053
16066.406250,-63.088328
16078.125000,-64.526912
16089.843750,-65.519185
16101.562500,-73.829575
16113.281250,-62.707129
16125.000000,-64.107521
16136.718750,-70.509939
16148.437500,-66.843888
16160.156250,-60.763198
16171.875000,-61.100295
16183.593750,-64.096091
16195.312500,-73.776544
16207.031250,-73.974776
16218.750000,-72.729868
16230.468750,-69.460631
16242.187500,-65.680646
16253.906250,-65.082973
16265.625000,-68.055962
16277.343750,-63.451821
16289.062500,-58.976165
16300.781250,-69.138492
16312.500000,-68.003650
16324.218750,-69.530637
16335.937500,-64.520700
16347.656250,-62.492433
16359.375000,-65.825100
16371.093750,-62.610684
16382.812500,-58.137092
16394.531250,-64.701770
16406.250000,-69.106504
16417.968750,-63.594957
16429.687500,-67.101251
16441.406250,-70.371514
16453.125000,-69.120178
16464.843750,-68.480359
16476.562500,-70.156564
16488.281250,-75.189804
16500.000000,-65.428712
16511.718750,-61.258371
16523.437500,-56.651855
16535.156250,-56.519978
16546.875000,-61.895430
16558.593750,-68.883266
16570.312500,-68.307616
16582.031250,-67.374448
16593.750000,-77.135282
16605.468750,-64.376657
16617.187500,-61.457887
16628.906250,-63.199108
16640.625000,-71.268438
16652.343750,-68.510658
16664.062500,-70.852476
16675.781250,-63.594633
16687.500000,-64.653612
16699.218750,-65.790265
16710.937500,-64.469499
16722.656250,-66.740759
16734.375000,-81.065752
16746.093750,-68.871738
16757.812500,-71.773125
16769.531250,-81.451211
16781.250000,-67.673560
16792.968750,-70.227263
16804.687500,-68.167670
16816.406250,-64.512723
16828.125000,-64.511212
16839.843750,-61.575830
16851.562500,-62.231908
16863.281250,-63.913904
16875.000000,-62.732073
16886.718750,-62.533000
16898.437500,-62.207454
16910.156250,-61.392519
16921.875000,-60.234981
16933.593750,-65.965935
16945.312500,-63.890866
16957.031250,-68.071706
16968.750000,-63.626478
16980.468750,-67.169786
16992.187500,-69.653888
17003.906250,-71.573131
17015.625000,-67.874012
17027.343750,-64.695398
17039.062500,-66.504327
17050.781250,-73.095132
17062.500000,-64.845206
17074.218750,-60.901613
17085.937500,-68.391948
17097.656250,-69.330785
17109.375000,-70.136822
17121.093750,-78.564950
17132.812500,-67.129546
17144.531250,-71.733952
17156.250000,-76.803780
17167.968750,-80.952682
17179.687500,-72.917385
17191.406250,-64.842222
17203.125000,-63.924057
17214.843750,-69.890658
17226.562500,-70.681590
17238.281250,-69.328637
17250.000000,-60.505434
17261.718750,-63.391023
17273.437500,-70.466670
17285.156250,-78.741249
17296.875000,-71.055485
17308.593750,-71.024813
17320.312500,-65.657998
17332.031250,-62.814424
17343.750000,-73.404221
17355.468750,-69.987306
17367.187500,-71.100191
17378.906250,-67.082500
17390.625000,-65.218112
17402.343750,-65.287132
17414.062500,-67.087778
17425.781250,-75.174019
17437.500000,-79.069301
17449.218750,-72.429303
17460.937500,-73.156910
17472.656250,-68.432050
17484.375000,-76.916370
17496.093750,-62.242589
17507.812500,-69.895930
17519.531250,-70.401577
17531.250000,-64.783502
17542.968750,-65.495956
17554.687500,-72.180751
17566.406250,-73.503089
17578.125000,-81.375268
17589.843750,-85.182348
17601.562500,-76.816621
17613.281250,-67.199979
17625.000000,-64.539413
17636.718750,-64.662504
17648.437500,-65.403291
17660.156250,-69.722642
17671.875000,-87.316973
17683.593750,-73.438178
17695.312500,-82.635750
17707.031250,-68.305751
17718.750000,-64.519243
17730.468750,-69.889436
17742.187500,-78.899140
17753.906250,-73.119728
17765.625000,-73.319072
17777.343750,-68.357375
17789.062500,-69.392096
17800.781250,-71.986720
17812.500000,-69.374034
17824.218750,-73.602671
17835.937500,-75.457918
17847.656250,-67.586253
17859.375000,-68.982821
17871.093750,-78.022734
17882.812500,-66.011143
17894.531250,-70.176323
17906.250000,-76.050981
17917.968750,-68.533243
17929.687500,-66.845824
17941.406250,-70.169769
17953.125000,-72.253002
17964.843750,-80.475066
17976.562500,-77.355468
17988.281250,-72.555812
18000.000000,-74.183131
18011.718750,-75.180141
18023.437500,-71.049361
18035.156250,-70.257299
18046.875000,-75.539869
18058.593750,-71.677530
18070.312500,-73.470349
18082.031250,-83.246263
18093.750000,-72.287681
18105.468750,-72.158972
18117.187500,-66.695507
18128.906250,-63.991041
18140.625000,-63.975054
18152.343750,-63.378512
18164.062500,-66.424763
18175.781250,-75.911844
18187.500000,-80.270522
18199.218750,-75.777637
18210.937500,-74.924147
18222.656250,-71.982933
18234.375000,-82.329139
18246.093750,-73.426224
18257.812500,-73.534223
18269.531250,-75.815762
18281.250000,-70.654544
18292.968750,-72.015506
18304.687500,-75.603245
18316.406250,-70.546705
18328.125000,-73.439474
18339.843750,-76.604436
18351.562500,-78.666721
18363.281250,-85.742152
18375.000000,-71.153660
18386.718750,-68.663773
18398.437500,-72.540189
18410.156250,-72.027423
18421.875000,-69.977928
18433.593750,-70.039699
18445.312500,-69.364116
18457.031250,-69.603709
18468.750000,-75.224182
18480.468750,-73.559539
18492.187500,-70.888421
18503.906250,-76.533813
18515.625000,-81.190368
18527.343750,-77.231163
18539.062500,-90.694467
18550.781250,-90.534595
18562.500000,-91.562382
18574.218750,-78.381950
18585.937500,-72.733270
18597.656250,-84.332182
18609.375000,-78.555365
18621.093750,-78.043952
18632.812500,-79.291868
18644.531250,-81.287059
18656.250000,-81.782105
18667.968750,-93.780309
18679.687500,-75.188109
18691.406250,-72.749267
18703.125000,-73.928125
18714.843750,-78.165323
18726.562500,-89.867904
18738.281250,-73.420280
18750.000000,-73.155914
18761.718750,-78.900924
18773.437500,-84.161015
18785.156250,-74.917541
18796.875000,-75.265346
18808.593750,-84.579119
18820.312500,-89.914785
18832.031250,-86.768674
18843.750000,-87.869264
18855.468750,-95.794290
18867.187500,-80.884703
18878.906250,-80.022591
18890.625000,-89.505124
18902.343750,-86.622850
18914.062500,-85.181047
18925.781250,-92.977329
18937.500000,-88.112599
18949.218750,-90.085316
18960.937500,-84.312434
18972.656250,-85.181303
18984.375000,-82.601482
18996.093750,-95.981915
19007.812500,-85.537363
19019.531250,-86.830404
19031.250000,-95.372173
19042.968750,-85.607656
19054.687500,-85.376820
19066.406250,-92.759508
19078.125000,-99.445430
19089.843750,-91.261079
19101.562500,-89.559367
19113.281250,-96.039901
19125.000000,-110.085791
19136.718750,-98.371509
19148.437500,-96.155909
19160.156250,-106.227477
19171.875000,-104.436152
19183.593750,-112.020178
19195.312500,-127.452071
19207.031250,-114.023361
19218.750000,-99.703590
19230.468750,-99.492391
19242.187500,-97.543369
19253.906250,-93.036402
19265.625000,-101.505982
19277.343750,-95.153892
19289.062500,-91.876357
19300.781250,-94.265651
19312.500000,-94.267012
19324.218750,-99.012525
19335.937500,-100.302057
19347.656250,-94.161320
19359.375000,-90.613356
19371.093750,-85.650868
19382.812500,-88.421443
19394.531250,-99.275683
19406.250000,-84.641295
19417.968750,-84.326216
19429.687500,-84.784966
19441.406250,-81.269373
19453.125000,-83.411664
19464.843750,-83.243889
19476.562500,-80.366793
19488.281250,-80.215766
19500.000000,-81.556218
19511.718750,-95.217686
19523.437500,-82.778880
19535.156250,-80.211759
19546.875000,-89.786178
19558.593750,-83.181138
19570.312500,-81.993275
19582.031250,-92.403854
19593.750000,-87.322428
19605.468750,-83.411862
19617.187500,-79.343340
19628.906250,-78.834120
19640.625000,-79.890781
19652.343750,-90.005457
19664.062500,-84.290204
19675.781250,-89.074545
19687.500000,-74.567726
19699.218750,-78.662561
19710.937500,-77.091955
19722.656250,-79.091499
19734.375000,-73.956767
19746.093750,-78.773482
19757.812500,-91.219352
19769.531250,-90.635888
19781.250000,-86.547856
19792.968750,-86.845670
19804.687500,-82.550185
19816.406250,-92.164045
19828.125000,-77.302998
19839.843750,-77.446941
19851.562500,-78.155027
19863.281250,-76.281417
19875.000000,-73.255018
19886.718750,-74.827287
19898.437500,-77.498869
19910.156250,-76.007268
19921.875000,-76.116968
19933.593750,-73.905816
19945.312500,-73.742669
19957.031250,-72.970175
19968.750000,-78.204921
19980.468750,-96.883114
19992.187500,-79.795795
20003.906250,-77.163383
20015.625000,-85.846332
20027.343750,-77.928778
20039.062500,-83.112205
20050.781250,-72.893023
20062.500000,-79.576981
20074.218750,-74.951483
20085.937500,-76.276119
20097.656250,-79.993791
20109.375000,-75.104611
20121.093750,-69.819321
20132.812500,-73.988328
20144.531250,-85.330569
20156.250000,-78.776048
20167.968750,-77.080296
20179.687500,-77.031707
20191.406250,-83.351435
20203.125000,-76.307817
20214.843750,-74.217405
20226.562500,-71.744765
20238.281250,-70.683988
20250.000000,-73.118123
20261.718750,-76.899484
20273.437500,-69.746661
20285.156250,-73.186294
20296.875000,-85.225554
20308.593750,-77.560917
20320.312500,-76.498435
20332.031250,-86.963298
20343.750000,-78.955247
20355.468750,-70.948166
20367.187500,-75.247272
20378.906250,-74.342654
20390.625000,-79.028400
20402.343750,-76.374996
20414.062500,-72.186885
20425.781250,-73.543623
20437.500000,-79.243756
20449.218750,-76.662762
20460.937500,-74.589196
20472.656250,-70.889109
20484.375000,-77.918279
20496.093750,-72.987341
20507.812500,-67.254207
20519.531250,-65.351535
20531.250000,-69.675114
20542.968750,-75.699295
20554.687500,-78.658089
20566.406250,-75.507447
20578.125000,-82.611021
20589.843750,-84.850936
20601.562500,-85.023279
20613.281250,-72.352875
20625.000000,-69.110868
20636.718750,-69.683599
20648.437500,-71.012970
20660.156250,-74.572437
20671.875000,-75.005166
20683.593750,-72.226516
20695.312500,-72.855180
20707.031250,-85.278404
20718.750000,-83.041330
20730.468750,-73.215326
20742.187500,-67.206102
20753.906250,-67.743624
20765.625000,-71.802294
20777.343750,-72.179989
20789.062500,-72.604506
20800.781250,-69.257524
20812.500000,-70.598457
20824.218750,-67.738125
20835.937500,-72.061592
20847.656250,-75.931009
20859.375000,-81.044534
20871.093750,-78.344885
20882.812500,-72.048756
20894.531250,-73.158156
20906.250000,-71.028373
20917.968750,-78.582086
20929.687500,-77.319911
20941.406250,-71.739215
20953.125000,-75.399233
20964.843750,-71.897991
20976.562500,-86.709882
20988.281250,-70.954774
21000.000000,-74.478396
21011.718750,-69.673167
21023.437500,-65.570120
21035.156250,-66.695084
21046.875000,-70.937559
21058.593750,-64.492136
21070.312500,-72.492262
21082.031250,-82.391115
21093.750000,-69.853472
21105.468750,-68.439265
21117.187500,-66.367183
21128.906250,-65.083874
21140.625000,-69.909518
21152.343750,-65.774981
21164.062500,-69.807784
21175.781250,-71.246629
21187.500000,-70.754837
21199.218750,-73.332058
21210.937500,-78.006475
21222.656250,-75.251976
21234.375000,-69.073493
21246.093750,-75.576137
21257.812500,-68.730405
21269.531250,-66.973522
21281.250000,-71.633469
21292.968750,-77.209091
21304.687500,-74.647054
21316.406250,-77.106254
21328.125000,-77.750561
21339.843750,-71.902383
21351.562500,-86.031744
21363.281250,-69.418341
21375.000000,-75.296327
21386.718750,-67.483052
21398.437500,-75.424936
21410.156250,-79.155657
21421.875000,-74.522822
21433.593750,-70.370739
21445.312500,-70.231053
21457.031250,-69.031370
21468.750000,-69.128168
21480.468750,-72.396242
21492.187500,-75.774630
21503.906250,-70.747431
21515.625000,-76.513321
21527.343750,-69.591805
21539.062500,-72.146737
21550.781250,-65.448885
21562.500000,-70.128377
21574.218750,-70.246712
21585.937500,-68.893411
21597.656250,-69.349071
21609.375000,-68.992359
21621.093750,-71.616746
21632.812500,-70.861350
21644.531250,-71.338672
21656.250000,-70.598431
21667.968750,-73.019504
21679.687500,-69.184370
21691.406250,-71.270241
21703.125000,-67.596331
21714.843750,-68.269176
21726.562500,-71.188054
21738.281250,-70.659003
21750.000000,-73.732262
21761.718750,-70.443321
21773.437500,-68.810393
21785.156250,-69.968850
21796.875000,-67.950828
21808.593750,-68.381906
21820.312500,-76.645793
21832.031250,-76.376032
21843.750000,-72.683610
21855.468750,-73.441789
21867.187500,-76.226091
21878.906250,-71.044575
21890.625000,-68.700736
21902.343750,-71.126697
21914.062500,-71.253887
21925.781250,-70.133852
21937.500000,-78.082776
21949.218750,-72.031011
21960.937500,-72.492017
21972.656250,-70.113862
21984.375000,-66.825225
21996.093750,-68.806382
22007.812500,-75.485716
22019.531250,-74.088789
22031.250000,-66.544480
22042.968750,-65.747885
22054.687500,-73.425369
22066.406250,-72.855956
22078.125000,-69.248987
22089.843750,-70.282360
22101.562500,-70.043215
22113.281250,-72.733397
22125.000000,-70.008206
22136.718750,-72.862000
22148.437500,-67.553565
22160.156250,-75.075043
22171.875000,-66.806723
22183.593750,-67.244537
22195.312500,-75.353640
22207.031250,-73.608614
22218.750000,-77.115248
22230.468750,-70.792521
22242.187500,-69.566072
22253.906250,-74.280110
22265.625000,-71.049358
22277.343750,-79.540330
22289.062500,-67.973138
22300.781250,-69.110891
22312.500000,-75.328969
22324.218750,-74.423376
22335.937500,-71.901105
22347.656250,-81.720674
22359.375000,-69.841439
22371.093750,-74.949685
22382.812500,-79.085415
22394.531250,-73.392653
22406.250000,-77.612131
22417.968750,-82.331908
22429.687500,-78.555500
22441.406250,-77.263030
22453.125000,-85.721318
22464.843750,-76.245745
22476.562500,-70.500343
22488.281250,-76.392952
22500.000000,-72.920665
22511.718750,-80.432069
22523.437500,-72.802032
22535.156250,-73.772676
22546.875000,-76.818172
22558.593750,-73.106981
22570.312500,-72.941388
22582.031250,-77.396856
22593.750000,-80.808169
22605.468750,-83.793317
22617.187500,-79.547060
22628.906250,-79.680700
22640.625000,-77.385431
22652.343750,-72.276756
22664.062500,-72.451396
22675.781250,-77.260378
22687.500000,-75.636507
22699.218750,-71.060676
22710.937500,-75.771805
22722.656250,-77.066660
22734.375000,-72.721097
22746.093750,-77.537115
22757.812500,-70.921503
22769.531250,-69.157372
22781.250000,-70.476469
22792.968750,-75.834149
22804.687500,-72.929182
22816.406250,-78.108043
22828.125000,-80.036124
22839.843750,-80.136194
22851.562500,-74.846212
22863.281250,-77.510649
22875.000000,-70.517127
22886.718750,-73.782420
22898.437500,-71.362373
22910.156250,-73.233972
22921.875000,-80.465769
22933.593750,-80.729500
22945.312500,-74.355119
22957.031250,-72.910795
22968.750000,-75.890475
22980.468750,-74.858062
22992.187500,-72.260401
23003.906250,-73.586784
23015.625000,-82.709703
23027.343750,-87.141932
23039.062500,-74.253070
23050.781250,-75.410109
23062.500000,-92.127576
23074.218750,-76.553983
23085.937500,-74.488474
23097.656250,-73.525268
23109.375000,-72.423257
23121.093750,-77.038582
23132.812500,-89.303144
23144.531250,-80.559252
23156.250000,-80.561562
23167.968750,-76.284769
23179.687500,-76.191111
23191.406250,-78.744038
23203.125000,-78.223641
23214.843750,-81.172389
23226.562500,-82.455796
23238.281250,-77.416726
23250.000000,-76.028014
23261.718750,-75.762851
23273.437500,-95.150317
23285.156250,-75.050850
23296.875000,-77.237090
23308.593750,-82.284047
23320.312500,-88.489945
23332.031250,-80.714306
23343.750000,-82.291652
23355.468750,-93.776810
23367.187500,-80.917273
23378.906250,-81.033774
23390.625000,-81.359459
23402.343750,-80.247318
23414.062500,-75.282034
23425.781250,-74.375151
23437.500000,-74.570662
23449.218750,-79.790862
23460.937500,-89.241891
23472.656250,-83.207252
23484.375000,-84.677402
23496.093750,-78.314508
23507.812500,-80.476874
23519.531250,-89.100526
23531.250000,-90.437162
23542.968750,-93.563411
23554.687500,-91.691153
23566.406250,-86.083913
23578.125000,-94.531667
23589.843750,-89.098233
23601.562500,-85.181523
23613.281250,-87.250439
23625.000000,-89.580983
23636.718750,-86.513075
23648.437500,-82.239690
23660.156250,-90.901523
23671.875000,-91.216058
23683.593750,-82.076032
23695.312500,-79.763685
23707.031250,-83.270986
23718.750000,-91.767256
23730.468750,-89.752130
23742.187500,-94.353363
23753.906250,-89.912170
23765.625000,-90.248656
23777.343750,-91.688925
23789.062500,-95.398478
23800.781250,-87.260503
23812.500000,-95.642965
23824.218750,-101.792933
23835.937500,-93.780855
23847.656250,-89.811480
23859.375000,-88.010233
23871.093750,-88.334565
23882.812500,-91.410028
23894.531250,-96.374002
23906.250000,-99.948331
23917.968750,-94.173598
23929.687500,-96.639053
23941.406250,-97.349294
23953.125000,-109.406117
23964.843750,-102.572440
23976.562500,-110.200030
23988.281250,-116.520660
