-4000.000000,-183.392573
-3998.046875,-112.381322
-3996.093750,-106.640485
-3994.140625,-99.325216
-3992.187500,-103.490394
-3990.234375,-131.021282
-3988.281250,-99.485898
-3986.328125,-91.662636
-3984.375000,-91.223595
-3982.421875,-98.266057
-3980.468750,-92.930367
-3978.515625,-96.585165
-3976.562500,-104.224400
-3974.609375,-93.365577
-3972.656250,-85.979641
-3970.703125,-86.070306
-3968.750000,-86.198794
-3966.796875,-97.133862
-3964.843750,-90.496036
-3962.890625,-88.694119
-3960.937500,-84.188459
-3958.984375,-87.836386
-3957.031250,-94.444775
-3955.078125,-84.831373
-3953.125000,-85.859858
-3951.171875,-83.850788
-3949.218750,-83.314728
-3947.265625,-83.890655
-3945.312500,-88.985859
-3943.359375,-88.420292
-3941.406250,-90.927345
-3939.453125,-91.087091
-3937.500000,-90.080191
-3935.546875,-86.452781
-3933.593750,-86.220190
-3931.640625,-82.477169
-3929.687500,-78.477679
-3927.734375,-77.205175
-3925.781250,-78.536516
-3923.828125,-92.065067
-3921.875000,-91.690735
-3919.921875,-79.600762
-3917.968750,-82.267986
-3916.015625,-85.088634
-3914.062500,-81.766346
-3912.109375,-80.400272
-3910.156250,-80.476620
-3908.203125,-79.028077
-3906.250000,-75.352595
-3904.296875,-72.620145
-3902.343750,-77.493281
-3900.390625,-83.680736
-3898.437500,-83.161628
-3896.484375,-80.006574
-3894.531250,-91.463760
-3892.578125,-80.869949
-3890.625000,-78.409876
-3888.671875,-78.023435
-3886.718750,-102.308164
-3884.765625,-80.456458
-3882.812500,-83.932722
-3880.859375,-81.036888
-3878.906250,-72.603727
-3876.953125,-70.710320
-3875.000000,-75.609367
-3873.046875,-91.174434
-3871.093750,-89.117689
-3869.140625,-78.892771
-3867.187500,-76.598322
-3865.234375,-72.100984
-3863.281250,-70.638087
-3861.328125,-75.022450
-3859.375000,-76.813997
-3857.421875,-81.275336
-3855.468750,-73.081659
-3853.515625,-70.129237
-3851.562500,-83.461835
-3849.609375,-76.922257
-3847.656250,-77.409595
-3845.703125,-77.485469
-3843.750000,-85.036162
-3841.796875,-72.150977
-3839.843750,-72.117081
-3837.890625,-75.674982
-3835.937500,-72.392988
-3833.984375,-79.661811
-3832.031250,-80.095572
-3830.078125,-79.935731
-3828.125000,-85.113494
-3826.171875,-74.637498
-3824.218750,-76.359029
-3822.265625,-85.324304
-3820.312500,-75.947827
-3818.359375,-74.937754
-3816.406250,-75.623367
-3814.453125,-77.367891
-3812.500000,-74.767396
-3810.546875,-77.979145
-3808.593750,-76.388589
-3806.640625,-73.560655
-3804.687500,-72.544842
-3802.734375,-80.140616
-3800.781250,-74.775300
-3798.828125,-76.468598
-3796.875000,-77.245672
-3794.921875,-76.877014
-3792.968750,-75.764196
-3791.015625,-73.964416
-3789.062500,-71.067344
-3787.109375,-76.657435
-3785.156250,-92.230514
-3783.203125,-78.758895
-3781.250000,-83.942487
-3779.296875,-74.722592
-3777.343750,-74.496545
-3775.390625,-86.738650
-3773.437500,-84.659647
-3771.484375,-77.905228
-3769.531250,-75.896094
-3767.578125,-70.930671
-3765.625000,-72.341487
-3763.671875,-85.224969
-3761.718750,-81.575821
-3759.765625,-74.972366
-3757.812500,-88.731186
-3755.859375,-71.543006
-3753.906250,-73.318354
-3751.953125,-72.395558
-3750.000000,-70.968953
-3748.046875,-87.633807
-3746.093750,-106.220915
-3744.140625,-77.178351
-3742.187500,-80.170344
-3740.234375,-82.516765
-3738.281250,-81.606272
-3736.328125,-80.016297
-3734.375000,-71.324462
-3732.421875,-77.433850
-3730.468750,-69.351914
-3728.515625,-70.512160
-3726.562500,-75.725144
-3724.609375,-73.355798
-3722.656250,-81.244243
-3720.703125,-75.327187
-3718.750000,-75.902212
-3716.796875,-83.243365
-3714.843750,-87.329180
-3712.890625,-77.355591
-3710.937500,-82.380142
-3708.984375,-70.770652
-3707.031250,-70.071630
-3705.078125,-77.356162
-3703.125000,-89.598091
-3701.171875,-85.091164
-3699.218750,-79.366051
-3697.265625,-72.372297
-3695.312500,-69.057090
-3693.359375,-64.570977
-3691.406250,-65.707696
-3689.453125,-69.142469
-3687.500000,-68.344474
-3685.546875,-68.661192
-3683.593750,-69.015402
-3681.640625,-70.524906
-3679.687500,-80.148063
-3677.734375,-84.603672
-3675.781250,-78.139496
-3673.828125,-84.868755
-3671.875000,-91.031289
-3669.921875,-82.774215
-3667.968750,-79.436180
-3666.015625,-75.803801
-3664.062500,-72.524574
-3662.109375,-75.171088
-3660.156250,-83.850102
-3658.203125,-71.824439
-3656.250000,-69.506481
-3654.296875,-75.718232
-3652.343750,-79.765701
-3650.390625,-75.246837
-3648.437500,-76.911188
-3646.484375,-73.827029
-3644.531250,-74.950255
-3642.578125,-77.761149
-3640.625000,-75.146145
-3638.671875,-80.475434
-3636.718750,-77.457101
-3634.765625,-72.800529
-3632.812500,-79.106547
-3630.859375,-77.941927
-3628.906250,-75.494505
-3626.953125,-71.413282
-3625.000000,-70.193813
-3623.046875,-72.982037
-3621.093750,-73.554376
-3619.140625,-72.628557
-3617.187500,-72.888828
-3615.234375,-74.494938
-3613.281250,-75.072271
-3611.328125,-70.966236
-3609.375000,-77.677745
-3607.421875,-70.087588
-3605.468750,-77.568847
-3603.515625,-77.224442
-3601.562500,-77.877799
-3599.609375,-79.020452
-3597.656250,-75.279733
-3595.703125,-78.190390
-3593.750000,-77.133390
-3591.796875,-76.074514
-3589.843750,-76.187441
-3587.890625,-81.833055
-3585.937500,-77.550590
-3583.984375,-74.870575
-3582.031250,-69.854234
-3580.078125,-72.024833
-3578.125000,-73.875459
-3576.171875,-74.038642
-3574.218750,-72.709290
-3572.265625,-69.896546
-3570.312500,-72.529459
-3568.359375,-86.895376
-3566.406250,-82.670833
-3564.453125,-82.780312
-3562.500000,-76.249249
-3560.546875,-67.063053
-3558.593750,-67.887097
-3556.640625,-70.645328
-3554.687500,-71.262094
-3552.734375,-77.409924
-3550.781250,-81.114392
-3548.828125,-77.536409
-3546.875000,-80.306425
-3544.921875,-72.254259
-3542.968750,-75.303279
-3541.015625,-78.659341
-3539.062500,-69.763838
-3537.109375,-71.444505
-3535.156250,-73.282222
-3533.203125,-66.864289
-3531.250000,-73.080948
-3529.296875,-78.527480
-3527.343750,-74.179040
-3525.390625,-72.217388
-3523.437500,-72.808327
-3521.484375,-76.425812
-3519.531250,-89.059881
-3517.578125,-89.643609
-3515.625000,-73.613335
-3513.671875,-80.414840
-3511.718750,-75.568765
-3509.765625,-75.062697
-3507.812500,-84.291108
-3505.859375,-77.431954
-3503.906250,-78.455610
-3501.953125,-89.960518
-3500.000000,-75.833697
-3498.046875,-71.241917
-3496.093750,-71.097973
-3494.140625,-82.740721
-3492.187500,-81.733627
-3490.234375,-77.790171
-3488.281250,-72.884242
-3486.328125,-70.498048
-3484.375000,-77.818068
-3482.421875,-74.014781
-3480.468750,-72.238696
-3478.515625,-73.548105
-3476.562500,-81.510505
-3474.609375,-77.580829
-3472.656250,-73.403440
-3470.703125,-73.588122
-3468.750000,-70.740195
-3466.796875,-74.360549
-3464.843750,-69.962511
-3462.890625,-67.765615
-3460.937500,-68.696444
-3458.984375,-73.574749
-3457.031250,-72.001532
-3455.078125,-77.110041
-3453.125000,-83.233557
-3451.171875,-82.012817
-3449.218750,-77.950891
-3447.265625,-78.542240
-3445.312500,-76.229212
-3443.359375,-75.479593
-3441.406250,-77.333473
-3439.453125,-78.467346
-3437.500000,-77.416399
-3435.546875,-101.157363
-3433.593750,-79.092695
-3431.640625,-74.844951
-3429.687500,-81.929103
-3427.734375,-79.431071
-3425.781250,-73.851676
-3423.828125,-70.907872
-3421.875000,-73.499717
-3419.921875,-72.996547
-3417.968750,-74.304244
-3416.015625,-78.225034
-3414.062500,-85.914177
-3412.109375,-76.677369
-3410.156250,-81.344685
-3408.203125,-76.384751
-3406.250000,-70.400796
-3404.296875,-73.597094
-3402.343750,-75.444403
-3400.390625,-72.567663
-3398.437500,-76.527068
-3396.484375,-76.741620
-3394.531250,-83.269514
-3392.578125,-106.282129
-3390.625000,-75.004234
-3388.671875,-73.129272
-3386.718750,-91.889322
-3384.765625,-77.358264
-3382.812500,-92.622671
-3380.859375,-79.204525
-3378.906250,-75.990765
-3376.953125,-76.086684
-3375.000000,-76.602452
-3373.046875,-71.888420
-3371.093750,-73.502450
-3369.140625,-81.662190
-3367.187500,-88.752822
-3365.234375,-94.622890
-3363.281250,-92.968989
-3361.328125,-81.715017
-3359.375000,-78.491671
-3357.421875,-76.200907
-3355.468750,-77.883566
-3353.515625,-88.134764
-3351.562500,-79.658066
-3349.609375,-76.449488
-3347.656250,-77.556206
-3345.703125,-79.033761
-3343.750000,-76.728065
-3341.796875,-75.515652
-3339.843750,-77.661881
-3337.890625,-75.261151
-3335.937500,-74.207287
-3333.984375,-83.465120
-3332.031250,-92.427968
-3330.078125,-84.904724
-3328.125000,-78.698923
-3326.171875,-88.554827
-3324.218750,-82.905701
-3322.265625,-82.788718
-3320.312500,-77.306590
-3318.359375,-81.515341
-3316.406250,-87.579227
-3314.453125,-85.334131
-3312.500000,-102.415420
-3310.546875,-95.614692
-3308.593750,-87.469984
-3306.640625,-85.218249
-3304.687500,-77.251999
-3302.734375,-82.945037
-3300.781250,-81.919617
-3298.828125,-88.059175
-3296.875000,-84.009553
-3294.921875,-80.498087
-3292.968750,-83.028486
-3291.015625,-84.664558
-3289.062500,-81.210881
-3287.109375,-81.879974
-3285.156250,-86.814576
-3283.203125,-84.855821
-3281.250000,-84.903133
-3279.296875,-86.213559
-3277.343750,-101.071408
-3275.390625,-79.449550
-3273.437500,-85.198281
-3271.484375,-83.604353
-3269.531250,-80.771484
-3267.578125,-97.660695
-3265.625000,-90.164707
-3263.671875,-83.594744
-3261.718750,-82.265339
-3259.765625,-83.405414
-3257.812500,-86.796606
-3255.859375,-87.194336
-3253.906250,-92.311403
-3251.953125,-86.383534
-3250.000000,-81.745095
-3248.046875,-85.337915
-3246.093750,-87.441820
-3244.140625,-87.151354
-3242.187500,-83.708925
-3240.234375,-87.874544
-3238.281250,-89.844734
-3236.328125,-89.968030
-3234.375000,-90.958261
-3232.421875,-87.366758
-3230.468750,-88.724553
-3228.515625,-99.723382
-3226.562500,-86.958507
-3224.609375,-83.560056
-3222.656250,-85.284172
-3220.703125,-96.841475
-3218.750000,-96.467579
-3216.796875,-93.031056
-3214.843750,-95.849397
-3212.890625,-97.593734
-3210.937500,-103.988359
-3208.984375,-102.065122
-3207.031250,-108.002883
-3205.078125,-113.658212
-3203.125000,-108.507877
-3201.171875,-113.251330
-3199.218750,-124.558130
-3197.265625,-110.069914
-3195.312500,-109.363277
-3193.359375,-107.863732
-3191.406250,-103.031459
-3189.453125,-98.647652
-3187.500000,-100.821808
-3185.546875,-102.507508
-3183.593750,-104.218724
-3181.640625,-95.975965
-3179.687500,-106.679675
-3177.734375,-90.546436
-3175.781250,-89.956003
-3173.828125,-95.755672
-3171.875000,-101.646855
-3169.921875,-99.226868
-3167.968750,-90.214459
-3166.015625,-92.358332
-3164.062500,-91.006451
-3162.109375,-86.820185
-3160.156250,-85.007794
-3158.203125,-85.902237
-3156.250000,-92.819374
-3154.296875,-91.297562
-3152.343750,-86.193575
-3150.390625,-93.780482
-3148.437500,-87.883634
-3146.484375,-84.966648
-3144.531250,-87.783401
-3142.578125,-86.003618
-3140.625000,-89.171612
-3138.671875,-91.051527
-3136.718750,-97.113204
-3134.765625,-83.475999
-3132.812500,-82.629687
-3130.859375,-82.987515
-3128.906250,-87.044210
-3126.953125,-79.299985
-3125.000000,-82.401743
-3123.046875,-97.282468
-3121.093750,-83.732784
-3119.140625,-93.914514
-3117.187500,-84.390073
-3115.234375,-86.656720
-3113.281250,-85.920766
-3111.328125,-98.070278
-3109.375000,-86.520013
-3107.421875,-93.501682
-3105.468750,-78.400432
-3103.515625,-78.917836
-3101.562500,-84.560367
-3099.609375,-80.693695
-3097.656250,-84.510085
-3095.703125,-79.254635
-3093.750000,-75.892012
-3091.796875,-77.315544
-3089.843750,-76.798088
-3087.890625,-79.486831
-3085.937500,-80.430214
-3083.984375,-77.409943
-3082.031250,-78.809492
-3080.078125,-82.260122
-3078.125000,-83.710710
-3076.171875,-90.893605
-3074.218750,-74.802051
-3072.265625,-71.873143
-3070.312500,-76.691749
-3068.359375,-80.148771
-3066.406250,-81.633837
-3064.453125,-78.507464
-3062.500000,-83.739519
-3060.546875,-77.213000
-3058.593750,-77.063508
-3056.640625,-77.298584
-3054.687500,-87.281364
-3052.734375,-83.490793
-3050.781250,-80.558197
-3048.828125,-81.152503
-3046.875000,-73.660669
-3044.921875,-70.844435
-3042.968750,-72.212809
-3041.015625,-74.425229
-3039.062500,-75.378860
-3037.109375,-77.747636
-3035.156250,-75.617092
-3033.203125,-73.108119
-3031.250000,-75.342119
-3029.296875,-73.794910
-3027.343750,-74.500884
-3025.390625,-70.286038
-3023.437500,-70.725650
-3021.484375,-73.303388
-3019.531250,-70.972096
-3017.578125,-75.135110
-3015.625000,-76.745974
-3013.671875,-72.772900
-3011.718750,-76.151662
-3009.765625,-84.359046
-3007.812500,-79.877781
-3005.859375,-78.607779
-3003.906250,-72.690937
-3001.953125,-70.308235
-3000.000000,-88.485429
-2998.046875,-74.586155
-2996.093750,-76.977655
-2994.140625,-82.801928
-2992.187500,-80.885946
-2990.234375,-68.689779
-2988.281250,-65.443304
-2986.328125,-68.819234
-2984.375000,-88.029952
-2982.421875,-70.157412
-2980.468750,-67.509117
-2978.515625,-73.639889
-2976.562500,-65.285451
-2974.609375,-64.455171
-2972.656250,-72.153993
-2970.703125,-91.052910
-2968.750000,-72.010712
-2966.796875,-73.421537
-2964.843750,-95.933644
-2962.890625,-84.816769
-2960.937500,-75.259227
-2958.984375,-72.854180
-2957.031250,-80.386773
-2955.078125,-72.350192
-2953.125000,-73.089258
-2951.171875,-68.280964
-2949.218750,-68.872600
-2947.265625,-68.877091
-2945.312500,-68.659298
-2943.359375,-69.860413
-2941.406250,-76.186346
-2939.453125,-66.649647
-2937.500000,-77.392460
-2935.546875,-78.789643
-2933.593750,-72.732758
-2931.640625,-70.574483
-2929.687500,-70.351149
-2927.734375,-77.993541
-2925.781250,-81.599541
-2923.828125,-69.550026
-2921.875000,-67.658706
-2919.921875,-67.737671
-2917.968750,-67.888004
-2916.015625,-66.193339
-2914.062500,-73.720737
-2912.109375,-67.270708
-2910.156250,-67.030629
-2908.203125,-70.182213
-2906.250000,-75.795424
-2904.296875,-66.851918
-2902.343750,-69.718070
-2900.390625,-81.688407
-2898.437500,-69.660987
-2896.484375,-68.743350
-2894.531250,-69.990530
-2892.578125,-80.677575
-2890.625000,-68.533057
-2888.671875,-67.036020
-2886.718750,-71.167388
-2884.765625,-71.205755
-2882.812500,-67.895191
-2880.859375,-74.291728
-2878.906250,-66.643791
-2876.953125,-76.704181
-2875.000000,-72.858695
-2873.046875,-66.523805
-2871.093750,-67.236135
-2869.140625,-69.715576
-2867.187500,-70.556426
-2865.234375,-75.839149
-2863.281250,-69.232943
-2861.328125,-68.835992
-2859.375000,-70.530716
-2857.421875,-68.128307
-2855.468750,-80.057143
-2853.515625,-70.847532
-2851.562500,-72.689770
-2849.609375,-74.634380
-2847.656250,-87.615456
-2845.703125,-65.064661
-2843.750000,-63.738652
-2841.796875,-66.697135
-2839.843750,-75.629838
-2837.890625,-66.564465
-2835.937500,-62.232356
-2833.984375,-61.604235
-2832.031250,-64.854019
-2830.078125,-64.111041
-2828.125000,-69.664866
-2826.171875,-73.703291
-2824.218750,-72.205366
-2822.265625,-70.824005
-2820.312500,-68.090161
-2818.359375,-66.204315
-2816.406250,-63.219581
-2814.453125,-67.111529
-2812.500000,-65.776573
-2810.546875,-64.887860
-2808.593750,-70.682275
-2806.640625,-80.333730
-2804.687500,-73.605938
-2802.734375,-72.683027
-2800.781250,-66.647565
-2798.828125,-67.961634
-2796.875000,-69.471999
-2794.921875,-63.195343
-2792.968750,-71.856351
-2791.015625,-73.926786
-2789.062500,-78.654477
-2787.109375,-65.706111
-2785.156250,-63.277736
-2783.203125,-68.694560
-2781.250000,-71.943725
-2779.296875,-69.248888
-2777.343750,-66.598976
-2775.390625,-64.558335
-2773.437500,-68.325509
-2771.484375,-77.426946
-2769.531250,-72.021630
-2767.578125,-69.760673
-2765.625000,-69.676477
-2763.671875,-72.091514
-2761.718750,-65.811988
-2759.765625,-62.422188
-2757.812500,-63.886985
-2755.859375,-65.585132
-2753.906250,-66.238668
-2751.953125,-70.122140
-2750.000000,-66.045150
-2748.046875,-68.717489
-2746.093750,-74.351075
-2744.140625,-80.631297
-2742.187500,-68.252130
-2740.234375,-70.731860
-2738.281250,-70.530828
-2736.328125,-65.852524
-2734.375000,-71.927464
-2732.421875,-79.648173
-2730.468750,-69.082737
-2728.515625,-66.861180
-2726.562500,-72.986682
-2724.609375,-67.933455
-2722.656250,-77.288020
-2720.703125,-76.948047
-2718.750000,-71.812783
-2716.796875,-65.859945
-2714.843750,-67.559734
-2712.890625,-61.522994
-2710.937500,-60.562589
-2708.984375,-61.730152
-2707.031250,-62.444703
-2705.078125,-66.617146
-2703.125000,-67.470235
-2701.171875,-64.184638
-2699.218750,-68.458285
-2697.265625,-68.469830
-2695.312500,-67.075411
-2693.359375,-69.054083
-2691.406250,-70.524650
-2689.453125,-71.562170
-2687.500000,-68.971279
-2685.546875,-68.622605
-2683.593750,-77.270003
-2681.640625,-63.483870
-2679.687500,-76.955236
-2677.734375,-61.382990
-2675.781250,-62.209653
-2673.828125,-67.660375
-2671.875000,-63.585068
-2669.921875,-70.514818
-2667.968750,-74.966218
-2666.015625,-73.712482
-2664.062500,-66.640020
-2662.109375,-65.024859
-2660.156250,-65.227630
-2658.203125,-72.202987
-2656.250000,-72.002171
-2654.296875,-73.980834
-2652.343750,-70.856984
-2650.390625,-69.752865
-2648.437500,-73.287636
-2646.484375,-75.790245
-2644.531250,-59.556242
-2642.578125,-60.497096
-2640.625000,-71.951328
-2638.671875,-71.691869
-2636.718750,-75.387090
-2634.765625,-63.339959
-2632.812500,-60.426405
-2630.859375,-67.302102
-2628.906250,-73.011831
-2626.953125,-80.980333
-2625.000000,-66.343725
-2623.046875,-63.077013
-2621.093750,-64.626992
-2619.140625,-68.225117
-2617.187500,-80.123781
-2615.234375,-69.569614
-2613.281250,-65.547091
-2611.328125,-66.287774
-2609.375000,-63.383509
-2607.421875,-72.241920
-2605.468750,-67.112046
-2603.515625,-64.825847
-2601.562500,-66.532806
-2599.609375,-64.963782
-2597.656250,-69.418387
-2595.703125,-63.493919
-2593.750000,-64.209115
-2591.796875,-63.869925
-2589.843750,-62.220518
-2587.890625,-66.201746
-2585.937500,-68.789357
-2583.984375,-61.689647
-2582.031250,-67.333926
-2580.078125,-72.391788
-2578.125000,-70.647624
-2576.171875,-60.741959
-2574.218750,-63.971805
-2572.265625,-68.119636
-2570.312500,-79.972410
-2568.359375,-67.963271
-2566.406250,-76.702317
-2564.453125,-67.367725
-2562.500000,-63.176324
-2560.546875,-68.182437
-2558.593750,-70.475996
-2556.640625,-67.801554
-2554.687500,-65.553568
-2552.734375,-71.881741
-2550.781250,-69.267908
-2548.828125,-65.490193
-2546.875000,-69.316978
-2544.921875,-80.650584
-2542.968750,-73.106158
-2541.015625,-66.743148
-2539.062500,-68.664684
-2537.109375,-79.367605
-2535.156250,-69.012700
-2533.203125,-59.929977
-2531.250000,-60.784110
-2529.296875,-76.688734
-2527.343750,-65.224170
-2525.390625,-59.929103
-2523.437500,-68.358509
-2521.484375,-65.075423
-2519.531250,-62.188135
-2517.578125,-65.483753
-2515.625000,-76.311357
-2513.671875,-71.242886
-2511.718750,-65.909122
-2509.765625,-61.401750
-2507.812500,-62.682088
-2505.859375,-64.228101
-2503.906250,-64.715726
-2501.953125,-63.831029
-2500.000000,-62.741040
-2498.046875,-61.779962
-2496.093750,-66.953869
-2494.140625,-70.206558
-2492.187500,-62.872988
-2490.234375,-62.727176
-2488.281250,-70.538559
-2486.328125,-72.021828
-2484.375000,-74.864480
-2482.421875,-89.547195
-2480.468750,-74.045724
-2478.515625,-73.475352
-2476.562500,-74.055780
-2474.609375,-68.459785
-2472.656250,-62.070651
-2470.703125,-65.232008
-2468.750000,-62.897611
-2466.796875,-67.412309
-2464.843750,-69.696321
-2462.890625,-71.692812
-2460.937500,-63.985502
-2458.984375,-59.737406
-2457.031250,-62.828165
-2455.078125,-81.088462
-2453.125000,-71.936275
-2451.171875,-71.340923
-2449.218750,-67.682052
-2447.265625,-90.728379
-2445.312500,-70.235972
-2443.359375,-61.343339
-2441.406250,-67.364982
-2439.453125,-76.650469
-2437.500000,-69.936161
-2435.546875,-71.357382
-2433.593750,-66.436786
-2431.640625,-62.168310
-2429.687500,-62.516750
-2427.734375,-65.079168
-2425.781250,-68.947533
-2423.828125,-71.229514
-2421.875000,-72.275579
-2419.921875,-69.523084
-2417.968750,-72.949483
-2416.015625,-75.426073
-2414.062500,-78.597957
-2412.109375,-71.370118
-2410.156250,-67.624529
-2408.203125,-70.380450
-2406.250000,-66.326940
-2404.296875,-68.656374
-2402.343750,-68.144819
-2400.390625,-68.446490
-2398.437500,-104.330843
-2396.484375,-76.038811
-2394.531250,-65.728676
-2392.578125,-63.635982
-2390.625000,-63.696875
-2388.671875,-67.985422
-2386.718750,-76.534298
-2384.765625,-72.139953
-2382.812500,-70.951505
-2380.859375,-70.647451
-2378.906250,-72.708277
-2376.953125,-70.939555
-2375.000000,-72.930888
-2373.046875,-75.311004
-2371.093750,-75.412574
-2369.140625,-66.533130
-2367.187500,-63.117032
-2365.234375,-67.134826
-2363.281250,-65.618637
-2361.328125,-75.147892
-2359.375000,-71.298741
-2357.421875,-72.517856
-2355.468750,-68.201825
-2353.515625,-66.357349
-2351.562500,-71.073904
-2349.609375,-71.223204
-2347.656250,-71.246868
-2345.703125,-76.776840
-2343.750000,-75.089353
-2341.796875,-74.766842
-2339.843750,-73.770250
-2337.890625,-68.153912
-2335.937500,-71.088329
-2333.984375,-69.133478
-2332.031250,-73.635504
-2330.078125,-80.182526
-2328.125000,-80.776212
-2326.171875,-69.008392
-2324.218750,-65.779350
-2322.265625,-70.829261
-2320.312500,-72.192266
-2318.359375,-65.366935
-2316.406250,-73.283650
-2314.453125,-67.025615
-2312.500000,-71.351078
-2310.546875,-66.421708
-2308.593750,-68.293861
-2306.640625,-66.011636
-2304.687500,-67.843736
-2302.734375,-75.174592
-2300.781250,-64.280268
-2298.828125,-68.098820
-2296.875000,-79.742238
-2294.921875,-87.363942
-2292.968750,-69.112163
-2291.015625,-66.349685
-2289.062500,-71.600386
-2287.109375,-74.100497
-2285.156250,-69.225086
-2283.203125,-66.041389
-2281.250000,-72.493509
-2279.296875,-75.565336
-2277.343750,-77.456218
-2275.390625,-76.651459
-2273.437500,-72.672998
-2271.484375,-71.834243
-2269.531250,-70.067941
-2267.578125,-65.100545
-2265.625000,-66.293428
-2263.671875,-67.592482
-2261.718750,-68.011298
-2259.765625,-65.030621
-2257.812500,-66.792046
-2255.859375,-71.747792
-2253.906250,-76.605719
-2251.953125,-77.868837
-2250.000000,-74.419688
-2248.046875,-70.573512
-2246.093750,-71.612246
-2244.140625,-75.115409
-2242.187500,-72.237069
-2240.234375,-66.861495
-2238.281250,-69.147861
-2236.328125,-75.131709
-2234.375000,-75.043615
-2232.421875,-69.313408
-2230.468750,-74.613205
-2228.515625,-73.512603
-2226.562500,-72.949549
-2224.609375,-71.707967
-2222.656250,-73.789362
-2220.703125,-80.995514
-2218.750000,-78.021113
-2216.796875,-71.141468
-2214.843750,-67.120700
-2212.890625,-67.950678
-2210.937500,-74.155184
-2208.984375,-81.913723
-2207.031250,-73.264690
-2205.078125,-75.670089
-2203.125000,-77.375235
-2201.171875,-70.172793
-2199.218750,-77.516856
-2197.265625,-75.440281
-2195.312500,-78.604223
-2193.359375,-78.830568
-2191.406250,-75.132076
-2189.453125,-68.176159
-2187.500000,-69.352437
-2185.546875,-81.729198
-2183.593750,-83.017193
-2181.640625,-75.849017
-2179.687500,-82.086278
-2177.734375,-78.699948
-2175.781250,-87.593673
-2173.828125,-77.089846
-2171.875000,-79.181189
-2169.921875,-76.476391
-2167.968750,-72.076039
-2166.015625,-70.834422
-2164.062500,-70.000222
-2162.109375,-73.758030
-2160.156250,-84.241411
-2158.203125,-90.276492
-2156.250000,-79.902932
-2154.296875,-78.846168
-2152.343750,-80.469511
-2150.390625,-70.909435
-2148.437500,-71.113247
-2146.484375,-74.948943
-2144.531250,-73.992136
-2142.578125,-75.641296
-2140.625000,-80.122891
-2138.671875,-86.718846
-2136.718750,-77.039742
-2134.765625,-79.134469
-2132.812500,-89.471439
-2130.859375,-79.894339
-2128.906250,-73.856217
-2126.953125,-75.278189
-2125.000000,-79.113758
-2123.046875,-79.840636
-2121.093750,-82.891795
-2119.140625,-85.430396
-2117.187500,-77.630038
-2115.234375,-71.382852
-2113.281250,-73.654858
-2111.328125,-81.701315
-2109.375000,-83.803013
-2107.421875,-78.847689
-2105.468750,-74.254952
-2103.515625,-71.070294
-2101.562500,-68.959669
-2099.609375,-72.381302
-2097.656250,-85.863244
-2095.703125,-91.235099
-2093.750000,-83.249468
-2091.796875,-83.798419
-2089.843750,-91.018542
-2087.890625,-85.466683
-2085.937500,-77.750776
-2083.984375,-78.932323
-2082.031250,-84.080266
-2080.078125,-79.525826
-2078.125000,-79.761803
-2076.171875,-81.217728
-2074.218750,-80.396639
-2072.265625,-88.959816
-2070.312500,-77.965046
-2068.359375,-79.457523
-2066.406250,-83.691502
-2064.453125,-83.389886
-2062.500000,-85.218939
-2060.546875,-87.204622
-2058.593750,-88.319768
-2056.640625,-98.654945
-2054.687500,-85.426206
-2052.734375,-82.112462
-2050.781250,-84.608940
-2048.828125,-100.246016
-2046.875000,-92.194991
-2044.921875,-93.591518
-2042.968750,-94.565395
-2041.015625,-85.686243
-2039.062500,-87.978315
-2037.109375,-88.102049
-2035.156250,-87.452130
-2033.203125,-93.864195
-2031.250000,-87.863968
-2029.296875,-86.703800
-2027.343750,-90.323629
-2025.390625,-86.386496
-2023.437500,-102.153439
-2021.484375,-100.428766
-2019.531250,-92.599764
-2017.578125,-95.493852
-2015.625000,-94.175902
-2013.671875,-94.742456
-2011.718750,-94.130577
-2009.765625,-97.974694
-2007.812500,-103.728835
-2005.859375,-106.259435
-2003.906250,-108.996777
-2001.953125,-123.469799
-2000.000000,-180.965161
-1998.046875,-116.232084
-1996.093750,-107.165545
-1994.140625,-103.377200
-1992.187500,-106.105478
-1990.234375,-106.621614
-1988.281250,-99.212471
-1986.328125,-96.920372
-1984.375000,-105.040774
-1982.421875,-94.661531
-1980.468750,-89.096953
-1978.515625,-91.506840
-1976.562500,-101.013888
-1974.609375,-106.815741
-1972.656250,-90.452268
-1970.703125,-88.131116
-1968.750000,-89.533021
-1966.796875,-86.062606
-1964.843750,-84.792296
-1962.890625,-87.552526
-1960.937500,-89.950899
-1958.984375,-89.759287
-1957.031250,-89.787451
-1955.078125,-100.486249
-1953.125000,-94.497754
-1951.171875,-93.921133
-1949.218750,-86.057745
-1947.265625,-85.977129
-1945.312500,-84.960624
-1943.359375,-92.279771
-1941.406250,-86.198682
-1939.453125,-82.315542
-1937.500000,-79.614093
-1935.546875,-83.014592
-1933.593750,-84.946947
-1931.640625,-79.083306
-1929.687500,-81.080251
-1927.734375,-95.843906
-1925.781250,-97.398761
-1923.828125,-101.054316
-1921.875000,-86.396376
-1919.921875,-78.116106
-1917.968750,-80.433944
-1916.015625,-85.874960
-1914.062500,-103.489981
-1912.109375,-88.584309
-1910.156250,-81.024047
-1908.203125,-75.916321
-1906.250000,-81.568759
-1904.296875,-88.894678
-1902.343750,-93.448412
-1900.390625,-88.115128
-1898.437500,-82.482834
-1896.484375,-80.425910
-1894.531250,-79.887117
-1892.578125,-83.593498
-1890.625000,-90.609704
-1888.671875,-80.850542
-1886.718750,-83.159122
-1884.765625,-89.589839
-1882.812500,-93.995622
-1880.859375,-87.219627
-1878.906250,-85.855821
-1876.953125,-80.488026
-1875.000000,-86.200071
-1873.046875,-82.088789
-1871.093750,-85.505124
-1869.140625,-82.537402
-1867.187500,-77.159886
-1865.234375,-79.422478
-1863.281250,-83.026378
-1861.328125,-89.806645
-1859.375000,-76.627343
-1857.421875,-73.783742
-1855.468750,-79.486800
-1853.515625,-96.519937
-1851.562500,-78.185882
-1849.609375,-80.910263
-1847.656250,-86.630033
-1845.703125,-85.234573
-1843.750000,-75.628404
-1841.796875,-85.605476
-1839.843750,-74.588813
-1837.890625,-87.603843
-1835.937500,-73.034180
-1833.984375,-72.267706
-1832.031250,-77.823636
-1830.078125,-76.955007
-1828.125000,-74.287368
-1826.171875,-73.015368
-1824.218750,-74.230856
-1822.265625,-79.568544
-1820.312500,-79.840573
-1818.359375,-84.398799
-1816.406250,-87.440798
-1814.453125,-90.818432
-1812.500000,-90.545029
-1810.546875,-80.266150
-1808.593750,-79.117859
-1806.640625,-77.923630
-1804.687500,-80.264416
-1802.734375,-76.951089
-1800.781250,-71.772050
-1798.828125,-75.126809
-1796.875000,-82.618096
-1794.921875,-80.755200
-1792.968750,-80.093824
-1791.015625,-81.758021
-1789.062500,-80.912421
-1787.109375,-77.150829
-1785.156250,-84.095333
-1783.203125,-79.148838
-1781.250000,-83.434579
-1779.296875,-78.168641
-1777.343750,-79.312579
-1775.390625,-79.798857
-1773.437500,-76.342064
-1771.484375,-77.188905
-1769.531250,-76.034221
-1767.578125,-73.220498
-1765.625000,-80.717073
-1763.671875,-75.277639
-1761.718750,-74.599625
-1759.765625,-78.177495
-1757.812500,-77.256187
-1755.859375,-76.097829
-1753.906250,-75.627006
-1751.953125,-85.537180
-1750.000000,-78.792738
-1748.046875,-74.051064
-1746.093750,-79.031136
-1744.140625,-79.386324
-1742.187500,-76.461978
-1740.234375,-79.728606
-1738.281250,-76.722251
-1736.328125,-72.842816
-1734.375000,-74.768886
-1732.421875,-78.330317
-1730.468750,-78.798785
-1728.515625,-80.457136
-1726.562500,-83.027071
-1724.609375,-83.355778
-1722.656250,-76.726377
-1720.703125,-80.358358
-1718.750000,-89.312045
-1716.796875,-90.025850
-1714.843750,-97.868636
-1712.890625,-81.561098
-1710.937500,-89.827011
-1708.984375,-77.333777
-1707.031250,-77.573478
-1705.078125,-93.901403
-1703.125000,-84.827004
-1701.171875,-87.066160
-1699.218750,-87.490540
-1697.265625,-77.592246
-1695.312500,-74.197203
-1693.359375,-74.462061
-1691.406250,-78.648285
-1689.453125,-78.006151
-1687.500000,-81.485970
-1685.546875,-82.612906
-1683.593750,-82.608925
-1681.640625,-82.107039
-1679.687500,-85.863250
-1677.734375,-80.181313
-1675.781250,-79.698463
-1673.828125,-80.915171
-1671.875000,-85.632364
-1669.921875,-82.655721
-1667.968750,-83.389462
-1666.015625,-95.226785
-1664.062500,-84.530351
-1662.109375,-76.400536
-1660.156250,-77.231622
-1658.203125,-79.280926
-1656.250000,-78.710108
-1654.296875,-82.419753
-1652.343750,-85.750013
-1650.390625,-79.748338
-1648.437500,-81.003229
-1646.484375,-82.870613
-1644.531250,-84.286176
-1642.578125,-85.858632
-1640.625000,-83.564963
-1638.671875,-98.903733
-1636.718750,-86.725356
-1634.765625,-87.389827
-1632.812500,-90.072982
-1630.859375,-89.345666
-1628.906250,-88.419466
-1626.953125,-87.176596
-1625.000000,-95.995449
-1623.046875,-89.412009
-1621.093750,-90.220993
-1619.140625,-94.393187
-1617.187500,-86.964834
-1615.234375,-92.701244
-1613.281250,-87.928343
-1611.328125,-90.074877
-1609.375000,-102.909760
-1607.421875,-95.256058
-1605.468750,-94.089518
-1603.515625,-98.427264
-1601.562500,-109.405732
-1599.609375,-127.305770
-1597.656250,-112.354024
-1595.703125,-102.772753
-1593.750000,-93.096867
-1591.796875,-91.985896
-1589.843750,-106.201949
-1587.890625,-133.610448
-1585.937500,-95.558770
-1583.984375,-94.547576
-1582.031250,-91.737456
-1580.078125,-93.780349
-1578.125000,-96.195856
-1576.171875,-93.646391
-1574.218750,-85.699752
-1572.265625,-90.957469
-1570.312500,-82.923360
-1568.359375,-79.152657
-1566.406250,-79.915423
-1564.453125,-89.011972
-1562.500000,-83.337658
-1560.546875,-95.767166
-1558.593750,-82.692291
-1556.640625,-80.819522
-1554.687500,-81.068488
-1552.734375,-80.026577
-1550.781250,-78.410995
-1548.828125,-77.313989
-1546.875000,-96.076218
-1544.921875,-77.380654
-1542.968750,-75.346194
-1541.015625,-76.735523
-1539.062500,-78.153875
-1537.109375,-75.452747
-1535.156250,-73.433784
-1533.203125,-77.469817
-1531.250000,-77.925944
-1529.296875,-78.980132
-1527.343750,-74.705146
-1525.390625,-73.321557
-1523.437500,-77.106444
-1521.484375,-84.476648
-1519.531250,-74.172783
-1517.578125,-76.689436
-1515.625000,-82.952880
-1513.671875,-82.084353
-1511.718750,-86.896743
-1509.765625,-79.255627
-1507.812500,-88.422930
-1505.859375,-86.620338
-1503.906250,-84.294956
-1501.953125,-74.418177
-1500.000000,-78.889961
-1498.046875,-79.452283
-1496.093750,-84.567455
-1494.140625,-88.712945
-1492.187500,-76.863312
-1490.234375,-77.163243
-1488.281250,-71.804270
-1486.328125,-65.644690
-1484.375000,-68.867946
-1482.421875,-72.683768
-1480.468750,-70.808733
-1478.515625,-70.644054
-1476.562500,-69.656516
-1474.609375,-73.220142
-1472.656250,-68.913481
-1470.703125,-66.341250
-1468.750000,-66.961471
-1466.796875,-66.321213
-1464.843750,-66.276915
-1462.890625,-70.582472
-1460.937500,-67.574289
-1458.984375,-66.958761
-1457.031250,-65.606528
-1455.078125,-66.821096
-1453.125000,-69.922779
-1451.171875,-66.934564
-1449.218750,-67.010589
-1447.265625,-70.921448
-1445.312500,-66.634533
-1443.359375,-70.013330
-1441.406250,-83.856187
-1439.453125,-84.416367
-1437.500000,-71.605006
-1435.546875,-78.158978
-1433.593750,-67.077543
-1431.640625,-71.366939
-1429.687500,-63.650102
-1427.734375,-62.881399
-1425.781250,-70.640539
-1423.828125,-66.750979
-1421.875000,-67.349161
-1419.921875,-74.560207
-1417.968750,-70.446841
-1416.015625,-72.545777
-1414.062500,-71.953757
-1412.109375,-78.742572
-1410.156250,-71.232862
-1408.203125,-68.178827
-1406.250000,-85.036395
-1404.296875,-67.126288
-1402.343750,-69.587994
-1400.390625,-65.609106
-1398.437500,-69.864752
-1396.484375,-62.402879
-1394.531250,-71.873980
-1392.578125,-68.588538
-1390.625000,-70.591775
-1388.671875,-71.054259
-1386.718750,-65.022961
-1384.765625,-58.261160
-1382.812500,-57.834634
-1380.859375,-72.589309
-1378.906250,-65.286351
-1376.953125,-63.887759
-1375.000000,-62.775011
-1373.046875,-58.273784
-1371.093750,-61.541263
-1369.140625,-63.828469
-1367.187500,-59.812722
-1365.234375,-61.944541
-1363.281250,-68.139148
-1361.328125,-66.892449
-1359.375000,-66.008419
-1357.421875,-73.284573
-1355.468750,-72.575925
-1353.515625,-70.447302
-1351.562500,-68.584683
-1349.609375,-57.537551
-1347.656250,-55.949768
-1345.703125,-57.439939
-1343.750000,-55.089247
-1341.796875,-57.684525
-1339.843750,-69.108542
-1337.890625,-62.893507
-1335.937500,-57.347154
-1333.984375,-59.691153
-1332.031250,-63.823237
-1330.078125,-64.090383
-1328.125000,-59.097951
-1326.171875,-60.072536
-1324.218750,-66.988442
-1322.265625,-63.144573
-1320.312500,-65.529031
-1318.359375,-58.629613
-1316.406250,-57.829522
-1314.453125,-62.588173
-1312.500000,-59.786044
-1310.546875,-55.502143
-1308.593750,-58.356580
-1306.640625,-55.702470
-1304.687500,-57.708839
-1302.734375,-59.823840
-1300.781250,-53.875397
-1298.828125,-52.705066
-1296.875000,-52.272559
-1294.921875,-58.200536
-1292.968750,-63.998654
-1291.015625,-61.063078
-1289.062500,-63.977540
-1287.109375,-56.386358
-1285.156250,-58.678830
-1283.203125,-56.069107
-1281.250000,-53.452170
-1279.296875,-57.920773
-1277.343750,-57.853502
-1275.390625,-56.889458
-1273.437500,-56.686549
-1271.484375,-54.763935
-1269.531250,-54.552757
-1267.578125,-60.592006
-1265.625000,-60.730890
-1263.671875,-57.906323
-1261.718750,-64.852199
-1259.765625,-53.427668
-1257.812500,-56.108736
-1255.859375,-59.919956
-1253.906250,-68.216207
-1251.953125,-61.768575
-1250.000000,-52.824698
-1248.046875,-64.730902
-1246.093750,-64.576770
-1244.140625,-66.782139
-1242.187500,-61.832657
-1240.234375,-72.281144
-1238.281250,-61.521189
-1236.328125,-56.584811
-1234.375000,-57.548934
-1232.421875,-56.241228
-1230.468750,-57.297744
-1228.515625,-56.522543
-1226.562500,-55.992776
-1224.609375,-62.778759
-1222.656250,-57.729952
-1220.703125,-65.041834
-1218.750000,-59.875672
-1216.796875,-57.266597
-1214.843750,-54.708710
-1212.890625,-62.266075
-1210.937500,-55.649561
-1208.984375,-53.579833
-1207.031250,-54.235857
-1205.078125,-57.502136
-1203.125000,-57.768420
-1201.171875,-64.133950
-1199.218750,-54.899509
-1197.265625,-61.599451
-1195.312500,-64.426041
-1193.359375,-57.492487
-1191.406250,-58.050021
-1189.453125,-51.730333
-1187.500000,-60.867688
-1185.546875,-51.692389
-1183.593750,-49.533968
-1181.640625,-55.078705
-1179.687500,-57.596961
-1177.734375,-52.393477
-1175.781250,-51.539460
-1173.828125,-56.008378
-1171.875000,-62.696909
-1169.921875,-51.692623
-1167.968750,-51.119895
-1166.015625,-58.611781
-1164.062500,-52.846682
-1162.109375,-50.274133
-1160.156250,-55.244970
-1158.203125,-64.281829
-1156.250000,-59.202167
-1154.296875,-57.086184
-1152.343750,-50.662872
-1150.390625,-48.733992
-1148.437500,-57.338365
-1146.484375,-60.042062
-1144.531250,-50.735780
-1142.578125,-59.950460
-1140.625000,-56.252471
-1138.671875,-54.817367
-1136.718750,-56.706031
-1134.765625,-56.215830
-1132.812500,-53.405973
-1130.859375,-53.138757
-1128.906250,-57.397195
-1126.953125,-54.872906
-1125.000000,-48.677119
-1123.046875,-52.258249
-1121.093750,-51.609808
-1119.140625,-75.093134
-1117.187500,-51.641375
-1115.234375,-53.676272
-1113.281250,-63.952984
-1111.328125,-51.871640
-1109.375000,-49.936902
-1107.421875,-53.321261
-1105.468750,-65.282363
-1103.515625,-57.375349
-1101.562500,-56.225258
-1099.609375,-48.957397
-1097.656250,-50.775261
-1095.703125,-50.032399
-1093.750000,-52.957429
-1091.796875,-50.559227
-1089.843750,-55.555092
-1087.890625,-53.214580
-1085.937500,-47.410910
-1083.984375,-50.610310
-1082.031250,-52.497887
-1080.078125,-64.716566
-1078.125000,-55.582235
-1076.171875,-67.127612
-1074.218750,-54.268367
-1072.265625,-53.353697
-1070.312500,-49.776577
-1068.359375,-52.415646
-1066.406250,-67.414526
-1064.453125,-59.293942
-1062.500000,-52.057994
-1060.546875,-65.208742
-1058.593750,-51.356939
-1056.640625,-54.613968
-1054.687500,-68.691497
-1052.734375,-52.959120
-1050.781250,-49.126244
-1048.828125,-48.270803
-1046.875000,-47.910278
-1044.921875,-53.000149
-1042.968750,-59.385154
-1041.015625,-47.321854
-1039.062500,-43.710919
-1037.109375,-47.443592
-1035.156250,-50.727628
-1033.203125,-49.723362
-1031.250000,-53.694543
-1029.296875,-64.856540
-1027.343750,-47.718889
-1025.390625,-46.957760
-1023.437500,-50.548063
-1021.484375,-62.399064
-1019.531250,-52.325838
-1017.578125,-53.062829
-1015.625000,-49.681232
-1013.671875,-47.774190
-1011.718750,-54.968735
-1009.765625,-52.389567
-1007.812500,-51.418597
-1005.859375,-51.668846
-1003.906250,-54.217899
-1001.953125,-52.873080
-1000.000000,-52.562801
-998.046875,-48.477875
-996.093750,-50.410693
-994.140625,-49.521098
-992.187500,-48.724365
-990.234375,-46.502916
-988.281250,-48.478238
-986.328125,-53.116501
-984.375000,-52.759513
-982.421875,-53.084322
-980.468750,-52.574720
-978.515625,-50.936380
-976.562500,-46.757247
-974.609375,-46.571695
-972.656250,-67.757054
-970.703125,-47.801770
-968.750000,-46.581540
-966.796875,-49.993058
-964.843750,-56.919733
-962.890625,-59.203517
-960.937500,-59.815187
-958.984375,-63.821854
-957.031250,-54.249765
-955.078125,-65.920459
-953.125000,-65.812886
-951.171875,-49.689005
-949.218750,-59.874339
-947.265625,-47.337279
-945.312500,-47.401969
-943.359375,-48.623302
-941.406250,-47.508650
-939.453125,-60.330617
-937.500000,-66.095798
-935.546875,-49.739189
-933.593750,-50.488874
-931.640625,-54.668296
-929.687500,-49.147932
-927.734375,-43.106388
-925.781250,-46.069363
-923.828125,-51.389655
-921.875000,-53.277505
-919.921875,-58.173304
-917.968750,-54.441361
-916.015625,-53.045352
-914.062500,-62.407928
-912.109375,-49.750835
-910.156250,-46.858316
-908.203125,-57.385678
-906.250000,-50.847061
-904.296875,-48.168148
-902.343750,-44.222074
-900.390625,-41.627795
-898.437500,-47.028850
-896.484375,-58.049541
-894.531250,-47.570001
-892.578125,-44.148594
-890.625000,-46.000239
-888.671875,-49.264811
-886.718750,-51.035002
-884.765625,-57.949913
-882.812500,-48.914054
-880.859375,-47.431674
-878.906250,-43.608837
-876.953125,-42.413507
-875.000000,-50.422265
-873.046875,-48.391465
-871.093750,-47.972403
-869.140625,-46.275146
-867.187500,-44.333839
-865.234375,-46.086486
-863.281250,-44.713208
-861.328125,-48.417802
-859.375000,-49.570129
-857.421875,-50.326915
-855.468750,-53.479374
-853.515625,-48.362019
-851.562500,-59.387376
-849.609375,-45.219623
-847.656250,-56.253070
-845.703125,-46.985763
-843.750000,-49.136395
-841.796875,-53.571249
-839.843750,-51.917927
-837.890625,-52.730622
-835.937500,-54.331274
-833.984375,-52.998526
-832.031250,-48.601711
-830.078125,-55.353949
-828.125000,-53.685811
-826.171875,-52.522419
-824.218750,-53.046384
-822.265625,-45.639474
-820.312500,-44.197634
-818.359375,-46.528152
-816.406250,-57.136340
-814.453125,-46.326028
-812.500000,-40.049650
-810.546875,-38.646558
-808.593750,-40.127562
-806.640625,-41.261647
-804.687500,-52.862667
-802.734375,-47.533452
-800.781250,-48.835683
-798.828125,-54.602943
-796.875000,-54.046984
-794.921875,-48.232056
-792.968750,-49.829174
-791.015625,-59.165244
-789.062500,-49.752909
-787.109375,-45.588524
-785.156250,-52.975437
-783.203125,-52.267645
-781.250000,-48.844412
-779.296875,-52.571553
-777.343750,-53.046998
-775.390625,-43.854782
-773.437500,-41.963992
-771.484375,-52.717915
-769.531250,-55.813560
-767.578125,-47.033284
-765.625000,-44.125822
-763.671875,-54.367693
-761.718750,-60.384132
-759.765625,-46.194231
-757.812500,-43.555361
-755.859375,-46.193417
-753.906250,-44.187985
-751.953125,-43.109160
-750.000000,-53.972132
-748.046875,-58.496459
-746.093750,-42.307565
-744.140625,-44.349599
-742.187500,-60.704468
-740.234375,-46.865856
-738.281250,-46.086932
-736.328125,-47.197858
-734.375000,-47.127771
-732.421875,-48.857959
-730.468750,-39.229052
-728.515625,-41.268225
-726.562500,-48.755775
-724.609375,-52.826996
-722.656250,-41.866612
-720.703125,-42.749617
-718.750000,-56.941813
-716.796875,-48.311945
-714.843750,-53.394136
-712.890625,-45.198799
-710.937500,-42.416175
-708.984375,-44.543459
-707.031250,-45.793129
-705.078125,-43.521382
-703.125000,-44.477216
-701.171875,-53.539215
-699.218750,-47.736812
-697.265625,-47.529107
-695.312500,-62.397011
-693.359375,-45.425013
-691.406250,-48.000110
-689.453125,-50.208370
-687.500000,-45.932379
-685.546875,-56.080023
-683.593750,-44.904998
-681.640625,-54.709674
-679.687500,-43.854838
-677.734375,-41.098823
-675.781250,-43.973907
-673.828125,-48.139750
-671.875000,-51.041483
-669.921875,-49.650568
-667.968750,-46.063578
-666.015625,-45.882360
-664.062500,-48.041498
-662.109375,-46.220637
-660.156250,-49.838939
-658.203125,-49.022420
-656.250000,-43.356642
-654.296875,-42.450424
-652.343750,-47.888410
-650.390625,-50.228783
-648.437500,-48.837754
-646.484375,-42.590103
-644.531250,-38.635909
-642.578125,-40.570193
-640.625000,-44.708643
-638.671875,-52.664355
-636.718750,-55.344277
-634.765625,-46.262024
-632.812500,-65.583071
-630.859375,-48.458216
-628.906250,-56.012108
-626.953125,-44.437693
-625.000000,-44.248035
-623.046875,-47.660747
-621.093750,-45.063247
-619.140625,-59.476092
-617.187500,-49.368735
-615.234375,-57.121511
-613.281250,-47.278803
-611.328125,-45.064271
-609.375000,-47.187684
-607.421875,-46.062334
-605.468750,-45.076297
-603.515625,-47.121106
-601.562500,-49.072916
-599.609375,-46.537662
-597.656250,-40.504162
-595.703125,-42.111727
-593.750000,-44.132518
-591.796875,-42.841085
-589.843750,-50.397613
-587.890625,-43.710557
-585.937500,-42.814487
-583.984375,-41.417044
-582.031250,-41.071532
-580.078125,-44.695531
-578.125000,-36.412097
-576.171875,-36.877510
-574.218750,-40.115989
-572.265625,-43.595019
-570.312500,-50.452493
-568.359375,-46.237034
-566.406250,-45.547140
-564.453125,-37.045073
-562.500000,-38.955896
-560.546875,-46.961948
-558.593750,-47.673498
-556.640625,-49.943440
-554.687500,-44.025776
-552.734375,-39.949298
-550.781250,-39.546442
-548.828125,-42.287009
-546.875000,-41.088522
-544.921875,-40.623232
-542.968750,-44.741628
-541.015625,-43.688182
-539.062500,-42.989324
-537.109375,-45.858080
-535.156250,-49.395652
-533.203125,-54.625684
-531.250000,-47.431574
-529.296875,-51.007732
-527.343750,-51.162550
-525.390625,-45.859793
-523.437500,-47.303302
-521.484375,-46.476197
-519.531250,-44.256000
-517.578125,-41.023996
-515.625000,-43.366729
-513.671875,-41.431896
-511.718750,-48.637861
-509.765625,-49.663369
-507.812500,-52.295058
-505.859375,-45.694384
-503.906250,-41.619869
-501.953125,-45.171961
-500.000000,-49.145462
-498.046875,-44.859798
-496.093750,-43.163993
-494.140625,-47.101150
-492.187500,-47.762099
-490.234375,-36.731299
-488.281250,-38.718500
-486.328125,-55.068726
-484.375000,-47.572788
-482.421875,-43.760715
-480.468750,-43.142563
-478.515625,-42.041662
-476.562500,-66.448701
-474.609375,-47.350870
-472.656250,-40.492886
-470.703125,-35.778796
-468.750000,-34.840743
-466.796875,-41.970209
-464.843750,-41.280828
-462.890625,-41.827401
-460.937500,-52.570703
-458.984375,-40.337748
-457.031250,-41.787357
-455.078125,-44.459630
-453.125000,-36.913752
-451.171875,-40.909163
-449.218750,-49.005635
-447.265625,-46.983671
-445.312500,-50.133832
-443.359375,-49.074111
-441.406250,-41.755405
-439.453125,-35.979422
-437.500000,-38.514427
-435.546875,-50.071626
-433.593750,-39.575616
-431.640625,-41.292746
-429.687500,-68.170593
-427.734375,-48.592078
-425.781250,-44.730095
-423.828125,-40.198307
-421.875000,-37.757657
-419.921875,-37.474655
-417.968750,-37.575590
-416.015625,-35.369941
-414.062500,-33.949910
-412.109375,-37.433615
-410.156250,-45.265369
-408.203125,-43.465059
-406.250000,-37.308545
-404.296875,-44.739850
-402.343750,-45.498610
-400.390625,-40.756903
-398.437500,-41.128476
-396.484375,-47.698645
-394.531250,-40.917822
-392.578125,-46.205260
-390.625000,-42.917155
-388.671875,-42.893057
-386.718750,-41.999592
-384.765625,-51.701385
-382.812500,-51.984803
-380.859375,-39.715009
-378.906250,-41.094315
-376.953125,-43.674925
-375.000000,-38.475706
-373.046875,-41.194773
-371.093750,-42.043059
-369.140625,-39.640135
-367.187500,-39.259374
-365.234375,-39.950448
-363.281250,-41.134389
-361.328125,-45.081118
-359.375000,-42.717623
-357.421875,-39.259269
-355.468750,-42.741381
-353.515625,-48.329069
-351.562500,-43.653348
-349.609375,-41.793368
-347.656250,-36.878275
-345.703125,-42.559694
-343.750000,-42.810928
-341.796875,-40.127335
-339.843750,-63.435716
-337.890625,-40.718474
-335.937500,-41.370108
-333.984375,-36.233857
-332.031250,-36.764263
-330.078125,-41.185770
-328.125000,-34.758391
-326.171875,-38.249183
-324.218750,-46.853290
-322.265625,-36.155698
-320.312500,-41.104986
-318.359375,-41.698039
-316.406250,-45.358026
-314.453125,-43.926323
-312.500000,-43.977108
-310.546875,-38.587476
-308.593750,-48.561751
-306.640625,-36.865861
-304.687500,-33.552015
-302.734375,-37.132496
-300.781250,-43.826475
-298.828125,-37.337323
-296.875000,-35.999261
-294.921875,-35.535116
-292.968750,-35.037634
-291.015625,-38.954282
-289.062500,-44.407192
-287.109375,-45.300130
-285.156250,-41.145961
-283.203125,-41.317360
-281.250000,-44.643334
-279.296875,-41.746001
-277.343750,-46.504781
-275.390625,-41.713626
-273.437500,-47.608268
-271.484375,-51.178122
-269.531250,-43.504102
-267.578125,-38.981812
-265.625000,-44.315438
-263.671875,-44.345267
-261.718750,-50.287950
-259.765625,-48.111065
-257.812500,-41.540318
-255.859375,-36.253138
-253.906250,-42.397120
-251.953125,-38.918037
-250.000000,-35.222637
-248.046875,-36.574352
-246.093750,-42.453232
-244.140625,-41.436042
-242.187500,-53.824793
-240.234375,-43.107304
-238.281250,-52.507718
-236.328125,-44.696159
-234.375000,-44.254161
-232.421875,-40.573602
-230.468750,-42.485033
-228.515625,-40.844119
-226.562500,-51.918868
-224.609375,-44.763884
-222.656250,-42.313206
-220.703125,-52.425758
-218.750000,-50.604862
-216.796875,-39.576273
-214.843750,-39.772072
-212.890625,-40.868085
-210.937500,-37.443804
-208.984375,-40.880663
-207.031250,-40.271332
-205.078125,-49.485889
-203.125000,-36.622195
-201.171875,-36.736230
-199.218750,-41.026552
-197.265625,-38.240368
-195.312500,-42.878050
-193.359375,-38.576280
-191.406250,-35.262718
-189.453125,-43.134024
-187.500000,-34.370159
-185.546875,-38.138583
-183.593750,-39.196179
-181.640625,-43.268079
-179.687500,-35.202727
-177.734375,-37.570637
-175.781250,-34.187102
-173.828125,-31.514864
-171.875000,-34.484707
-169.921875,-45.820339
-167.968750,-43.878822
-166.015625,-43.786717
-164.062500,-39.055600
-162.109375,-34.703256
-160.156250,-36.206893
-158.203125,-48.521710
-156.250000,-35.902487
-154.296875,-36.869275
-152.343750,-35.940744
-150.390625,-41.632358
-148.437500,-40.545494
-146.484375,-39.908969
-144.531250,-35.187083
-142.578125,-34.515969
-140.625000,-54.435877
-138.671875,-33.434363
-136.718750,-33.617557
-134.765625,-40.837914
-132.812500,-37.073563
-130.859375,-37.094847
-128.906250,-45.796300
-126.953125,-42.284993
-125.000000,-39.089187
-123.046875,-34.185125
-121.093750,-32.476772
-119.140625,-39.259879
-117.187500,-43.219323
-115.234375,-41.497539
-113.281250,-44.146283
-111.328125,-51.397172
-109.375000,-45.056355
-107.421875,-36.862411
-105.468750,-35.482926
-103.515625,-41.143827
-101.562500,-36.120352
-99.609375,-41.762786
-97.656250,-47.070742
-95.703125,-44.242531
-93.750000,-41.475311
-91.796875,-38.417945
-89.843750,-39.497557
-87.890625,-41.256099
-85.937500,-35.733502
-83.984375,-36.036653
-82.031250,-37.110529
-80.078125,-37.312252
-78.125000,-34.627834
-76.171875,-36.737965
-74.218750,-41.974523
-72.265625,-41.261534
-70.312500,-39.211499
-68.359375,-39.020712
-66.406250,-44.106704
-64.453125,-40.099798
-62.500000,-37.457971
-60.546875,-38.291319
-58.593750,-39.101727
-56.640625,-40.463097
-54.687500,-42.979964
-52.734375,-51.644045
-50.781250,-37.567225
-48.828125,-33.201119
-46.875000,-36.766985
-44.921875,-37.322702
-42.968750,-31.759616
-41.015625,-33.542973
-39.062500,-36.549357
-37.109375,-41.378539
-35.156250,-38.066317
-33.203125,-37.807279
-31.250000,-45.369424
-29.296875,-44.783520
-27.343750,-40.469852
-25.390625,-38.828852
-23.437500,-41.644525
-21.484375,-54.950392
-19.531250,-43.876647
-17.578125,-39.606283
-15.625000,-45.736790
-13.671875,-44.047021
-11.718750,-47.863588
-9.765625,-40.660497
-7.812500,-43.888621
-5.859375,-36.958307
-3.906250,-36.364736
-1.953125,-49.803263
0.000000,-42.209014
1.953125,-49.417533
3.906250,-48.270812
5.859375,-63.551566
7.812500,-51.217490
9.765625,-43.174403
11.718750,-47.912477
13.671875,-47.654358
15.625000,-44.216815
17.578125,-39.859349
19.531250,-45.550717
21.484375,-39.749018
23.437500,-36.852838
25.390625,-43.357742
27.343750,-41.229548
29.296875,-36.291596
31.250000,-38.038721
33.203125,-42.470036
35.156250,-41.933361
37.109375,-42.357672
39.062500,-37.202395
41.015625,-38.725228
42.968750,-36.568098
44.921875,-39.194091
46.875000,-41.705262
48.828125,-31.476688
50.781250,-33.747806
52.734375,-43.431032
54.687500,-45.734983
56.640625,-40.052552
58.593750,-36.217557
60.546875,-33.681632
62.500000,-32.406798
64.453125,-41.220393
66.406250,-39.899198
68.359375,-48.950998
70.312500,-40.564350
72.265625,-38.503499
74.218750,-40.105737
76.171875,-52.950795
78.125000,-48.965660
80.078125,-46.807319
82.031250,-36.039337
83.984375,-36.212502
85.937500,-41.535245
87.890625,-31.757302
89.843750,-39.662285
91.796875,-39.651469
93.750000,-53.888020
95.703125,-42.375654
97.656250,-39.241970
99.609375,-37.876670
101.562500,-43.604393
103.515625,-35.029695
105.468750,-38.480491
107.421875,-44.400145
109.375000,-33.412681
111.328125,-32.223305
113.281250,-34.051001
115.234375,-34.771269
117.187500,-36.115542
119.140625,-41.728109
121.093750,-35.864443
123.046875,-47.445440
125.000000,-39.764847
126.953125,-36.130147
128.906250,-40.017537
130.859375,-45.765695
132.812500,-45.289235
134.765625,-40.480473
136.718750,-34.031847
138.671875,-32.618925
140.625000,-33.847270
142.578125,-35.885916
144.531250,-40.134043
146.484375,-51.124820
148.437500,-43.843639
150.390625,-37.928143
152.343750,-36.453701
154.296875,-32.125385
156.250000,-38.430134
158.203125,-36.144466
160.156250,-38.099587
162.109375,-35.437950
164.062500,-31.848010
166.015625,-33.060148
167.968750,-39.486328
169.921875,-42.107468
171.875000,-37.419531
173.828125,-34.077171
175.781250,-35.046027
177.734375,-35.547286
179.687500,-35.377086
181.640625,-43.761166
183.593750,-37.270546
185.546875,-39.929472
187.500000,-35.738690
189.453125,-36.921073
191.406250,-48.846356
193.359375,-39.490490
195.312500,-34.131161
197.265625,-36.970158
199.218750,-36.000176
201.171875,-36.653407
203.125000,-43.038969
205.078125,-47.346824
207.031250,-39.854452
208.984375,-41.517804
210.937500,-40.160112
212.890625,-38.355413
214.843750,-49.931104
216.796875,-43.126069
218.750000,-42.470926
220.703125,-44.074576
222.656250,-52.680841
224.609375,-36.044823
226.562500,-36.813185
228.515625,-36.903020
230.468750,-34.295859
232.421875,-38.633806
234.375000,-42.865397
236.328125,-42.965071
238.281250,-36.493135
240.234375,-36.825765
242.187500,-46.454499
244.140625,-36.637173
246.093750,-39.255699
248.046875,-50.306730
250.000000,-38.868976
251.953125,-34.270791
253.906250,-35.510241
255.859375,-35.392845
257.812500,-35.453392
259.765625,-36.863166
261.718750,-36.867723
263.671875,-36.289654
265.625000,-37.312983
267.578125,-39.315014
269.531250,-39.397062
271.484375,-36.659447
273.437500,-40.283792
275.390625,-49.273240
277.343750,-39.903655
279.296875,-33.950761
281.250000,-45.359011
283.203125,-42.525498
285.156250,-40.846713
287.109375,-36.278115
289.062500,-44.497553
291.015625,-41.324883
292.968750,-39.317315
294.921875,-46.714124
296.875000,-42.336431
298.828125,-39.223001
300.781250,-39.619117
302.734375,-44.221083
304.687500,-39.377218
306.640625,-34.754152
308.593750,-37.670651
310.546875,-37.709205
312.500000,-34.688050
314.453125,-34.839092
316.406250,-36.293287
318.359375,-39.235624
320.312500,-46.998262
322.265625,-35.056094
324.218750,-34.833427
326.171875,-53.506828
328.125000,-45.906070
330.078125,-50.008625
332.031250,-60.774835
333.984375,-45.087964
335.937500,-41.198890
337.890625,-35.782560
339.843750,-39.766022
341.796875,-37.429335
343.750000,-56.256529
345.703125,-38.696965
347.656250,-43.823591
349.609375,-35.740275
351.562500,-33.817654
353.515625,-34.522952
355.468750,-40.892357
357.421875,-59.704765
359.375000,-41.813117
361.328125,-46.554894
363.281250,-45.367694
365.234375,-40.399254
367.187500,-41.578449
369.140625,-42.033246
371.093750,-48.561347
373.046875,-37.640304
375.000000,-35.345638
376.953125,-40.662645
378.906250,-46.961190
380.859375,-38.913904
382.812500,-35.173706
384.765625,-33.783861
386.718750,-39.972738
388.671875,-42.117528
390.625000,-37.468469
392.578125,-38.295858
394.531250,-44.410293
396.484375,-35.884646
398.437500,-42.138491
400.390625,-44.992848
402.343750,-40.110068
404.296875,-42.193128
406.250000,-36.846286
408.203125,-39.005551
410.156250,-37.506808
412.109375,-43.805102
414.062500,-39.232384
416.015625,-38.109680
417.968750,-33.619606
419.921875,-37.164666
421.875000,-45.396631
423.828125,-47.413096
425.781250,-38.996267
427.734375,-39.983940
429.687500,-43.223828
431.640625,-38.044130
433.593750,-32.782564
435.546875,-32.666274
437.500000,-36.675406
439.453125,-36.115072
441.406250,-33.458077
443.359375,-37.358488
445.312500,-36.959975
447.265625,-38.078505
449.218750,-41.045602
451.171875,-53.657597
453.125000,-41.044036
455.078125,-38.991024
457.031250,-38.594767
458.984375,-36.660028
460.937500,-34.409726
462.890625,-35.796625
464.843750,-40.802271
466.796875,-41.184096
468.750000,-38.591170
470.703125,-42.197181
472.656250,-46.496378
474.609375,-43.211796
476.562500,-37.117354
478.515625,-42.123315
480.468750,-55.958388
482.421875,-53.947713
484.375000,-40.532663
486.328125,-42.387250
488.281250,-48.856763
490.234375,-40.016872
492.187500,-39.276151
494.140625,-41.061372
496.093750,-41.156098
498.046875,-58.167365
500.000000,-42.175776
501.953125,-43.617366
503.906250,-41.548729
505.859375,-38.387512
507.812500,-41.427964
509.765625,-44.611498
511.718750,-41.976343
513.671875,-42.332242
515.625000,-40.513054
517.578125,-48.631319
519.531250,-45.256676
521.484375,-36.462253
523.437500,-33.075583
525.390625,-38.895049
527.343750,-37.679894
529.296875,-39.717486
531.250000,-44.826693
533.203125,-44.543041
535.156250,-47.505623
537.109375,-49.683566
539.062500,-37.417301
541.015625,-39.242187
542.968750,-40.507301
544.921875,-37.315130
546.875000,-46.921795
548.828125,-43.927835
550.781250,-50.392835
552.734375,-47.680773
554.687500,-43.953845
556.640625,-46.626214
558.593750,-46.989835
560.546875,-43.851992
562.500000,-38.640601
564.453125,-40.134242
566.406250,-49.086766
568.359375,-51.954225
570.312500,-45.285309
572.265625,-39.449854
574.218750,-39.711806
576.171875,-54.405529
578.125000,-41.949550
580.078125,-47.295464
582.031250,-48.165819
583.984375,-44.879770
585.937500,-40.930328
587.890625,-42.539991
589.843750,-42.463440
591.796875,-36.743448
593.750000,-36.556562
595.703125,-37.554055
597.656250,-36.509440
599.609375,-36.909513
601.562500,-35.801417
603.515625,-36.298313
605.468750,-40.639423
607.421875,-41.723969
609.375000,-43.903797
611.328125,-48.003730
613.281250,-40.818278
615.234375,-47.856320
617.187500,-44.356011
619.140625,-51.389422
621.093750,-45.237577
623.046875,-44.768593
625.000000,-39.090151
626.953125,-37.180889
628.906250,-40.621413
630.859375,-47.552073
632.812500,-46.192437
634.765625,-44.672279
636.718750,-46.198497
638.671875,-46.429528
640.625000,-48.502258
642.578125,-51.227051
644.531250,-47.824171
646.484375,-43.206263
648.437500,-39.273544
650.390625,-39.757127
652.343750,-47.276347
654.296875,-53.149161
656.250000,-53.729002
658.203125,-48.271388
660.156250,-46.655322
662.109375,-40.171862
664.062500,-41.373516
666.015625,-37.289733
667.968750,-39.031520
669.921875,-44.907607
671.875000,-56.683587
673.828125,-48.269027
675.781250,-51.604810
677.734375,-48.525200
679.687500,-65.925490
681.640625,-42.310483
683.593750,-40.309790
685.546875,-45.810395
687.500000,-45.419300
689.453125,-44.073342
691.406250,-45.548640
693.359375,-45.993378
695.312500,-46.163572
697.265625,-39.951152
699.218750,-35.643467
701.171875,-40.095388
703.125000,-60.254889
705.078125,-44.776452
707.031250,-46.865663
708.984375,-47.434677
710.937500,-47.084102
712.890625,-45.407040
714.843750,-42.258955
716.796875,-41.983564
718.750000,-42.484623
720.703125,-54.534026
722.656250,-47.725236
724.609375,-56.403322
726.562500,-49.551902
728.515625,-39.242454
730.468750,-41.217619
732.421875,-45.813845
734.375000,-42.260282
736.328125,-49.957809
738.281250,-41.791552
740.234375,-43.004397
742.187500,-46.580137
744.140625,-43.749679
746.093750,-47.289438
748.046875,-42.695221
750.000000,-40.733584
751.953125,-42.185940
753.906250,-59.991503
755.859375,-48.862112
757.812500,-48.384722
759.765625,-48.279637
761.718750,-40.457495
763.671875,-42.842424
765.625000,-42.323437
767.578125,-42.289212
769.531250,-55.615234
771.484375,-44.728325
773.437500,-48.252922
775.390625,-51.122396
777.343750,-41.674662
779.296875,-42.215368
781.250000,-44.800487
783.203125,-55.904398
785.156250,-58.819832
787.109375,-46.505180
789.062500,-42.625834
791.015625,-48.523443
792.968750,-46.444747
794.921875,-42.711976
796.875000,-40.734486
798.828125,-43.077862
800.781250,-45.396239
802.734375,-44.200739
804.687500,-51.660473
806.640625,-83.933462
808.593750,-47.458628
810.546875,-50.138684
812.500000,-50.664208
814.453125,-45.451518
816.406250,-42.365267
818.359375,-47.586353
820.312500,-48.207478
822.265625,-48.005747
824.218750,-46.673774
826.171875,-44.670014
828.125000,-53.323683
830.078125,-56.790320
832.031250,-55.154179
833.984375,-46.948147
835.937500,-39.831907
837.890625,-37.186440
839.843750,-42.674114
841.796875,-50.644621
843.750000,-48.585838
845.703125,-48.616049
847.656250,-40.084548
849.609375,-38.567847
851.562500,-61.330910
853.515625,-40.404768
855.468750,-40.134271
857.421875,-46.444966
859.375000,-43.972031
861.328125,-44.482115
863.281250,-48.986305
865.234375,-46.092115
867.187500,-47.227697
869.140625,-52.036101
871.093750,-65.336333
873.046875,-48.654859
875.000000,-42.139293
876.953125,-43.143639
878.906250,-58.918687
880.859375,-50.250212
882.812500,-56.991976
884.765625,-42.783389
886.718750,-42.083216
888.671875,-46.962625
890.625000,-47.673511
892.578125,-45.203321
894.531250,-42.919280
896.484375,-39.796151
898.437500,-38.157290
900.390625,-38.867919
902.343750,-47.309533
904.296875,-50.809924
906.250000,-51.202116
908.203125,-51.674865
910.156250,-46.395214
912.109375,-41.745964
914.062500,-50.291034
916.015625,-45.368512
917.968750,-40.539148
919.921875,-40.812027
921.875000,-46.877479
923.828125,-47.550882
925.781250,-45.278028
927.734375,-54.342615
929.687500,-48.284163
931.640625,-45.148700
933.593750,-48.645277
935.546875,-46.302498
937.500000,-40.260804
939.453125,-49.038371
941.406250,-46.567976
943.359375,-45.042636
945.312500,-48.069371
947.265625,-44.399828
949.218750,-43.436847
951.171875,-44.300666
953.125000,-49.074309
955.078125,-51.401986
957.031250,-44.087603
958.984375,-45.752804
960.937500,-53.899960
962.890625,-50.086702
964.843750,-43.579173
966.796875,-41.876108
968.750000,-43.094297
970.703125,-46.212030
972.656250,-45.310522
974.609375,-43.620927
976.562500,-44.329768
978.515625,-47.920581
980.468750,-54.749482
982.421875,-56.926021
984.375000,-55.141620
986.328125,-51.533539
988.281250,-53.886845
990.234375,-50.614723
992.187500,-49.477122
994.140625,-47.745264
996.093750,-48.839169
998.046875,-50.944364
1000.000000,-48.274103
1001.953125,-50.947071
1003.906250,-43.420520
1005.859375,-57.791687
1007.812500,-48.632542
1009.765625,-48.903595
1011.718750,-51.528952
1013.671875,-48.199859
1015.625000,-48.611194
1017.578125,-49.441582
1019.531250,-50.992311
1021.484375,-46.916989
1023.437500,-45.568124
1025.390625,-47.195486
1027.343750,-52.976359
1029.296875,-43.698351
1031.250000,-41.925379
1033.203125,-41.937670
1035.156250,-46.250634
1037.109375,-50.353318
1039.062500,-50.830401
1041.015625,-49.121951
1042.968750,-48.894942
1044.921875,-40.182618
1046.875000,-44.117532
1048.828125,-47.076394
1050.781250,-55.779513
1052.734375,-47.944099
1054.687500,-49.946202
1056.640625,-54.952445
1058.593750,-56.611397
1060.546875,-60.239160
1062.500000,-71.691569
1064.453125,-56.029453
1066.406250,-54.508291
1068.359375,-52.204521
1070.312500,-48.240494
1072.265625,-48.547461
1074.218750,-45.586444
1076.171875,-45.927766
1078.125000,-52.018270
1080.078125,-59.359066
1082.031250,-56.454891
1083.984375,-50.360687
1085.937500,-48.555982
1087.890625,-48.707326
1089.843750,-53.810550
1091.796875,-50.895632
1093.750000,-56.014077
1095.703125,-51.404372
1097.656250,-48.547319
1099.609375,-42.960870
1101.562500,-44.135211
1103.515625,-47.830474
1105.468750,-42.864295
1107.421875,-42.019421
1109.375000,-52.151260
1111.328125,-57.117367
1113.281250,-45.654486
1115.234375,-43.684471
1117.187500,-51.236041
1119.140625,-47.642860
1121.093750,-50.061972
1123.046875,-54.110829
1125.000000,-53.419731
1126.953125,-60.608182
1128.906250,-56.571673
1130.859375,-54.961288
1132.812500,-51.545112
1134.765625,-49.508529
1136.718750,-47.126719
1138.671875,-50.961957
1140.625000,-54.715708
1142.578125,-50.176824
1144.531250,-49.134463
1146.484375,-52.525112
1148.437500,-49.825393
1150.390625,-48.498652
1152.343750,-57.068165
1154.296875,-56.328483
1156.250000,-51.222005
1158.203125,-54.311590
1160.156250,-49.062823
1162.109375,-55.472470
1164.062500,-57.614199
1166.015625,-49.991548
1167.968750,-47.651676
1169.921875,-49.773423
1171.875000,-61.220987
1173.828125,-57.500533
1175.781250,-65.351801
1177.734375,-69.836664
1179.687500,-53.676451
1181.640625,-53.564234
1183.593750,-50.901526
1185.546875,-51.919483
1187.500000,-58.188048
1189.453125,-69.918101
1191.406250,-68.697367
1193.359375,-60.641909
1195.312500,-57.499560
1197.265625,-58.357414
1199.218750,-54.626008
1201.171875,-53.890350
1203.125000,-59.159938
1205.078125,-54.816899
1207.031250,-53.123442
1208.984375,-51.317687
1210.937500,-54.070185
1212.890625,-54.168368
1214.843750,-54.986906
1216.796875,-52.131983
1218.750000,-54.695425
1220.703125,-55.457839
1222.656250,-51.261836
1224.609375,-53.334076
1226.562500,-53.560893
1228.515625,-53.100422
1230.468750,-50.625914
1232.421875,-48.826271
1234.375000,-56.787411
1236.328125,-73.882229
1238.281250,-53.827842
1240.234375,-49.377334
1242.187500,-52.357397
1244.140625,-60.459844
1246.093750,-50.854797
1248.046875,-51.231553
1250.000000,-53.714350
1251.953125,-55.315294
1253.906250,-55.889821
1255.859375,-53.879660
1257.812500,-51.834682
1259.765625,-48.641878
1261.718750,-50.245225
1263.671875,-60.590345
1265.625000,-55.578585
1267.578125,-55.593711
1269.531250,-53.624006
1271.484375,-54.171112
1273.437500,-54.616565
1275.390625,-61.693319
1277.343750,-63.507519
1279.296875,-58.892441
1281.250000,-66.518605
1283.203125,-61.045552
1285.156250,-59.473282
1287.109375,-62.498994
1289.062500,-60.208982
1291.015625,-54.449456
1292.968750,-53.585419
1294.921875,-58.217953
1296.875000,-72.309095
1298.828125,-64.499767
1300.781250,-62.640277
1302.734375,-59.695464
1304.687500,-54.436712
1306.640625,-55.350084
1308.593750,-52.073726
1310.546875,-57.640751
1312.500000,-60.514904
1314.453125,-76.274805
1316.406250,-66.257339
1318.359375,-54.740952
1320.312500,-57.990333
1322.265625,-61.252545
1324.218750,-53.348882
1326.171875,-52.782342
1328.125000,-51.196611
1330.078125,-51.415147
1332.031250,-57.858418
1333.984375,-59.191057
1335.937500,-57.588173
1337.890625,-62.038834
1339.843750,-62.883351
1341.796875,-64.629240
1343.750000,-61.329891
1345.703125,-57.945564
1347.656250,-58.210942
1349.609375,-69.112569
1351.562500,-55.886354
1353.515625,-50.717910
1355.468750,-49.499251
1357.421875,-52.716343
1359.375000,-59.016319
1361.328125,-60.796133
1363.281250,-64.944884
1365.234375,-65.924482
1367.187500,-59.663468
1369.140625,-55.406799
1371.093750,-59.243836
1373.046875,-61.668530
1375.000000,-56.722012
1376.953125,-65.973703
1378.906250,-79.985700
1380.859375,-67.417102
1382.812500,-65.433468
1384.765625,-57.375796
1386.718750,-59.520639
1388.671875,-69.896752
1390.625000,-84.072541
1392.578125,-82.748327
1394.531250,-70.157228
1396.484375,-66.284318
1398.437500,-62.892282
1400.390625,-62.773037
1402.343750,-72.685729
1404.296875,-67.754919
1406.250000,-56.621461
1408.203125,-53.148012
1410.156250,-57.273440
1412.109375,-62.680781
1414.062500,-65.888376
1416.015625,-66.458663
1417.968750,-60.241863
1419.921875,-61.669952
1421.875000,-62.683980
1423.828125,-59.762075
1425.781250,-71.828172
1427.734375,-69.979444
1429.687500,-61.544727
1431.640625,-61.995388
1433.593750,-67.600456
1435.546875,-78.820257
1437.500000,-65.466445
1439.453125,-61.786092
1441.406250,-60.295073
1443.359375,-61.461416
1445.312500,-64.084923
1447.265625,-62.971945
1449.218750,-59.657292
1451.171875,-60.239683
1453.125000,-65.570481
1455.078125,-69.674015
1457.031250,-67.827586
1458.984375,-60.709860
1460.937500,-64.526141
1462.890625,-74.828684
1464.843750,-67.818043
1466.796875,-65.308657
1468.750000,-68.570192
1470.703125,-79.731609
1472.656250,-71.656479
1474.609375,-77.664334
1476.562500,-77.873530
1478.515625,-67.010317
1480.468750,-65.504971
1482.421875,-71.843876
1484.375000,-81.827121
1486.328125,-71.601975
1488.281250,-69.387335
1490.234375,-72.953285
1492.187500,-70.220081
1494.140625,-65.278089
1496.093750,-65.700487
1498.046875,-68.954686
1500.000000,-70.431572
1501.953125,-82.041475
1503.906250,-69.377683
1505.859375,-65.778761
1507.812500,-65.271150
1509.765625,-64.591917
1511.718750,-72.212331
1513.671875,-72.095034
1515.625000,-74.764568
1517.578125,-76.078594
1519.531250,-67.866046
1521.484375,-70.945260
1523.437500,-77.196758
1525.390625,-82.245888
1527.343750,-83.339203
1529.296875,-81.778050
1531.250000,-77.401150
1533.203125,-76.979688
1535.156250,-75.826973
1537.109375,-74.620460
1539.062500,-82.114832
1541.015625,-75.525704
1542.968750,-79.440871
1544.921875,-79.946440
1546.875000,-79.451253
1548.828125,-78.016358
1550.781250,-78.474594
1552.734375,-84.913662
1554.687500,-85.111740
1556.640625,-88.342315
1558.593750,-80.503964
1560.546875,-76.241645
1562.500000,-75.963074
1564.453125,-91.143229
1566.406250,-81.417056
1568.359375,-80.951586
1570.312500,-85.005335
1572.265625,-84.904837
1574.218750,-83.146031
1576.171875,-91.334840
1578.125000,-95.999903
1580.078125,-95.094525
1582.031250,-87.167252
1583.984375,-83.980918
1585.937500,-88.382754
1587.890625,-98.822231
1589.843750,-95.705404
1591.796875,-95.712557
1593.750000,-94.631255
1595.703125,-98.027408
1597.656250,-100.993716
1599.609375,-117.982216
1601.562500,-115.041519
1603.515625,-97.957032
1605.468750,-93.907299
1607.421875,-97.675956
1609.375000,-95.085271
1611.328125,-92.458197
1613.281250,-90.967393
1615.234375,-95.732702
1617.187500,-95.964961
1619.140625,-93.277470
1621.093750,-93.353222
1623.046875,-88.072777
1625.000000,-83.914617
1626.953125,-90.145466
1628.906250,-84.338177
1630.859375,-83.366674
1632.812500,-86.275571
1634.765625,-87.405115
1636.718750,-85.885409
1638.671875,-83.805140
1640.625000,-80.162266
1642.578125,-77.145478
1644.531250,-86.507152
1646.484375,-86.462587
1648.437500,-84.631156
1650.390625,-80.965536
1652.343750,-82.723381
1654.296875,-86.826761
1656.250000,-93.699003
1658.203125,-78.862953
1660.156250,-75.868215
1662.109375,-80.471437
1664.062500,-81.248962
1666.015625,-79.454516
1667.968750,-75.504603
1669.921875,-76.576603
1671.875000,-77.914505
1673.828125,-77.664502
1675.781250,-81.522138
1677.734375,-80.298236
1679.687500,-75.135304
1681.640625,-73.731906
1683.593750,-74.292861
1685.546875,-84.595078
1687.500000,-80.264357
1689.453125,-85.359841
1691.406250,-75.393976
1693.359375,-75.754031
1695.312500,-75.723995
1697.265625,-72.609127
1699.218750,-76.210660
1701.171875,-82.286549
1703.125000,-85.747665
1705.078125,-77.387436
1707.031250,-84.976384
1708.984375,-87.971774
1710.937500,-84.845014
1712.890625,-78.762603
1714.843750,-80.205295
1716.796875,-77.107497
1718.750000,-73.712167
1720.703125,-73.740381
1722.656250,-80.841740
1724.609375,-72.606226
1726.562500,-70.911346
1728.515625,-70.642797
1730.468750,-72.323658
1732.421875,-76.574951
1734.375000,-75.346187
1736.328125,-79.623361
1738.281250,-83.587220
1740.234375,-79.122322
1742.187500,-79.011497
1744.140625,-83.030685
1746.093750,-74.164921
1748.046875,-72.603802
1750.000000,-74.905711
1751.953125,-69.779860
1753.906250,-68.941493
1755.859375,-71.531352
1757.812500,-82.123134
1759.765625,-78.512904
1761.718750,-74.356031
1763.671875,-70.392191
1765.625000,-75.697308
1767.578125,-75.265214
1769.531250,-74.572120
1771.484375,-86.713827
1773.437500,-71.108118
1775.390625,-78.006354
1777.343750,-72.909875
1779.296875,-72.761546
1781.250000,-80.347260
1783.203125,-85.312472
1785.156250,-79.359796
1787.109375,-74.518049
1789.062500,-77.457011
1791.015625,-75.017670
1792.968750,-71.516096
1794.921875,-71.619366
1796.875000,-77.889619
1798.828125,-79.721914
1800.781250,-75.384035
1802.734375,-72.572305
1804.687500,-76.769320
1806.640625,-78.273256
1808.593750,-94.671334
1810.546875,-76.435874
1812.500000,-74.041963
1814.453125,-80.225559
1816.406250,-79.306953
1818.359375,-78.866482
1820.312500,-80.636309
1822.265625,-75.075684
1824.218750,-73.530127
1826.171875,-78.886979
1828.125000,-76.842698
1830.078125,-72.495332
1832.031250,-75.334375
1833.984375,-76.955800
1835.937500,-75.395226
1837.890625,-73.384001
1839.843750,-75.109675
1841.796875,-75.710652
1843.750000,-75.240608
1845.703125,-76.166948
1847.656250,-81.244595
1849.609375,-72.997432
1851.562500,-70.653686
1853.515625,-73.435497
1855.468750,-88.911019
1857.421875,-78.855363
1859.375000,-77.849517
1861.328125,-84.459122
1863.281250,-79.632445
1865.234375,-75.905438
1867.187500,-73.146523
1869.140625,-81.203003
1871.093750,-84.023978
1873.046875,-78.726968
1875.000000,-73.534326
1876.953125,-77.284352
1878.906250,-81.291199
1880.859375,-81.662702
1882.812500,-82.287687
1884.765625,-72.196214
1886.718750,-72.363710
1888.671875,-80.423562
1890.625000,-83.492122
1892.578125,-86.396905
1894.531250,-75.298531
1896.484375,-71.108375
1898.437500,-74.840466
1900.390625,-84.640738
1902.343750,-83.654744
1904.296875,-80.230409
1906.250000,-79.369088
1908.203125,-78.474635
1910.156250,-75.714860
1912.109375,-77.421973
1914.062500,-79.201136
1916.015625,-85.637502
1917.968750,-74.965086
1919.921875,-76.462590
1921.875000,-84.655654
1923.828125,-79.480081
1925.781250,-88.282847
1927.734375,-82.749081
1929.687500,-80.390592
1931.640625,-80.061355
1933.593750,-81.881632
1935.546875,-79.909746
1937.500000,-76.958336
1939.453125,-78.823677
1941.406250,-83.842029
1943.359375,-86.523549
1945.312500,-96.599950
1947.265625,-81.848298
1949.218750,-80.015167
1951.171875,-78.324400
1953.125000,-79.372773
1955.078125,-85.425025
1957.031250,-85.656957
1958.984375,-82.416006
1960.937500,-83.828191
1962.890625,-99.675081
1964.843750,-96.132724
1966.796875,-98.186716
1968.750000,-91.966111
1970.703125,-88.696681
1972.656250,-96.278810
1974.609375,-87.327504
1976.562500,-86.105679
1978.515625,-86.241944
1980.468750,-86.773778
1982.421875,-87.314679
1984.375000,-91.121206
1986.328125,-92.194070
1988.281250,-92.129304
1990.234375,-95.304052
1992.187500,-99.002623
1994.140625,-104.146069
1996.093750,-105.328259
1998.046875,-114.264576
2000.000000,-175.963438
2001.953125,-114.491796
2003.906250,-107.517201
2005.859375,-101.165873
2007.812500,-118.500702
2009.765625,-95.931825
2011.718750,-101.333989
2013.671875,-91.144104
2015.625000,-104.212956
2017.578125,-98.140923
2019.531250,-90.075205
2021.484375,-86.915876
2023.437500,-89.517114
2025.390625,-85.881104
2027.343750,-86.684279
2029.296875,-86.825155
2031.250000,-84.530409
2033.203125,-88.874632
2035.156250,-78.149233
2037.109375,-80.343270
2039.062500,-92.813970
2041.015625,-87.175186
2042.968750,-86.461931
2044.921875,-87.258426
2046.875000,-86.105797
2048.828125,-79.019706
2050.781250,-89.323331
2052.734375,-77.656934
2054.687500,-77.002765
2056.640625,-85.284376
2058.593750,-90.698640
2060.546875,-81.854039
2062.500000,-80.623408
2064.453125,-84.847982
2066.406250,-80.595661
2068.359375,-85.267729
2070.312500,-74.735022
2072.265625,-72.329824
2074.218750,-72.998716
2076.171875,-84.044389
2078.125000,-87.017684
2080.078125,-85.553799
2082.031250,-79.978484
2083.984375,-75.754606
2085.937500,-70.238912
2087.890625,-70.224838
2089.843750,-87.173056
2091.796875,-75.583319
2093.750000,-79.496581
2095.703125,-84.034452
2097.656250,-75.733124
2099.609375,-74.607253
2101.562500,-80.319345
2103.515625,-85.915703
2105.468750,-81.472485
2107.421875,-80.177604
2109.375000,-76.723413
2111.328125,-87.918587
2113.281250,-74.622620
2115.234375,-72.495138
2117.187500,-74.361839
2119.140625,-91.085031
2121.093750,-89.109714
2123.046875,-75.241246
2125.000000,-71.956552
2126.953125,-81.510653
2128.906250,-71.207145
2130.859375,-71.087429
2132.812500,-75.571729
2134.765625,-73.385679
2136.718750,-71.099095
2138.671875,-69.534325
2140.625000,-68.883375
2142.578125,-65.408843
2144.531250,-65.175648
2146.484375,-73.241276
2148.437500,-80.557718
2150.390625,-81.944340
2152.343750,-82.084790
2154.296875,-68.019335
2156.250000,-63.234647
2158.203125,-63.669454
2160.156250,-71.011959
2162.109375,-88.422082
2164.062500,-77.355229
2166.015625,-76.278556
2167.968750,-89.710670
2169.921875,-84.957099
2171.875000,-73.366764
2173.828125,-69.270994
2175.781250,-72.742697
2177.734375,-81.755509
2179.687500,-75.659182
2181.640625,-70.398336
2183.593750,-77.792911
2185.546875,-76.576397
2187.500000,-75.538056
2189.453125,-73.145025
2191.406250,-77.115544
2193.359375,-72.554351
2195.312500,-67.865249
2197.265625,-74.311285
2199.218750,-71.151174
2201.171875,-68.278662
2203.125000,-64.583758
2205.078125,-62.194722
2207.031250,-66.167686
2208.984375,-74.555056
2210.937500,-75.852701
2212.890625,-76.503375
2214.843750,-78.420814
2216.796875,-69.373766
2218.750000,-68.504444
2220.703125,-70.090044
2222.656250,-66.270618
2224.609375,-66.615093
2226.562500,-68.325202
2228.515625,-75.419929
2230.468750,-70.055883
2232.421875,-70.035418
2234.375000,-71.855127
2236.328125,-65.730895
2238.281250,-66.532270
2240.234375,-69.108048
2242.187500,-68.734231
2244.140625,-72.709398
2246.093750,-64.305422
2248.046875,-70.867702
2250.000000,-68.641056
2251.953125,-72.111483
2253.906250,-63.424869
2255.859375,-65.082572
2257.812500,-66.949213
2259.765625,-62.930658
2261.718750,-63.185823
2263.671875,-73.382225
2265.625000,-65.391760
2267.578125,-61.229698
2269.531250,-60.355233
2271.484375,-62.345297
2273.437500,-63.036078
2275.390625,-61.043151
2277.343750,-65.271464
2279.296875,-68.114040
2281.250000,-78.382361
2283.203125,-73.195028
2285.156250,-72.948607
2287.109375,-70.175253
2289.062500,-70.292540
2291.015625,-83.685340
2292.968750,-86.944314
2294.921875,-72.545465
2296.875000,-71.304127
2298.828125,-72.501719
2300.781250,-79.498148
2302.734375,-75.892369
2304.687500,-67.883881
2306.640625,-65.405360
2308.593750,-65.562562
2310.546875,-60.655320
2312.500000,-65.198529
2314.453125,-76.127296
2316.406250,-71.119129
2318.359375,-67.504740
2320.312500,-66.009667
2322.265625,-67.510117
2324.218750,-62.844116
2326.171875,-62.885642
2328.125000,-66.405782
2330.078125,-68.992256
2332.031250,-73.714144
2333.984375,-71.456531
2335.937500,-82.896928
2337.890625,-80.682722
2339.843750,-81.463854
2341.796875,-69.393506
2343.750000,-67.484805
2345.703125,-66.465223
2347.656250,-71.534046
2349.609375,-78.803913
2351.562500,-68.781884
2353.515625,-66.890225
2355.468750,-62.568096
2357.421875,-69.798130
2359.375000,-66.927748
2361.328125,-64.534614
2363.281250,-61.282207
2365.234375,-62.521052
2367.187500,-64.234986
2369.140625,-61.505069
2371.093750,-73.115164
2373.046875,-61.860083
2375.000000,-66.206442
2376.953125,-62.795320
2378.906250,-64.864573
2380.859375,-62.141573
2382.812500,-63.210167
2384.765625,-80.190388
2386.718750,-67.431498
2388.671875,-65.083411
2390.625000,-75.829132
2392.578125,-70.331628
2394.531250,-77.577060
2396.484375,-67.538305
2398.437500,-76.002740
2400.390625,-74.959702
2402.343750,-72.656398
2404.296875,-73.693183
2406.250000,-70.591714
2408.203125,-67.145529
2410.156250,-63.273394
2412.109375,-66.015054
2414.062500,-70.023854
2416.015625,-69.774512
2417.968750,-67.668469
2419.921875,-75.967660
2421.875000,-72.221404
2423.828125,-66.510268
2425.781250,-66.413576
2427.734375,-70.798517
2429.687500,-74.674471
2431.640625,-64.852126
2433.593750,-65.144581
2435.546875,-68.760093
2437.500000,-73.904396
2439.453125,-84.130769
2441.406250,-67.457080
2443.359375,-60.785979
2445.312500,-65.848130
2447.265625,-67.879195
2449.218750,-63.587969
2451.171875,-72.188104
2453.125000,-64.545974
2455.078125,-63.094553
2457.031250,-61.569279
2458.984375,-63.060433
2460.937500,-62.028784
2462.890625,-61.300389
2464.843750,-60.999959
2466.796875,-66.255328
2468.750000,-76.583462
2470.703125,-77.917217
2472.656250,-69.912871
2474.609375,-67.977813
2476.562500,-65.550187
2478.515625,-61.441601
2480.468750,-65.126430
2482.421875,-70.742767
2484.375000,-73.948644
2486.328125,-64.545634
2488.281250,-69.487379
2490.234375,-66.655719
2492.187500,-68.102252
2494.140625,-65.097857
2496.093750,-63.938562
2498.046875,-64.441091
2500.000000,-74.070478
2501.953125,-66.767180
2503.906250,-60.803521
2505.859375,-61.082152
2507.812500,-59.616060
2509.765625,-58.868020
2511.718750,-60.379310
2513.671875,-67.344397
2515.625000,-67.256737
2517.578125,-62.105255
2519.531250,-64.257142
2521.484375,-67.634005
2523.437500,-66.131643
2525.390625,-79.582439
2527.343750,-70.188738
2529.296875,-72.376016
2531.250000,-70.107399
2533.203125,-68.920289
2535.156250,-65.512189
2537.109375,-83.171133
2539.062500,-73.321162
2541.015625,-64.344500
2542.968750,-67.785680
2544.921875,-60.809646
2546.875000,-59.929913
2548.828125,-62.109773
2550.781250,-64.733393
2552.734375,-65.857382
2554.687500,-67.240229
2556.640625,-60.135299
2558.593750,-59.913279
2560.546875,-65.959069
2562.500000,-62.055872
2564.453125,-59.770873
2566.406250,-65.714151
2568.359375,-80.061384
2570.312500,-76.213780
2572.265625,-66.177729
2574.218750,-66.427142
2576.171875,-68.571355
2578.125000,-65.954220
2580.078125,-63.711759
2582.031250,-65.534062
2583.984375,-63.321727
2585.937500,-64.081717
2587.890625,-68.382499
2589.843750,-62.842271
2591.796875,-61.358414
2593.750000,-60.723503
2595.703125,-63.149407
2597.656250,-71.730764
2599.609375,-72.400732
2601.562500,-68.290389
2603.515625,-64.580552
2605.468750,-67.364450
2607.421875,-69.855627
2609.375000,-67.858107
2611.328125,-74.365634
2613.281250,-65.519626
2615.234375,-67.868326
2617.187500,-65.663683
2619.140625,-61.207621
2621.093750,-62.773156
2623.046875,-71.302337
2625.000000,-68.306769
2626.953125,-68.116864
2628.906250,-62.126267
2630.859375,-62.169531
2632.812500,-62.512417
2634.765625,-66.557562
2636.718750,-63.133275
2638.671875,-62.037346
2640.625000,-65.422647
2642.578125,-60.495234
2644.531250,-58.476585
2646.484375,-55.899613
2648.437500,-60.672708
2650.390625,-60.666850
2652.343750,-55.917756
2654.296875,-57.774934
2656.250000,-60.763914
2658.203125,-64.005915
2660.156250,-62.827414
2662.109375,-63.817374
2664.062500,-64.829252
2666.015625,-69.783227
2667.968750,-68.150832
2669.921875,-70.634889
2671.875000,-64.154714
2673.828125,-72.063301
2675.781250,-71.413521
2677.734375,-68.722123
2679.687500,-86.867335
2681.640625,-73.777432
2683.593750,-72.327307
2685.546875,-76.740386
2687.500000,-73.183831
2689.453125,-71.897956
2691.406250,-63.813399
2693.359375,-58.761537
2695.312500,-57.878929
2697.265625,-59.021044
2699.218750,-62.304949
2701.171875,-67.432922
2703.125000,-60.546617
2705.078125,-69.710429
2707.031250,-66.154046
2708.984375,-66.824154
2710.937500,-62.531001
2712.890625,-67.124132
2714.843750,-65.788609
2716.796875,-71.513162
2718.750000,-74.771508
2720.703125,-69.322502
2722.656250,-69.673348
2724.609375,-65.343702
2726.562500,-68.417852
2728.515625,-72.380576
2730.468750,-70.512307
2732.421875,-65.596929
2734.375000,-73.389076
2736.328125,-71.628161
2738.281250,-75.546352
2740.234375,-63.376419
2742.187500,-66.613087
2744.140625,-65.292040
2746.093750,-63.679921
2748.046875,-63.640495
2750.000000,-59.847130
2751.953125,-62.955909
2753.906250,-78.646967
2755.859375,-69.450296
2757.812500,-71.363511
2759.765625,-66.623219
2761.718750,-70.172667
2763.671875,-62.822812
2765.625000,-66.014715
2767.578125,-73.060384
2769.531250,-71.664465
2771.484375,-72.589494
2773.437500,-73.000891
2775.390625,-68.657263
2777.343750,-73.124794
2779.296875,-74.443656
2781.250000,-66.063880
2783.203125,-69.861362
2785.156250,-83.963637
2787.109375,-82.436213
2789.062500,-75.977220
2791.015625,-74.869661
2792.968750,-62.892603
2794.921875,-60.700952
2796.875000,-62.804187
2798.828125,-64.717263
2800.781250,-63.262779
2802.734375,-60.785656
2804.687500,-66.253397
2806.640625,-72.517064
2808.593750,-72.084040
2810.546875,-72.606228
2812.500000,-69.370305
2814.453125,-69.847184
2816.406250,-66.962133
2818.359375,-67.578038
2820.312500,-76.337504
2822.265625,-67.682814
2824.218750,-69.519289
2826.171875,-86.715594
2828.125000,-74.837523
2830.078125,-80.754842
2832.031250,-81.092046
2833.984375,-68.308458
2835.937500,-63.296575
2837.890625,-67.407375
2839.843750,-75.294555
2841.796875,-68.888442
2843.750000,-70.297125
2845.703125,-67.933577
2847.656250,-66.429105
2849.609375,-81.841526
2851.562500,-67.273913
2853.515625,-64.162984
2855.468750,-64.687601
2857.421875,-63.828802
2859.375000,-70.652506
2861.328125,-69.502750
2863.281250,-70.830976
2865.234375,-78.195801
2867.187500,-67.748692
2869.140625,-69.817841
2871.093750,-77.067721
2873.046875,-78.073879
2875.000000,-68.668661
2876.953125,-72.823927
2878.906250,-69.759501
2880.859375,-68.320593
2882.812500,-67.434227
2884.765625,-67.619566
2886.718750,-65.244629
2888.671875,-65.085641
2890.625000,-70.621496
2892.578125,-85.491334
2894.531250,-74.604310
2896.484375,-75.508421
2898.437500,-72.028361
2900.390625,-75.828169
2902.343750,-105.163580
2904.296875,-69.493140
2906.250000,-65.403908
2908.203125,-68.780681
2910.156250,-70.226368
2912.109375,-70.823493
2914.062500,-71.683151
2916.015625,-65.650451
2917.968750,-66.170204
2919.921875,-66.456343
2921.875000,-67.468189
2923.828125,-63.914107
2925.781250,-64.187180
2927.734375,-64.997350
2929.687500,-68.571875
2931.640625,-69.776388
2933.593750,-70.907868
2935.546875,-70.973078
2937.500000,-73.877887
2939.453125,-67.877450
2941.406250,-67.920068
2943.359375,-67.956436
2945.312500,-65.449568
2947.265625,-65.401179
2949.218750,-70.347689
2951.171875,-69.387827
2953.125000,-69.601592
2955.078125,-74.528830
2957.031250,-75.186040
2958.984375,-73.259991
2960.937500,-75.982902
2962.890625,-88.603027
2964.843750,-74.124488
2966.796875,-70.209208
2968.750000,-74.636886
2970.703125,-80.391370
2972.656250,-79.788821
2974.609375,-81.562420
2976.562500,-75.229542
2978.515625,-71.580227
2980.468750,-72.400716
2982.421875,-74.811680
2984.375000,-78.684303
2986.328125,-71.350396
2988.281250,-74.240898
2990.234375,-75.122023
2992.187500,-79.589297
2994.140625,-70.511759
2996.093750,-67.329081
2998.046875,-75.486176
3000.000000,-77.601754
3001.953125,-76.631202
3003.906250,-81.334671
3005.859375,-72.249917
3007.812500,-73.460884
3009.765625,-70.697911
3011.718750,-69.263410
3013.671875,-65.455815
3015.625000,-68.104662
3017.578125,-74.971970
3019.531250,-72.020413
3021.484375,-78.477221
3023.437500,-73.573784
3025.390625,-70.414541
3027.343750,-72.484807
3029.296875,-69.086300
3031.250000,-82.283604
3033.203125,-69.296594
3035.156250,-71.870559
3037.109375,-78.538305
3039.062500,-86.009069
3041.015625,-78.371366
3042.968750,-80.699935
3044.921875,-90.495076
3046.875000,-95.600972
3048.828125,-75.890044
3050.781250,-72.155930
3052.734375,-70.307433
3054.687500,-71.151062
3056.640625,-77.706180
3058.593750,-97.746588
3060.546875,-79.930031
3062.500000,-74.225527
3064.453125,-79.486521
3066.406250,-77.246466
3068.359375,-74.029423
3070.312500,-71.014446
3072.265625,-75.395876
3074.218750,-76.370311
3076.171875,-72.668617
3078.125000,-82.059410
3080.078125,-75.552814
3082.031250,-75.683433
3083.984375,-81.491824
3085.937500,-85.884611
3087.890625,-96.506214
3089.843750,-84.165992
3091.796875,-80.298667
3093.750000,-78.788879
3095.703125,-80.831706
3097.656250,-81.237188
3099.609375,-85.984461
3101.562500,-93.688105
3103.515625,-93.130452
3105.468750,-84.733098
3107.421875,-77.721920
3109.375000,-74.350115
3111.328125,-80.117200
3113.281250,-81.380584
3115.234375,-78.016035
3117.187500,-80.504595
3119.140625,-90.367370
3121.093750,-98.244650
3123.046875,-88.412842
3125.000000,-83.436776
3126.953125,-91.235416
3128.906250,-96.884031
3130.859375,-87.902651
3132.812500,-79.554831
3134.765625,-78.623753
3136.718750,-82.655909
3138.671875,-82.836213
3140.625000,-94.279568
3142.578125,-89.580516
3144.531250,-85.997878
3146.484375,-81.127609
3148.437500,-87.644023
3150.390625,-95.503420
3152.343750,-97.713516
3154.296875,-90.113405
3156.250000,-87.800505
3158.203125,-85.229003
3160.156250,-90.874808
3162.109375,-83.438606
3164.062500,-86.047429
3166.015625,-85.294519
3167.968750,-82.554621
3169.921875,-89.792887
3171.875000,-90.004285
3173.828125,-82.857729
3175.781250,-87.949928
3177.734375,-138.393031
3179.687500,-99.099756
3181.640625,-97.436842
3183.593750,-96.650526
3185.546875,-94.635727
3187.500000,-95.350744
3189.453125,-96.074845
3191.406250,-100.224903
3193.359375,-110.930288
3195.312500,-117.694404
3197.265625,-113.564877
3199.218750,-119.781128
3201.171875,-118.821082
3203.125000,-114.662569
3205.078125,-103.864154
3207.031250,-106.600715
3208.984375,-101.289652
3210.937500,-96.176921
3212.890625,-96.152548
3214.843750,-104.471806
3216.796875,-97.921074
3218.750000,-93.256620
3220.703125,-95.212790
3222.656250,-89.306185
3224.609375,-86.279169
3226.562500,-86.689815
3228.515625,-91.174058
3230.468750,-97.439390
3232.421875,-106.393811
3234.375000,-93.521274
3236.328125,-86.599607
3238.281250,-87.204913
3240.234375,-80.025362
3242.187500,-80.822890
3244.140625,-84.441111
3246.093750,-94.795530
3248.046875,-85.173051
3250.000000,-87.658208
3251.953125,-92.701929
3253.906250,-84.175424
3255.859375,-87.451350
3257.812500,-88.186714
3259.765625,-85.478803
3261.718750,-85.266253
3263.671875,-82.962931
3265.625000,-82.619022
3267.578125,-82.542224
3269.531250,-80.168811
3271.484375,-77.734231
3273.437500,-76.879709
3275.390625,-78.785324
3277.343750,-79.792657
3279.296875,-76.736461
3281.250000,-76.936826
3283.203125,-83.931936
3285.156250,-81.206664
3287.109375,-89.846470
3289.062500,-86.063642
3291.015625,-78.592969
3292.968750,-77.725831
3294.921875,-79.350241
3296.875000,-86.211460
3298.828125,-90.703780
3300.781250,-85.863574
3302.734375,-82.495306
3304.687500,-78.892377
3306.640625,-84.296444
3308.593750,-76.543137
3310.546875,-79.859912
3312.500000,-82.205615
3314.453125,-79.218536
3316.406250,-91.112996
3318.359375,-89.434763
3320.312500,-84.001074
3322.265625,-78.832633
3324.218750,-83.474986
3326.171875,-88.300290
3328.125000,-90.697455
3330.078125,-80.017260
3332.031250,-78.389225
3333.984375,-89.495818
3335.937500,-75.774041
3337.890625,-74.337805
3339.843750,-83.243437
3341.796875,-82.861852
3343.750000,-78.654875
3345.703125,-78.262094
3347.656250,-74.566422
3349.609375,-72.211638
3351.562500,-72.537260
3353.515625,-75.247000
3355.468750,-86.186538
3357.421875,-81.225629
3359.375000,-77.734805
3361.328125,-68.534013
3363.281250,-69.241920
3365.234375,-76.814208
3367.187500,-89.446561
3369.140625,-80.348126
3371.093750,-82.078650
3373.046875,-80.303847
3375.000000,-72.223431
3376.953125,-73.747849
3378.906250,-84.719162
3380.859375,-77.924409
3382.812500,-89.865443
3384.765625,-77.196663
3386.718750,-73.168939
3388.671875,-74.998280
3390.625000,-75.894082
3392.578125,-83.572572
3394.531250,-85.658243
3396.484375,-79.769416
3398.437500,-71.124157
3400.390625,-73.616579
3402.343750,-72.817485
3404.296875,-74.068887
3406.250000,-91.477866
3408.203125,-73.496944
3410.156250,-71.213385
3412.109375,-80.932373
3414.062500,-74.899882
3416.015625,-70.868271
3417.968750,-72.202466
3419.921875,-77.437710
3421.875000,-75.800084
3423.828125,-74.493734
3425.781250,-75.654689
3427.734375,-71.411030
3429.687500,-76.358828
3431.640625,-81.974053
3433.593750,-80.788922
3435.546875,-69.106272
3437.500000,-67.801922
3439.453125,-71.728805
3441.406250,-74.347130
3443.359375,-83.595002
3445.312500,-73.678095
3447.265625,-73.884460
3449.218750,-79.880719
3451.171875,-90.343518
3453.125000,-72.515502
3455.078125,-68.869912
3457.031250,-72.777294
3458.984375,-73.356545
3460.937500,-69.656179
3462.890625,-79.738987
3464.843750,-75.998991
3466.796875,-70.250238
3468.750000,-67.777505
3470.703125,-66.193813
3472.656250,-67.637599
3474.609375,-76.078476
3476.562500,-80.526171
3478.515625,-81.477877
3480.468750,-78.336976
3482.421875,-78.770639
3484.375000,-72.817546
3486.328125,-70.589906
3488.281250,-69.981667
3490.234375,-68.095863
3492.187500,-69.908479
3494.140625,-82.215540
3496.093750,-72.829668
3498.046875,-71.493996
3500.000000,-79.656960
3501.953125,-82.543493
3503.906250,-69.859096
3505.859375,-65.597610
3507.812500,-69.259925
3509.765625,-86.362231
3511.718750,-81.442532
3513.671875,-79.389970
3515.625000,-87.773223
3517.578125,-82.079994
3519.531250,-70.453841
3521.484375,-72.430859
3523.437500,-70.792606
3525.390625,-69.181538
3527.343750,-73.231775
3529.296875,-89.121815
3531.250000,-71.345656
3533.203125,-68.861124
3535.156250,-68.559937
3537.109375,-66.560182
3539.062500,-66.237584
3541.015625,-69.195118
3542.968750,-79.070742
3544.921875,-78.522473
3546.875000,-75.942257
3548.828125,-73.222244
3550.781250,-76.164491
3552.734375,-89.757525
3554.687500,-97.553103
3556.640625,-72.940678
3558.593750,-76.584061
3560.546875,-75.985352
3562.500000,-80.522538
3564.453125,-72.559915
3566.406250,-71.171691
3568.359375,-75.217158
3570.312500,-67.877593
3572.265625,-67.545621
3574.218750,-69.311026
3576.171875,-73.605592
3578.125000,-72.429726
3580.078125,-79.359684
3582.031250,-78.005477
3583.984375,-74.009737
3585.937500,-77.407339
3587.890625,-72.750614
3589.843750,-75.111361
3591.796875,-81.866478
3593.750000,-71.311802
3595.703125,-72.926568
3597.656250,-75.609659
3599.609375,-73.829036
3601.562500,-70.714654
3603.515625,-69.577964
3605.468750,-70.877394
3607.421875,-74.153839
3609.375000,-75.129627
3611.328125,-79.924529
3613.281250,-79.098262
3615.234375,-76.808996
3617.187500,-67.730826
3619.140625,-69.951205
3621.093750,-82.613485
3623.046875,-77.596844
3625.000000,-79.247439
3626.953125,-76.807546
3628.906250,-94.472313
3630.859375,-79.814451
3632.812500,-70.858496
3634.765625,-68.446117
3636.718750,-75.481465
3638.671875,-76.479633
3640.625000,-76.420125
3642.578125,-69.208015
3644.531250,-71.213252
3646.484375,-81.199780
3648.437500,-83.379556
3650.390625,-72.763953
3652.343750,-78.599663
3654.296875,-85.570177
3656.250000,-84.020015
3658.203125,-81.021403
3660.156250,-83.155624
3662.109375,-73.197266
3664.062500,-75.831678
3666.015625,-80.002246
3667.968750,-79.068773
3669.921875,-80.342951
3671.875000,-72.861355
3673.828125,-72.405471
3675.781250,-72.602276
3677.734375,-80.593640
3679.687500,-68.355556
3681.640625,-67.724422
3683.593750,-75.953600
3685.546875,-84.115744
3687.500000,-79.865228
3689.453125,-72.377342
3691.406250,-72.569429
3693.359375,-75.205861
3695.312500,-69.630729
3697.265625,-67.837367
3699.218750,-69.478971
3701.171875,-72.045633
3703.125000,-77.307377
3705.078125,-83.772955
3707.031250,-75.805415
3708.984375,-71.348115
3710.937500,-79.990354
3712.890625,-80.939212
3714.843750,-68.333244
3716.796875,-67.243695
3718.750000,-75.099435
3720.703125,-81.728175
3722.656250,-81.560311
3724.609375,-76.414019
3726.562500,-77.066516
3728.515625,-75.356860
3730.468750,-77.215721
3732.421875,-76.970332
3734.375000,-79.880372
3736.328125,-76.434203
3738.281250,-69.161598
3740.234375,-71.440984
3742.187500,-82.933402
3744.140625,-71.211443
3746.093750,-76.993643
3748.046875,-75.232025
3750.000000,-74.388319
3751.953125,-82.827657
3753.906250,-77.075716
3755.859375,-69.697925
3757.812500,-76.912801
3759.765625,-71.541686
3761.718750,-80.735255
3763.671875,-71.178509
3765.625000,-76.363670
3767.578125,-69.919663
3769.531250,-71.103171
3771.484375,-76.187147
3773.437500,-73.460120
3775.390625,-76.139144
3777.343750,-80.501239
3779.296875,-77.416268
3781.250000,-81.799999
3783.203125,-92.962832
3785.156250,-76.187203
3787.109375,-74.844626
3789.062500,-78.687809
3791.015625,-79.116221
3792.968750,-75.292874
3794.921875,-77.962260
3796.875000,-81.059096
3798.828125,-80.845799
3800.781250,-80.090157
3802.734375,-91.459307
3804.687500,-80.041988
3806.640625,-78.775759
3808.593750,-76.457094
3810.546875,-86.979331
3812.500000,-71.295761
3814.453125,-76.887880
3816.406250,-77.693502
3818.359375,-75.669027
3820.312500,-82.266381
3822.265625,-78.205793
3824.218750,-75.280356
3826.171875,-76.478957
3828.125000,-86.728783
3830.078125,-81.075215
3832.031250,-78.246906
3833.984375,-70.988074
3835.937500,-71.959021
3837.890625,-74.317310
3839.843750,-72.726462
3841.796875,-75.627263
3843.750000,-105.559518
3845.703125,-81.584947
3847.656250,-74.889179
3849.609375,-72.353009
3851.562500,-74.759006
3853.515625,-74.958964
3855.468750,-80.781897
3857.421875,-85.171341
3859.375000,-81.582645
3861.328125,-80.261955
3863.281250,-78.390572
3865.234375,-73.789255
3867.187500,-73.402205
3869.140625,-78.408198
3871.093750,-81.518307
3873.046875,-93.368865
3875.000000,-80.481800
3876.953125,-87.441655
3878.906250,-78.272686
3880.859375,-80.509908
3882.812500,-81.874310
3884.765625,-77.748179
3886.718750,-78.862906
3888.671875,-84.186350
3890.625000,-82.424377
3892.578125,-89.320952
3894.531250,-87.304277
3896.484375,-79.023476
3898.437500,-72.177573
3900.390625,-75.355657
3902.343750,-84.268015
3904.296875,-76.306119
3906.250000,-72.820386
3908.203125,-78.384857
3910.156250,-102.748008
3912.109375,-92.386440
3914.062500,-80.132910
3916.015625,-78.702289
3917.968750,-80.655807
3919.921875,-83.677218
3921.875000,-106.716604
3923.828125,-98.152523
3925.781250,-86.746344
3927.734375,-83.855109
3929.687500,-77.258535
3931.640625,-78.967889
3933.593750,-91.186759
3935.546875,-81.711931
3937.500000,-90.866279
3939.453125,-90.341993
3941.406250,-83.224620
3943.359375,-84.202711
3945.312500,-78.350649
3947.265625,-78.829661
3949.218750,-89.449723
3951.171875,-83.704577
3953.125000,-85.473292
3955.078125,-89.126071
3957.031250,-86.103944
3958.984375,-91.534703
3960.937500,-99.157140
3962.890625,-91.620727
3964.843750,-90.453811
3966.796875,-97.760365
3968.750000,-96.030580
3970.703125,-103.543404
3972.656250,-94.181596
3974.609375,-92.117884
3976.562500,-94.375791
3978.515625,-104.971370
3980.468750,-98.213579
3982.421875,-106.396603
3984.375000,-98.706891
3986.328125,-107.801848
3988.281250,-96.200573
3990.234375,-94.202148
3992.187500,-103.949852
3994.140625,-99.743218
3996.093750,-101.060897
3998.046875,-112.641389
